software,algorithm,pop_size,max_evals,fitness,fold,llm_model,reference_fitness_train,best_patch_fitness_train,change_perc_train,reference_fitness_validate,patch_fitness_validate,change_perc_validate,patch_length,search_time_minutes,Vt,Vc,llm_patches_requested,llm_malformed_patches,llm_missing_patches,llm_malformed_ratio,llm_missing_ratio,train_log,validate_log
minisat_hack,GeneticProgrammingUniformConcat,50,100,Perf<Cycles>,5,None,13498884717.0,13309267832.0,-1.405,36055870200.0,36151455832.0,0.265,1,9.81675,0.460,0.550,None,None,None,None,None,/home/pbermejo/GeneticImprovement/magpie/_magpie_logs/minisat_hack_1780474694_FOLD5.log,/home/pbermejo/GeneticImprovement/magpie/_magpie_logs/minisat_hack_1780993306_FOLD5-val_1780474694_GeneticProgrammingUniformConcat.log
minisat_hack,FirstImprovement,None,100,Perf<Cycles>,2,None,48678371338.0,9737002644.0,-79.997,1249269159.0,1552961496.0,24.31,7,9.65245,0.480,0.590,None,None,None,None,None,/home/pbermejo/GeneticImprovement/magpie/_magpie_logs/minisat_hack_1780474689_FOLD2.log,/home/pbermejo/GeneticImprovement/magpie/_magpie_logs/minisat_hack_1780993302_FOLD2-val_1780474689_FirstImprovement.log
minisat_hack,GeneticProgrammingUniformConcat,50,100,Perf<Cycles>,3,None,38019498878.0,37346061479.0,-1.771,11598906632.0,11645556472.0,0.402,1,11.240733333333333,0.570,0.640,None,None,None,None,None,/home/pbermejo/GeneticImprovement/magpie/_magpie_logs/minisat_hack_1780474693_FOLD3.log,/home/pbermejo/GeneticImprovement/magpie/_magpie_logs/minisat_hack_1780993307_FOLD3-val_1780474693_GeneticProgrammingUniformConcat.log
minisat_hack,UMDAAlgorithm,50,100,Perf<Cycles>,3,None,37823786421.0,37361805542.0,-1.221,11597865560.0,11610576121.0,0.11,2,12.247616666666666,0.460,0.530,None,None,None,None,None,/home/pbermejo/GeneticImprovement/magpie/_magpie_logs/minisat_hack_1780474698_FOLD3.log,/home/pbermejo/GeneticImprovement/magpie/_magpie_logs/minisat_hack_1780993308_FOLD3-val_1780474698_UMDAAlgorithm_None.log
minisat_hack,UMDAAlgorithm,50,100,Perf<Cycles>,5,None,13395445110.0,4970591387.0,-62.893,36235561572.0,6931606815.0,-80.871,2,13.40645,0.370,0.430,None,None,None,None,None,/home/pbermejo/GeneticImprovement/magpie/_magpie_logs/minisat_hack_1780474700_FOLD5.log,/home/pbermejo/GeneticImprovement/magpie/_magpie_logs/minisat_hack_1780993333_FOLD5-val_1780474700_UMDAAlgorithm_None.log
minisat_hack,GeneticProgrammingUniformConcat,50,100,Perf<Cycles>,1,None,49474985905.0,41445005535.0,-16.23,295964646.0,303380141.0,2.506,2,13.893233333333335,0.590,0.670,None,None,None,None,None,/home/pbermejo/GeneticImprovement/magpie/_magpie_logs/minisat_hack_1780474691_FOLD1.log,/home/pbermejo/GeneticImprovement/magpie/_magpie_logs/minisat_hack_1780993296_FOLD1-val_1780474691_GeneticProgrammingUniformConcat.log
minisat_hack,FirstImprovement,None,100,Perf<Cycles>,1,None,49418514416.0,10429243259.0,-78.896,292531142.0,298509903.0,2.044,4,14.301350000000001,0.380,0.480,None,None,None,None,None,/home/pbermejo/GeneticImprovement/magpie/_magpie_logs/minisat_hack_1780474690_FOLD1.log,/home/pbermejo/GeneticImprovement/magpie/_magpie_logs/minisat_hack_1780993297_FOLD1-val_1780474690_FirstImprovement.log
minisat_hack,FirstImprovement,None,100,Perf<Cycles>,5,None,13388349879.0,12633580598.0,-5.638,35909679173.0,35717404239.0,-0.535,5,15.497183333333334,0.360,0.520,None,None,None,None,None,/home/pbermejo/GeneticImprovement/magpie/_magpie_logs/minisat_hack_1780474699_FOLD5.log,/home/pbermejo/GeneticImprovement/magpie/_magpie_logs/minisat_hack_1780993332_FOLD5-val_1780474699_FirstImprovement.log
minisat_hack,GeneticProgrammingUniformConcat,50,100,Perf<Cycles>,2,None,48596053391.0,45846834623.0,-5.657,1254842422.0,1333955048.0,6.305,1,15.077833333333333,0.490,0.550,None,None,None,None,None,/home/pbermejo/GeneticImprovement/magpie/_magpie_logs/minisat_hack_1780474686_FOLD2.log,/home/pbermejo/GeneticImprovement/magpie/_magpie_logs/minisat_hack_1780993298_FOLD2-val_1780474686_GeneticProgrammingUniformConcat.log
minisat_hack,UMDAAlgorithm,50,100,Perf<Cycles>,2,None,48308445188.0,45281409398.0,-6.266,1250776882.0,1335356305.0,6.762,1,16.56905,0.430,0.510,None,None,None,None,None,/home/pbermejo/GeneticImprovement/magpie/_magpie_logs/minisat_hack_1780474696_FOLD2.log,/home/pbermejo/GeneticImprovement/magpie/_magpie_logs/minisat_hack_1780993303_FOLD2-val_1780474696_UMDAAlgorithm_None.log
minisat_hack,FirstImprovement,None,100,Perf<Cycles>,4,None,49715346841.0,10613104445.0,-78.652,288080562.0,45591132.0,-84.174,5,16.8239,0.450,0.550,None,None,None,None,None,/home/pbermejo/GeneticImprovement/magpie/_magpie_logs/minisat_hack_1780474692_FOLD4.log,/home/pbermejo/GeneticImprovement/magpie/_magpie_logs/minisat_hack_1780993301_FOLD4-val_1780474692_FirstImprovement.log
minisat_hack,UMDAAlgorithm,50,100,Perf<Cycles>,1,None,49115870709.0,41140260265.0,-16.238,294368300.0,304922928.0,3.586,1,17.688566666666667,0.480,0.630,None,None,None,None,None,/home/pbermejo/GeneticImprovement/magpie/_magpie_logs/minisat_hack_1780474697_FOLD1.log,/home/pbermejo/GeneticImprovement/magpie/_magpie_logs/minisat_hack_1780993304_FOLD1-val_1780474697_UMDAAlgorithm_None.log
minisat_hack,GeneticProgrammingUniformConcat,50,100,Perf<Cycles>,4,None,49294047978.0,11658230553.0,-76.35,288586569.0,287277886.0,-0.453,2,17.990416666666665,0.600,0.680,None,None,None,None,None,/home/pbermejo/GeneticImprovement/magpie/_magpie_logs/minisat_hack_1780474687_FOLD4.log,/home/pbermejo/GeneticImprovement/magpie/_magpie_logs/minisat_hack_1780993299_FOLD4-val_1780474687_GeneticProgrammingUniformConcat.log
minisat_hack,FirstImprovement,None,100,Perf<Cycles>,3,None,38093860592.0,34591410505.0,-9.194,11794687661.0,20574172166.0,74.436,5,18.696583333333333,0.450,0.570,None,None,None,None,None,/home/pbermejo/GeneticImprovement/magpie/_magpie_logs/minisat_hack_1780474688_FOLD3.log,/home/pbermejo/GeneticImprovement/magpie/_magpie_logs/minisat_hack_1780993300_FOLD3-val_1780474688_FirstImprovement.log
minisat_hack,UMDAAlgorithm,50,100,Perf<Cycles>,4,None,48988550257.0,40638965217.0,-17.044,288782555.0,39910438.0,-86.18,2,20.947366666666667,0.490,0.590,None,None,None,None,None,/home/pbermejo/GeneticImprovement/magpie/_magpie_logs/minisat_hack_1780474695_FOLD4.log,/home/pbermejo/GeneticImprovement/magpie/_magpie_logs/minisat_hack_1780993305_FOLD4-val_1780474695_UMDAAlgorithm_None.log
minisat_hack,RandomSearch,None,100,Perf<Cycles>,5,None,14052066692.0,13310433683.0,-5.278,36075256717.0,35827495418.0,-0.687,1,10.819716666666666,0.270,0.400,None,None,None,None,None,/home/pbermejo/GeneticImprovement/magpie/_magpie_logs/minisat_hack_1780475660_FOLD5.log,/home/pbermejo/GeneticImprovement/magpie/_magpie_logs/minisat_hack_1780993326_FOLD5-val_1780475660_RandomSearch.log
minisat_hack,RandomSearch,None,100,Perf<Cycles>,2,None,48538062502.0,10691532662.0,-77.973,1248800200.0,1244590804.0,-0.337,1,13.204749999999999,0.280,0.380,None,None,None,None,None,/home/pbermejo/GeneticImprovement/magpie/_magpie_logs/minisat_hack_1780475590_FOLD2.log,/home/pbermejo/GeneticImprovement/magpie/_magpie_logs/minisat_hack_1780993329_FOLD2-val_1780475590_RandomSearch.log
minisat_hack,RandomSearch,None,100,Perf<Cycles>,3,None,38086944264.0,25181218978.0,-33.885,11664915337.0,13824572841.0,18.514,1,13.913833333333335,0.340,0.470,None,None,None,None,None,/home/pbermejo/GeneticImprovement/magpie/_magpie_logs/minisat_hack_1780475615_FOLD3.log,/home/pbermejo/GeneticImprovement/magpie/_magpie_logs/minisat_hack_1780993331_FOLD3-val_1780475615_RandomSearch.log
minisat_hack,RandomSearch,None,100,Perf<Cycles>,1,None,48991736585.0,11584093895.0,-76.355,292495520.0,290886931.0,-0.55,1,17.312116666666668,0.300,0.420,None,None,None,None,None,/home/pbermejo/GeneticImprovement/magpie/_magpie_logs/minisat_hack_1780475532_FOLD1.log,/home/pbermejo/GeneticImprovement/magpie/_magpie_logs/minisat_hack_1780993335_FOLD1-val_1780475532_RandomSearch.log
minisat_hack,RandomSearch,None,100,Perf<Cycles>,4,None,48864854875.0,31207686790.0,-36.135,287692689.0,37642689.0,-86.916,1,22.547666666666665,0.430,0.530,None,None,None,None,None,/home/pbermejo/GeneticImprovement/magpie/_magpie_logs/minisat_hack_1780475657_FOLD4.log,/home/pbermejo/GeneticImprovement/magpie/_magpie_logs/minisat_hack_1780993337_FOLD4-val_1780475657_RandomSearch.log
minisat_hack,GeneticProgrammingUniformConcat,50,250,Perf<Cycles>,5,None,13463961512.0,4925894018.0,-63.414,36221061393.0,7007652948.0,-80.653,1,15.353866666666667,0.708,0.752,None,None,None,None,None,/home/pbermejo/GeneticImprovement/magpie/_magpie_logs/minisat_hack_1780477244_FOLD5.log,/home/pbermejo/GeneticImprovement/magpie/_magpie_logs/minisat_hack_1780993328_FOLD5-val_1780477244_GeneticProgrammingUniformConcat.log
minisat_hack,GeneticProgrammingUniformConcat,50,250,Perf<Cycles>,1,None,49245712660.0,30605961849.0,-37.851,292345255.0,464230253.0,58.795,2,29.077266666666667,0.744,0.796,None,None,None,None,None,/home/pbermejo/GeneticImprovement/magpie/_magpie_logs/minisat_hack_1780477082_FOLD1.log,/home/pbermejo/GeneticImprovement/magpie/_magpie_logs/minisat_hack_1780993334_FOLD1-val_1780477082_GeneticProgrammingUniformConcat.log
minisat_hack,GeneticProgrammingUniformConcat,50,250,Perf<Cycles>,3,None,38026499924.0,4726552319.0,-87.57,11629673064.0,1367952948.0,-88.237,2,28.341633333333334,0.768,0.828,None,None,None,None,None,/home/pbermejo/GeneticImprovement/magpie/_magpie_logs/minisat_hack_1780477150_FOLD3.log,/home/pbermejo/GeneticImprovement/magpie/_magpie_logs/minisat_hack_1780993327_FOLD3-val_1780477150_GeneticProgrammingUniformConcat.log
minisat_hack,GeneticProgrammingUniformConcat,50,250,Perf<Cycles>,2,None,48541281354.0,23828562908.0,-50.911,1247485524.0,1201444538.0,-3.691,2,30.713216666666664,0.696,0.736,None,None,None,None,None,/home/pbermejo/GeneticImprovement/magpie/_magpie_logs/minisat_hack_1780477099_FOLD2.log,/home/pbermejo/GeneticImprovement/magpie/_magpie_logs/minisat_hack_1780993330_FOLD2-val_1780477099_GeneticProgrammingUniformConcat.log
minisat_hack,GeneticProgrammingUniformConcat,50,250,Perf<Cycles>,4,None,48947340610.0,11518795819.0,-76.467,288162263.0,287129017.0,-0.359,1,42.10305,0.760,0.816,None,None,None,None,None,/home/pbermejo/GeneticImprovement/magpie/_magpie_logs/minisat_hack_1780477186_FOLD4.log,/home/pbermejo/GeneticImprovement/magpie/_magpie_logs/minisat_hack_1780993336_FOLD4-val_1780477186_GeneticProgrammingUniformConcat.log
minisat_hack,FirstImprovement,None,250,Perf<Cycles>,5,None,13416126923.0,4888310514.0,-63.564,36046708752.0,6918163863.0,-80.808,6,26.565549999999998,0.528,0.616,None,None,None,None,None,/home/pbermejo/GeneticImprovement/magpie/_magpie_logs/minisat_hack_1780478693_FOLD5.log,/home/pbermejo/GeneticImprovement/magpie/_magpie_logs/minisat_hack_1780993364_FOLD5-val_1780478693_FirstImprovement.log
minisat_hack,FirstImprovement,None,250,Perf<Cycles>,1,None,48932518827.0,5057123107.0,-89.665,293990217.0,1038277637.0,253.167,6,41.03828333333333,0.496,0.604,None,None,None,None,None,/home/pbermejo/GeneticImprovement/magpie/_magpie_logs/minisat_hack_1780478207_FOLD1.log,/home/pbermejo/GeneticImprovement/magpie/_magpie_logs/minisat_hack_1780993339_FOLD1-val_1780478207_FirstImprovement.log
minisat_hack,FirstImprovement,None,250,Perf<Cycles>,2,None,47929525644.0,9675429941.0,-79.813,1255122602.0,1569176523.0,25.022,9,42.68866666666667,0.456,0.616,None,None,None,None,None,/home/pbermejo/GeneticImprovement/magpie/_magpie_logs/minisat_hack_1780478292_FOLD2.log,/home/pbermejo/GeneticImprovement/magpie/_magpie_logs/minisat_hack_1780993338_FOLD2-val_1780478292_FirstImprovement.log
minisat_hack,FirstImprovement,None,250,Perf<Cycles>,4,None,48901180090.0,3385369063.0,-93.077,287720536.0,39584437.0,-86.242,7,42.886783333333334,0.468,0.592,None,None,None,None,None,/home/pbermejo/GeneticImprovement/magpie/_magpie_logs/minisat_hack_1780478601_FOLD4.log,/home/pbermejo/GeneticImprovement/magpie/_magpie_logs/minisat_hack_1780993340_FOLD4-val_1780478601_FirstImprovement.log
minisat_hack,FirstImprovement,None,250,Perf<Cycles>,3,None,37676448147.0,33804657706.0,-10.276,11621062931.0,20653420155.0,77.724,8,47.03151666666667,0.444,0.588,None,None,None,None,None,/home/pbermejo/GeneticImprovement/magpie/_magpie_logs/minisat_hack_1780478388_FOLD3.log,/home/pbermejo/GeneticImprovement/magpie/_magpie_logs/minisat_hack_1780993341_FOLD3-val_1780478388_FirstImprovement.log
minisat_hack,UMDAAlgorithm,50,250,Perf<Cycles>,5,None,13485867382.0,4935465877.0,-63.403,36278571744.0,6927727408.0,-80.904,2,21.50025,0.568,0.616,None,None,None,None,None,/home/pbermejo/GeneticImprovement/magpie/_magpie_logs/minisat_hack_1780480859_FOLD5.log,/home/pbermejo/GeneticImprovement/magpie/_magpie_logs/minisat_hack_1780993358_FOLD5-val_1780480859_UMDAAlgorithm_None.log
minisat_hack,UMDAAlgorithm,50,250,Perf<Cycles>,1,None,49379570535.0,41307960605.0,-16.346,293809332.0,302642630.0,3.006,2,34.13296666666667,0.576,0.652,None,None,None,None,None,/home/pbermejo/GeneticImprovement/magpie/_magpie_logs/minisat_hack_1780480289_FOLD1.log,/home/pbermejo/GeneticImprovement/magpie/_magpie_logs/minisat_hack_1780993357_FOLD1-val_1780480289_UMDAAlgorithm_None.log
minisat_hack,UMDAAlgorithm,50,250,Perf<Cycles>,2,None,47979180466.0,37904865247.0,-20.997,1249908151.0,890761367.0,-28.734,2,45.241099999999996,0.576,0.668,None,None,None,None,None,/home/pbermejo/GeneticImprovement/magpie/_magpie_logs/minisat_hack_1780480349_FOLD2.log,/home/pbermejo/GeneticImprovement/magpie/_magpie_logs/minisat_hack_1780993360_FOLD2-val_1780480349_UMDAAlgorithm_None.log
minisat_hack,UMDAAlgorithm,50,250,Perf<Cycles>,3,None,37614180917.0,25142039417.0,-33.158,11696031282.0,14639399832.0,25.166,2,42.92321666666667,0.540,0.664,None,None,None,None,None,/home/pbermejo/GeneticImprovement/magpie/_magpie_logs/minisat_hack_1780480769_FOLD3.log,/home/pbermejo/GeneticImprovement/magpie/_magpie_logs/minisat_hack_1780993361_FOLD3-val_1780480769_UMDAAlgorithm_None.log
minisat_hack,UMDAAlgorithm,50,250,Perf<Cycles>,4,None,49589514243.0,40809247553.0,-17.706,286812912.0,38885745.0,-86.442,2,44.704566666666665,0.592,0.692,None,None,None,None,None,/home/pbermejo/GeneticImprovement/magpie/_magpie_logs/minisat_hack_1780480799_FOLD4.log,/home/pbermejo/GeneticImprovement/magpie/_magpie_logs/minisat_hack_1780993356_FOLD4-val_1780480799_UMDAAlgorithm_None.log
minisat_hack,RandomSearch,None,250,Perf<Cycles>,5,None,13472428015.0,4936060423.0,-63.362,36051253617.0,6976622627.0,-80.648,1,29.2781,0.288,0.456,None,None,None,None,None,/home/pbermejo/GeneticImprovement/magpie/_magpie_logs/minisat_hack_1780483318_FOLD5.log,/home/pbermejo/GeneticImprovement/magpie/_magpie_logs/minisat_hack_1780993368_FOLD5-val_1780483318_RandomSearch.log
minisat_hack,RandomSearch,None,250,Perf<Cycles>,1,None,49330438734.0,11618123567.0,-76.448,292992430.0,291616883.0,-0.469,1,41.02333333333333,0.284,0.420,None,None,None,None,None,/home/pbermejo/GeneticImprovement/magpie/_magpie_logs/minisat_hack_1780483122_FOLD1.log,/home/pbermejo/GeneticImprovement/magpie/_magpie_logs/minisat_hack_1780993363_FOLD1-val_1780483122_RandomSearch.log
minisat_hack,RandomSearch,None,250,Perf<Cycles>,3,None,37919897948.0,8805250047.0,-76.779,11648878353.0,3136811118.0,-73.072,1,44.45601666666666,0.336,0.476,None,None,None,None,None,/home/pbermejo/GeneticImprovement/magpie/_magpie_logs/minisat_hack_1780483153_FOLD3.log,/home/pbermejo/GeneticImprovement/magpie/_magpie_logs/minisat_hack_1780993362_FOLD3-val_1780483153_RandomSearch.log
minisat_hack,RandomSearch,None,250,Perf<Cycles>,2,None,48589777085.0,1202606757.0,-97.525,1248785077.0,199667892.0,-84.011,1,51.928666666666665,0.324,0.456,None,None,None,None,None,/home/pbermejo/GeneticImprovement/magpie/_magpie_logs/minisat_hack_1780483154_FOLD2.log,/home/pbermejo/GeneticImprovement/magpie/_magpie_logs/minisat_hack_1780993359_FOLD2-val_1780483154_RandomSearch.log
minisat_hack,RandomSearch,None,250,Perf<Cycles>,4,None,49485121529.0,31344633189.0,-36.658,287669413.0,37810404.0,-86.856,1,58.06731666666667,0.384,0.520,None,None,None,None,None,/home/pbermejo/GeneticImprovement/magpie/_magpie_logs/minisat_hack_1780483289_FOLD4.log,/home/pbermejo/GeneticImprovement/magpie/_magpie_logs/minisat_hack_1780993370_FOLD4-val_1780483289_RandomSearch.log
minisat_hack,GeneticProgrammingUniformConcat,50,500,Perf<Cycles>,5,None,13475072557.0,12599310295.0,-6.499,36064642620.0,34606227014.0,-4.044,3,41.56626666666667,0.760,0.806,None,None,None,None,None,/home/pbermejo/GeneticImprovement/magpie/_magpie_logs/minisat_hack_1780487279_FOLD5.log,/home/pbermejo/GeneticImprovement/magpie/_magpie_logs/minisat_hack_1780993387_FOLD5-val_1780487279_GeneticProgrammingUniformConcat.log
minisat_hack,GeneticProgrammingUniformConcat,50,500,Perf<Cycles>,2,None,48497943794.0,45025538779.0,-7.16,1250540340.0,1322910801.0,5.787,5,76.14421666666667,0.788,0.820,None,None,None,None,None,/home/pbermejo/GeneticImprovement/magpie/_magpie_logs/minisat_hack_1780486350_FOLD2.log,/home/pbermejo/GeneticImprovement/magpie/_magpie_logs/minisat_hack_1780993366_FOLD2-val_1780486350_GeneticProgrammingUniformConcat.log
minisat_hack,GeneticProgrammingUniformConcat,50,500,Perf<Cycles>,3,None,37997094524.0,4703535155.0,-87.621,11598636076.0,1368132537.0,-88.204,4,73.80096666666667,0.810,0.846,None,None,None,None,None,/home/pbermejo/GeneticImprovement/magpie/_magpie_logs/minisat_hack_1780486859_FOLD3.log,/home/pbermejo/GeneticImprovement/magpie/_magpie_logs/minisat_hack_1780993367_FOLD3-val_1780486859_GeneticProgrammingUniformConcat.log
minisat_hack,GeneticProgrammingUniformConcat,50,500,Perf<Cycles>,4,None,49591523296.0,6801422894.0,-86.285,288332064.0,756008440.0,162.201,4,71.8811,0.800,0.844,None,None,None,None,None,/home/pbermejo/GeneticImprovement/magpie/_magpie_logs/minisat_hack_1780487159_FOLD4.log,/home/pbermejo/GeneticImprovement/magpie/_magpie_logs/minisat_hack_1780993369_FOLD4-val_1780487159_GeneticProgrammingUniformConcat.log
minisat_hack,GeneticProgrammingUniformConcat,50,500,Perf<Cycles>,1,None,49735767668.0,21720856546.0,-56.327,294363905.0,2059685203.0,599.707,5,89.28155,0.796,0.844,None,None,None,None,None,/home/pbermejo/GeneticImprovement/magpie/_magpie_logs/minisat_hack_1780486351_FOLD1.log,/home/pbermejo/GeneticImprovement/magpie/_magpie_logs/minisat_hack_1780993365_FOLD1-val_1780486351_GeneticProgrammingUniformConcat.log
minisat_hack,FirstImprovement,None,500,Perf<Cycles>,1,None,49434919419.0,3984185275.0,-91.941,293029178.0,519830698.0,77.399,12,50.189616666666666,0.508,0.614,None,None,None,None,None,/home/pbermejo/GeneticImprovement/magpie/_magpie_logs/minisat_hack_1780489080_FOLD1.log,/home/pbermejo/GeneticImprovement/magpie/_magpie_logs/minisat_hack_1780993394_FOLD1-val_1780489080_FirstImprovement.log
minisat_hack,FirstImprovement,None,500,Perf<Cycles>,2,None,48490564984.0,5584473480.0,-88.483,1249079071.0,1119857789.0,-10.345,18,56.95931666666667,0.564,0.646,None,None,None,None,None,/home/pbermejo/GeneticImprovement/magpie/_magpie_logs/minisat_hack_1780489200_FOLD2.log,/home/pbermejo/GeneticImprovement/magpie/_magpie_logs/minisat_hack_1780993389_FOLD2-val_1780489200_FirstImprovement.log
minisat_hack,FirstImprovement,None,500,Perf<Cycles>,5,None,13478270944.0,382301053.0,-97.164,36023400403.0,248339130.0,-99.311,10,52.33575,0.520,0.650,None,None,None,None,None,/home/pbermejo/GeneticImprovement/magpie/_magpie_logs/minisat_hack_1780489829_FOLD5.log,/home/pbermejo/GeneticImprovement/magpie/_magpie_logs/minisat_hack_1780993391_FOLD5-val_1780489829_FirstImprovement.log
minisat_hack,FirstImprovement,None,500,Perf<Cycles>,3,None,37990614587.0,1838129921.0,-95.162,11591124833.0,797527815.0,-93.119,7,73.72381666666666,0.414,0.532,None,None,None,None,None,/home/pbermejo/GeneticImprovement/magpie/_magpie_logs/minisat_hack_1780489649_FOLD3.log,/home/pbermejo/GeneticImprovement/magpie/_magpie_logs/minisat_hack_1780993392_FOLD3-val_1780489649_FirstImprovement.log
minisat_hack,FirstImprovement,None,500,Perf<Cycles>,4,None,49802357374.0,6251602243.0,-87.447,296201645.0,39013167.0,-86.829,10,80.57768333333334,0.506,0.620,None,None,None,None,None,/home/pbermejo/GeneticImprovement/magpie/_magpie_logs/minisat_hack_1780489769_FOLD4.log,/home/pbermejo/GeneticImprovement/magpie/_magpie_logs/minisat_hack_1780993395_FOLD4-val_1780489769_FirstImprovement.log
minisat_hack,UMDAAlgorithm,50,500,Perf<Cycles>,5,None,13538806697.0,3002465153.0,-77.823,36358984451.0,2916630137.0,-91.978,2,44.333083333333335,0.580,0.670,None,None,None,None,None,/home/pbermejo/GeneticImprovement/magpie/_magpie_logs/minisat_hack_1780493970_FOLD5.log,/home/pbermejo/GeneticImprovement/magpie/_magpie_logs/minisat_hack_1780993399_FOLD5-val_1780493970_UMDAAlgorithm_None.log
minisat_hack,UMDAAlgorithm,50,500,Perf<Cycles>,1,None,49673807639.0,37343777006.0,-24.822,292934425.0,307207180.0,4.872,2,86.84639999999999,0.598,0.690,None,None,None,None,None,/home/pbermejo/GeneticImprovement/magpie/_magpie_logs/minisat_hack_1780493251_FOLD1.log,/home/pbermejo/GeneticImprovement/magpie/_magpie_logs/minisat_hack_1780993388_FOLD1-val_1780493251_UMDAAlgorithm_None.log
minisat_hack,UMDAAlgorithm,50,500,Perf<Cycles>,2,None,48573615859.0,1162939651.0,-97.606,1248618054.0,199957353.0,-83.986,2,91.25055,0.584,0.676,None,None,None,None,None,/home/pbermejo/GeneticImprovement/magpie/_magpie_logs/minisat_hack_1780493490_FOLD2.log,/home/pbermejo/GeneticImprovement/magpie/_magpie_logs/minisat_hack_1780993390_FOLD2-val_1780493490_UMDAAlgorithm_None.log
minisat_hack,UMDAAlgorithm,50,500,Perf<Cycles>,4,None,49639383682.0,5824322605.0,-88.267,287803748.0,287486964.0,-0.11,2,101.98118333333333,0.608,0.702,None,None,None,None,None,/home/pbermejo/GeneticImprovement/magpie/_magpie_logs/minisat_hack_1780493790_FOLD4.log,/home/pbermejo/GeneticImprovement/magpie/_magpie_logs/minisat_hack_1780993393_FOLD4-val_1780493790_UMDAAlgorithm_None.log
minisat_hack,UMDAAlgorithm,50,500,Perf<Cycles>,3,None,38028969782.0,8837738091.0,-76.761,11587487962.0,3118953630.0,-73.083,2,106.90296666666667,0.600,0.700,None,None,None,None,None,/home/pbermejo/GeneticImprovement/magpie/_magpie_logs/minisat_hack_1780493610_FOLD3.log,/home/pbermejo/GeneticImprovement/magpie/_magpie_logs/minisat_hack_1780993386_FOLD3-val_1780493610_UMDAAlgorithm_None.log
minisat_hack,RandomSearch,None,500,Perf<Cycles>,1,None,49566460450.0,11609469069.0,-76.578,331215223.0,327799903.0,-1.031,1,93.59628333333333,0.308,0.442,None,None,None,None,None,/home/pbermejo/GeneticImprovement/magpie/_magpie_logs/minisat_hack_1780498822_FOLD1.log,/home/pbermejo/GeneticImprovement/magpie/_magpie_logs/minisat_hack_1781712842_FOLD1-val_1780498822_RandomSearch.log
minisat_hack,RandomSearch,None,500,Perf<Cycles>,3,None,38142576175.0,4788414878.0,-87.446,14930479120.0,1659919413.0,-88.882,1,110.50493333333334,0.330,0.490,None,None,None,None,None,/home/pbermejo/GeneticImprovement/magpie/_magpie_logs/minisat_hack_1780499512_FOLD3.log,/home/pbermejo/GeneticImprovement/magpie/_magpie_logs/minisat_hack_1781712843_FOLD3-val_1780499512_RandomSearch.log
minisat_hack,RandomSearch,None,500,Perf<Cycles>,2,None,48522326040.0,1203482268.0,-97.52,1524509385.0,224847986.0,-85.251,1,119.07428333333334,0.312,0.438,None,None,None,None,None,/home/pbermejo/GeneticImprovement/magpie/_magpie_logs/minisat_hack_1780499038_FOLD2.log,/home/pbermejo/GeneticImprovement/magpie/_magpie_logs/minisat_hack_1781712844_FOLD2-val_1780499038_RandomSearch.log
minisat_hack,RandomSearch,None,500,Perf<Cycles>,5,None,13571906991.0,942516350.0,-93.055,47200159923.0,530084720.0,-98.877,1,107.00321666666667,0.320,0.502,None,None,None,None,None,/home/pbermejo/GeneticImprovement/magpie/_magpie_logs/minisat_hack_1780499984_FOLD5.log,/home/pbermejo/GeneticImprovement/magpie/_magpie_logs/minisat_hack_1781712846_FOLD5-val_1780499984_RandomSearch.log
minisat_hack,RandomSearch,None,500,Perf<Cycles>,4,None,49599651934.0,31385357354.0,-36.723,333363120.0,41490384.0,-87.554,1,119.10533333333333,0.352,0.486,None,None,None,None,None,/home/pbermejo/GeneticImprovement/magpie/_magpie_logs/minisat_hack_1780499620_FOLD4.log,/home/pbermejo/GeneticImprovement/magpie/_magpie_logs/minisat_hack_1781712845_FOLD4-val_1780499620_RandomSearch.log
minisat_hack,GeneticProgrammingUniformConcat,50,750,Perf<Cycles>,5,None,13592463383.0,936245113.0,-93.112,36390461621.0,459066019.0,-98.738,3,54.20955,0.808,0.847,None,None,None,None,None,/home/pbermejo/GeneticImprovement/magpie/_magpie_logs/minisat_hack_1780507228_FOLD5.log,/home/pbermejo/GeneticImprovement/magpie/_magpie_logs/minisat_hack_1780993419_FOLD5-val_1780507228_GeneticProgrammingUniformConcat.log
minisat_hack,GeneticProgrammingUniformConcat,50,750,Perf<Cycles>,3,None,38145229221.0,4559629549.0,-88.047,11686255197.0,1363602335.0,-88.332,5,76.06375,0.825,0.861,None,None,None,None,None,/home/pbermejo/GeneticImprovement/magpie/_magpie_logs/minisat_hack_1780506836_FOLD3.log,/home/pbermejo/GeneticImprovement/magpie/_magpie_logs/minisat_hack_1780993418_FOLD3-val_1780506836_GeneticProgrammingUniformConcat.log
minisat_hack,GeneticProgrammingUniformConcat,50,750,Perf<Cycles>,1,None,49290046768.0,7396421237.0,-84.994,293918510.0,413840782.0,40.801,6,98.04096666666666,0.808,0.845,None,None,None,None,None,/home/pbermejo/GeneticImprovement/magpie/_magpie_logs/minisat_hack_1780506543_FOLD1.log,/home/pbermejo/GeneticImprovement/magpie/_magpie_logs/minisat_hack_1780993421_FOLD1-val_1780506543_GeneticProgrammingUniformConcat.log
minisat_hack,GeneticProgrammingUniformConcat,50,750,Perf<Cycles>,4,None,49492988672.0,1222443696.0,-97.53,288694783.0,44924580.0,-84.439,5,110.1704,0.816,0.860,None,None,None,None,None,/home/pbermejo/GeneticImprovement/magpie/_magpie_logs/minisat_hack_1780507186_FOLD4.log,/home/pbermejo/GeneticImprovement/magpie/_magpie_logs/minisat_hack_1780993422_FOLD4-val_1780507186_GeneticProgrammingUniformConcat.log
minisat_hack,GeneticProgrammingUniformConcat,50,750,Perf<Cycles>,2,None,48548199606.0,23621251197.0,-51.345,1248804275.0,1190470809.0,-4.671,5,137.7715,0.809,0.848,None,None,None,None,None,/home/pbermejo/GeneticImprovement/magpie/_magpie_logs/minisat_hack_1780506727_FOLD2.log,/home/pbermejo/GeneticImprovement/magpie/_magpie_logs/minisat_hack_1780993416_FOLD2-val_1780506727_GeneticProgrammingUniformConcat.log
minisat_hack,FirstImprovement,None,750,Perf<Cycles>,5,None,13484883420.0,1690798422.0,-87.462,36376124592.0,1419774245.0,-96.097,8,83.92178333333332,0.541,0.647,None,None,None,None,None,/home/pbermejo/GeneticImprovement/magpie/_magpie_logs/minisat_hack_1780512496_FOLD5.log,/home/pbermejo/GeneticImprovement/magpie/_magpie_logs/minisat_hack_1780993424_FOLD5-val_1780512496_FirstImprovement.log
minisat_hack,FirstImprovement,None,750,Perf<Cycles>,2,None,48543150119.0,4849944409.0,-90.009,1246316646.0,1165877529.0,-6.454,13,101.43693333333334,0.500,0.596,None,None,None,None,None,/home/pbermejo/GeneticImprovement/magpie/_magpie_logs/minisat_hack_1780511688_FOLD2.log,/home/pbermejo/GeneticImprovement/magpie/_magpie_logs/minisat_hack_1780993417_FOLD2-val_1780511688_FirstImprovement.log
minisat_hack,FirstImprovement,None,750,Perf<Cycles>,4,None,49464590249.0,6126337357.0,-87.615,287211668.0,39058894.0,-86.401,9,102.08635,0.417,0.540,None,None,None,None,None,/home/pbermejo/GeneticImprovement/magpie/_magpie_logs/minisat_hack_1780512292_FOLD4.log,/home/pbermejo/GeneticImprovement/magpie/_magpie_logs/minisat_hack_1780993423_FOLD4-val_1780512292_FirstImprovement.log
minisat_hack,FirstImprovement,None,750,Perf<Cycles>,1,None,49248191232.0,2110894458.0,-95.714,291595896.0,414572308.0,42.174,12,129.49686666666668,0.496,0.623,None,None,None,None,None,/home/pbermejo/GeneticImprovement/magpie/_magpie_logs/minisat_hack_1780511493_FOLD1.log,/home/pbermejo/GeneticImprovement/magpie/_magpie_logs/minisat_hack_1780993426_FOLD1-val_1780511493_FirstImprovement.log
minisat_hack,FirstImprovement,None,750,Perf<Cycles>,3,None,38150850803.0,27731292828.0,-27.311,11618078893.0,16207070400.0,39.499,7,150.04606666666666,0.384,0.511,None,None,None,None,None,/home/pbermejo/GeneticImprovement/magpie/_magpie_logs/minisat_hack_1780511951_FOLD3.log,/home/pbermejo/GeneticImprovement/magpie/_magpie_logs/minisat_hack_1780993425_FOLD3-val_1780511951_FirstImprovement.log
minisat_hack,UMDAAlgorithm,50,750,Perf<Cycles>,5,None,13409738028.0,3000590701.0,-77.624,36140162283.0,2922728504.0,-91.913,2,93.99591666666667,0.619,0.699,None,None,None,None,None,/home/pbermejo/GeneticImprovement/magpie/_magpie_logs/minisat_hack_1780521015_FOLD5.log,/home/pbermejo/GeneticImprovement/magpie/_magpie_logs/minisat_hack_1780993429_FOLD5-val_1780521015_UMDAAlgorithm_None.log
minisat_hack,UMDAAlgorithm,50,750,Perf<Cycles>,1,None,48919238868.0,11495775029.0,-76.501,291764410.0,289286513.0,-0.849,2,128.19819999999999,0.641,0.728,None,None,None,None,None,/home/pbermejo/GeneticImprovement/magpie/_magpie_logs/minisat_hack_1780519619_FOLD1.log,/home/pbermejo/GeneticImprovement/magpie/_magpie_logs/minisat_hack_1780993420_FOLD1-val_1780519619_UMDAAlgorithm_None.log
minisat_hack,UMDAAlgorithm,50,750,Perf<Cycles>,4,None,48851953789.0,38348079111.0,-21.501,288813501.0,42896659.0,-85.147,2,124.13785,0.653,0.716,None,None,None,None,None,/home/pbermejo/GeneticImprovement/magpie/_magpie_logs/minisat_hack_1780520586_FOLD4.log,/home/pbermejo/GeneticImprovement/magpie/_magpie_logs/minisat_hack_1780993427_FOLD4-val_1780520586_UMDAAlgorithm_None.log
minisat_hack,UMDAAlgorithm,50,750,Perf<Cycles>,3,None,37601496568.0,8042474974.0,-78.611,11664224795.0,3003868192.0,-74.247,2,139.95083333333332,0.645,0.731,None,None,None,None,None,/home/pbermejo/GeneticImprovement/magpie/_magpie_logs/minisat_hack_1780520458_FOLD3.log,/home/pbermejo/GeneticImprovement/magpie/_magpie_logs/minisat_hack_1780993428_FOLD3-val_1780520458_UMDAAlgorithm_None.log
minisat_hack,UMDAAlgorithm,50,750,Perf<Cycles>,2,None,47988430351.0,1087447980.0,-97.734,1247868093.0,192529371.0,-84.571,2,152.33695,0.613,0.683,None,None,None,None,None,/home/pbermejo/GeneticImprovement/magpie/_magpie_logs/minisat_hack_1780520434_FOLD2.log,/home/pbermejo/GeneticImprovement/magpie/_magpie_logs/minisat_hack_1780993430_FOLD2-val_1780520434_UMDAAlgorithm_None.log
minisat_hack,RandomSearch,None,750,Perf<Cycles>,5,None,13353186977.0,938355233.0,-92.973,35981775049.0,463079193.0,-98.713,1,130.239,0.321,0.499,None,None,None,None,None,/home/pbermejo/GeneticImprovement/magpie/_magpie_logs/minisat_hack_1780528914_FOLD5.log,/home/pbermejo/GeneticImprovement/magpie/_magpie_logs/minisat_hack_1780993451_FOLD5-val_1780528914_RandomSearch.log
minisat_hack,RandomSearch,None,750,Perf<Cycles>,1,None,49369556582.0,1108301861.0,-97.755,293324612.0,293978524.0,0.223,1,169.6071,0.317,0.456,None,None,None,None,None,/home/pbermejo/GeneticImprovement/magpie/_magpie_logs/minisat_hack_1780527392_FOLD1.log,/home/pbermejo/GeneticImprovement/magpie/_magpie_logs/minisat_hack_1780993448_FOLD1-val_1780527392_RandomSearch.log
minisat_hack,RandomSearch,None,750,Perf<Cycles>,3,None,37494686897.0,1089546510.0,-97.094,11621191455.0,310650241.0,-97.327,1,167.75765,0.332,0.491,None,None,None,None,None,/home/pbermejo/GeneticImprovement/magpie/_magpie_logs/minisat_hack_1780528104_FOLD3.log,/home/pbermejo/GeneticImprovement/magpie/_magpie_logs/minisat_hack_1780993450_FOLD3-val_1780528104_RandomSearch.log
minisat_hack,RandomSearch,None,750,Perf<Cycles>,4,None,49011028898.0,1242903408.0,-97.464,287707088.0,159445512.0,-44.581,1,182.36991666666665,0.356,0.504,None,None,None,None,None,/home/pbermejo/GeneticImprovement/magpie/_magpie_logs/minisat_hack_1780528244_FOLD4.log,/home/pbermejo/GeneticImprovement/magpie/_magpie_logs/minisat_hack_1780993454_FOLD4-val_1780528244_RandomSearch.log
minisat_hack,RandomSearch,None,750,Perf<Cycles>,2,None,48611954854.0,1202009881.0,-97.527,1249615192.0,199802058.0,-84.011,1,208.10426666666666,0.307,0.449,None,None,None,None,None,/home/pbermejo/GeneticImprovement/magpie/_magpie_logs/minisat_hack_1780527563_FOLD2.log,/home/pbermejo/GeneticImprovement/magpie/_magpie_logs/minisat_hack_1780993453_FOLD2-val_1780527563_RandomSearch.log
minisat_hack,GeneticProgrammingUniformConcat,50,1000,Perf<Cycles>,5,None,13552552521.0,824157843.0,-93.919,36090816801.0,442659496.0,-98.773,4,84.56469999999999,0.819,0.852,None,None,None,None,None,/home/pbermejo/GeneticImprovement/magpie/_magpie_logs/minisat_hack_1780540118_FOLD5.log,/home/pbermejo/GeneticImprovement/magpie/_magpie_logs/minisat_hack_1780993447_FOLD5-val_1780540118_GeneticProgrammingUniformConcat.log
minisat_hack,GeneticProgrammingUniformConcat,50,1000,Perf<Cycles>,3,None,37650135124.0,4561050575.0,-87.886,11603928328.0,1363877053.0,-88.246,6,96.32621666666667,0.829,0.863,None,None,None,None,None,/home/pbermejo/GeneticImprovement/magpie/_magpie_logs/minisat_hack_1780539652_FOLD3.log,/home/pbermejo/GeneticImprovement/magpie/_magpie_logs/minisat_hack_1780993455_FOLD3-val_1780539652_GeneticProgrammingUniformConcat.log
minisat_hack,GeneticProgrammingUniformConcat,50,1000,Perf<Cycles>,4,None,49342348314.0,9477617171.0,-80.792,287481512.0,44807503.0,-84.414,10,122.2499,0.826,0.863,None,None,None,None,None,/home/pbermejo/GeneticImprovement/magpie/_magpie_logs/minisat_hack_1780539947_FOLD4.log,/home/pbermejo/GeneticImprovement/magpie/_magpie_logs/minisat_hack_1780993449_FOLD4-val_1780539947_GeneticProgrammingUniformConcat.log
minisat_hack,GeneticProgrammingUniformConcat,50,1000,Perf<Cycles>,1,None,48912405405.0,7287783250.0,-85.1,293155080.0,429784561.0,46.607,7,139.89388333333332,0.826,0.870,None,None,None,None,None,/home/pbermejo/GeneticImprovement/magpie/_magpie_logs/minisat_hack_1780539257_FOLD1.log,/home/pbermejo/GeneticImprovement/magpie/_magpie_logs/minisat_hack_1780993456_FOLD1-val_1780539257_GeneticProgrammingUniformConcat.log
minisat_hack,GeneticProgrammingUniformConcat,50,1000,Perf<Cycles>,2,None,48553914681.0,5108905837.0,-89.478,1247556850.0,1237397176.0,-0.814,4,150.26805000000002,0.824,0.853,None,None,None,None,None,/home/pbermejo/GeneticImprovement/magpie/_magpie_logs/minisat_hack_1780539575_FOLD2.log,/home/pbermejo/GeneticImprovement/magpie/_magpie_logs/minisat_hack_1780993446_FOLD2-val_1780539575_GeneticProgrammingUniformConcat.log
minisat_hack,FirstImprovement,None,1000,Perf<Cycles>,1,None,48921931822.0,2434704927.0,-95.023,292845595.0,404187570.0,38.021,11,137.79623333333333,0.484,0.589,None,None,None,None,None,/home/pbermejo/GeneticImprovement/magpie/_magpie_logs/minisat_hack_1780545490_FOLD1.log,/home/pbermejo/GeneticImprovement/magpie/_magpie_logs/minisat_hack_1780993452_FOLD1-val_1780545490_FirstImprovement.log
minisat_hack,FirstImprovement,None,1000,Perf<Cycles>,2,None,48829476183.0,3017513590.0,-93.82,1249560056.0,881879980.0,-29.425,10,125.78348333333334,0.525,0.612,None,None,None,None,None,/home/pbermejo/GeneticImprovement/magpie/_magpie_logs/minisat_hack_1780547352_FOLD2.log,/home/pbermejo/GeneticImprovement/magpie/_magpie_logs/minisat_hack_1780993459_FOLD2-val_1780547352_FirstImprovement.log
minisat_hack,FirstImprovement,None,1000,Perf<Cycles>,4,None,49613372820.0,3275198001.0,-93.399,287194679.0,39052237.0,-86.402,19,107.63008333333333,0.500,0.621,None,None,None,None,None,/home/pbermejo/GeneticImprovement/magpie/_magpie_logs/minisat_hack_1780548659_FOLD4.log,/home/pbermejo/GeneticImprovement/magpie/_magpie_logs/minisat_hack_1780993460_FOLD4-val_1780548659_FirstImprovement.log
minisat_hack,FirstImprovement,None,1000,Perf<Cycles>,3,None,37649170818.0,3946159244.0,-89.519,11656458435.0,1475413720.0,-87.343,9,138.05343333333334,0.407,0.541,None,None,None,None,None,/home/pbermejo/GeneticImprovement/magpie/_magpie_logs/minisat_hack_1780547721_FOLD3.log,/home/pbermejo/GeneticImprovement/magpie/_magpie_logs/minisat_hack_1780993458_FOLD3-val_1780547721_FirstImprovement.log
minisat_hack,FirstImprovement,None,1000,Perf<Cycles>,5,None,13514364407.0,307485928.0,-97.725,36070914889.0,271469273.0,-99.247,19,109.50823333333332,0.521,0.640,None,None,None,None,None,/home/pbermejo/GeneticImprovement/magpie/_magpie_logs/minisat_hack_1780550384_FOLD5.log,/home/pbermejo/GeneticImprovement/magpie/_magpie_logs/minisat_hack_1780993457_FOLD5-val_1780550384_FirstImprovement.log
minisat_hack,UMDAAlgorithm,50,1000,Perf<Cycles>,3,None,38143976409.0,1083890299.0,-97.158,11655668105.0,308914581.0,-97.35,2,142.98776666666666,0.645,0.729,None,None,None,None,None,/home/pbermejo/GeneticImprovement/magpie/_magpie_logs/minisat_hack_1780559499_FOLD3.log,/home/pbermejo/GeneticImprovement/magpie/_magpie_logs/minisat_hack_1780993480_FOLD3-val_1780559499_UMDAAlgorithm_None.log
minisat_hack,UMDAAlgorithm,50,1000,Perf<Cycles>,1,None,49581865839.0,5771013770.0,-88.361,293412532.0,291497647.0,-0.653,2,163.41143333333332,0.640,0.719,None,None,None,None,None,/home/pbermejo/GeneticImprovement/magpie/_magpie_logs/minisat_hack_1780558544_FOLD1.log,/home/pbermejo/GeneticImprovement/magpie/_magpie_logs/minisat_hack_1780993479_FOLD1-val_1780558544_UMDAAlgorithm_None.log
minisat_hack,UMDAAlgorithm,50,1000,Perf<Cycles>,5,None,13493438554.0,3147562546.0,-76.673,36262360488.0,2902917830.0,-91.995,2,148.2322,0.646,0.741,None,None,None,None,None,/home/pbermejo/GeneticImprovement/magpie/_magpie_logs/minisat_hack_1780560163_FOLD5.log,/home/pbermejo/GeneticImprovement/magpie/_magpie_logs/minisat_hack_1780993482_FOLD5-val_1780560163_UMDAAlgorithm_None.log
minisat_hack,UMDAAlgorithm,50,1000,Perf<Cycles>,2,None,48714094162.0,2647572205.0,-94.565,1249321501.0,496319958.0,-60.273,2,202.22688333333332,0.640,0.709,None,None,None,None,None,/home/pbermejo/GeneticImprovement/magpie/_magpie_logs/minisat_hack_1780558659_FOLD2.log,/home/pbermejo/GeneticImprovement/magpie/_magpie_logs/minisat_hack_1780993485_FOLD2-val_1780558659_UMDAAlgorithm_None.log
minisat_hack,UMDAAlgorithm,50,1000,Perf<Cycles>,4,None,49423617701.0,1235211704.0,-97.501,287023893.0,158213370.0,-44.878,2,179.92794999999998,0.648,0.722,None,None,None,None,None,/home/pbermejo/GeneticImprovement/magpie/_magpie_logs/minisat_hack_1780560099_FOLD4.log,/home/pbermejo/GeneticImprovement/magpie/_magpie_logs/minisat_hack_1780993483_FOLD4-val_1780560099_UMDAAlgorithm_None.log
minisat_hack,RandomSearch,None,1000,Perf<Cycles>,1,None,49645609259.0,1107641279.0,-97.769,328713935.0,332330106.0,1.1,1,207.1231,0.313,0.468,None,None,None,None,None,/home/pbermejo/GeneticImprovement/magpie/_magpie_logs/minisat_hack_1780568687_FOLD1.log,/home/pbermejo/GeneticImprovement/magpie/_magpie_logs/minisat_hack_1781712839_FOLD1-val_1780568687_RandomSearch.log
minisat_hack,RandomSearch,None,1000,Perf<Cycles>,5,None,13536721853.0,939156730.0,-93.062,46288789626.0,538373466.0,-98.837,1,172.38515,0.316,0.481,None,None,None,None,None,/home/pbermejo/GeneticImprovement/magpie/_magpie_logs/minisat_hack_1780570861_FOLD5.log,/home/pbermejo/GeneticImprovement/magpie/_magpie_logs/minisat_hack_1781712837_FOLD5-val_1780570861_RandomSearch.log
minisat_hack,RandomSearch,None,1000,Perf<Cycles>,3,None,38076468526.0,1090948064.0,-97.135,14756690286.0,358139762.0,-97.573,1,219.53508333333332,0.334,0.487,None,None,None,None,None,/home/pbermejo/GeneticImprovement/magpie/_magpie_logs/minisat_hack_1780569091_FOLD3.log,/home/pbermejo/GeneticImprovement/magpie/_magpie_logs/minisat_hack_1781712841_FOLD3-val_1780569091_RandomSearch.log
minisat_hack,RandomSearch,None,1000,Perf<Cycles>,4,None,49798172292.0,1245366725.0,-97.499,329195040.0,177285475.0,-46.146,1,232.63163333333333,0.344,0.497,None,None,None,None,None,/home/pbermejo/GeneticImprovement/magpie/_magpie_logs/minisat_hack_1780569147_FOLD4.log,/home/pbermejo/GeneticImprovement/magpie/_magpie_logs/minisat_hack_1781712838_FOLD4-val_1780569147_RandomSearch.log
minisat_hack,RandomSearch,None,1000,Perf<Cycles>,2,None,48628939301.0,1206847171.0,-97.518,1506609111.0,227427536.0,-84.905,1,242.38506666666666,0.306,0.444,None,None,None,None,None,/home/pbermejo/GeneticImprovement/magpie/_magpie_logs/minisat_hack_1780569044_FOLD2.log,/home/pbermejo/GeneticImprovement/magpie/_magpie_logs/minisat_hack_1781712840_FOLD2-val_1780569044_RandomSearch.log
minisat_hack,UMDAAlgorithm,50,100,Perf<Cycles>,2,llama3.2:3b,48513740143.0,40794787327.0,-15.911,1247011606.0,1168737559.0,-6.277,1,17.526883333333334,0.340,0.470,49,48,1,0.98,0.02,/home/pbermejo/GeneticImprovement/magpie/_magpie_logs/minisat_hack_1781717177_FOLD2.log,/home/pbermejo/GeneticImprovement/magpie/_magpie_logs/minisat_hack_1782121796_FOLD2-val_1781717177_UMDAAlgorithm_llama3.2:3b.log
minisat_hack,UMDAAlgorithm,50,100,Perf<Cycles>,3,llama3.2:3b,38171460614.0,30225792288.0,-20.816,11700605214.0,11685634811.0,-0.128,1,14.78655,0.320,0.420,49,49,0,1.0,0.0,/home/pbermejo/GeneticImprovement/magpie/_magpie_logs/minisat_hack_1781717180_FOLD3.log,/home/pbermejo/GeneticImprovement/magpie/_magpie_logs/minisat_hack_1782121800_FOLD3-val_1781717180_UMDAAlgorithm_llama3.2:3b.log
minisat_hack,UMDAAlgorithm,50,100,Perf<Cycles>,5,llama3.2:3b,13515889207.0,12452277696.0,-7.869,36226320116.0,36725052699.0,1.377,1,17.758133333333333,0.580,0.680,49,0,0,0.0,0.0,/home/pbermejo/GeneticImprovement/magpie/_magpie_logs/minisat_hack_1781717178_FOLD5.log,/home/pbermejo/GeneticImprovement/magpie/_magpie_logs/minisat_hack_1782121799_FOLD5-val_1781717178_UMDAAlgorithm_llama3.2:3b.log
minisat_hack,UMDAAlgorithm,50,100,Perf<Cycles>,1,llama3.2:3b,49152045111.0,11621968044.0,-76.355,292260489.0,290322978.0,-0.663,1,17.016816666666667,0.300,0.420,49,0,49,0.0,1.0,/home/pbermejo/GeneticImprovement/magpie/_magpie_logs/minisat_hack_1781717179_FOLD1.log,/home/pbermejo/GeneticImprovement/magpie/_magpie_logs/minisat_hack_1782121798_FOLD1-val_1781717179_UMDAAlgorithm_llama3.2:3b.log
minisat_hack,UMDAAlgorithm,50,100,Perf<Cycles>,4,llama3.2:3b,49572625537.0,11658359071.0,-76.482,290237841.0,285871528.0,-1.504,1,16.7523,0.300,0.420,49,0,49,0.0,1.0,/home/pbermejo/GeneticImprovement/magpie/_magpie_logs/minisat_hack_1781717181_FOLD4.log,/home/pbermejo/GeneticImprovement/magpie/_magpie_logs/minisat_hack_1782121801_FOLD4-val_1781717181_UMDAAlgorithm_llama3.2:3b.log
minisat_hack,UMDAAlgorithm,50,250,Perf<Cycles>,5,llama3.2:3b,13499837627.0,4932885988.0,-63.46,36390348793.0,6989708520.0,-80.792,1,26.528683333333333,0.412,0.520,196,0,98,0.0,0.5,/home/pbermejo/GeneticImprovement/magpie/_magpie_logs/minisat_hack_1781718305_FOLD5.log,/home/pbermejo/GeneticImprovement/magpie/_magpie_logs/minisat_hack_1782121812_FOLD5-val_1781718305_UMDAAlgorithm_llama3.2:3b.log
minisat_hack,UMDAAlgorithm,50,250,Perf<Cycles>,2,llama3.2:3b,48295829517.0,1198162744.0,-97.519,1246482799.0,199520291.0,-83.993,1,49.153,0.356,0.504,196,129,50,0.658,0.255,/home/pbermejo/GeneticImprovement/magpie/_magpie_logs/minisat_hack_1781718275_FOLD2.log,/home/pbermejo/GeneticImprovement/magpie/_magpie_logs/minisat_hack_1782121806_FOLD2-val_1781718275_UMDAAlgorithm_llama3.2:3b.log
minisat_hack,UMDAAlgorithm,50,250,Perf<Cycles>,1,llama3.2:3b,49932892776.0,34657856567.0,-30.591,292397714.0,267182005.0,-8.624,1,39.83306666666667,0.308,0.444,196,96,51,0.49,0.26,/home/pbermejo/GeneticImprovement/magpie/_magpie_logs/minisat_hack_1781718154_FOLD1.log,/home/pbermejo/GeneticImprovement/magpie/_magpie_logs/minisat_hack_1782121802_FOLD1-val_1781718154_UMDAAlgorithm_llama3.2:3b.log
minisat_hack,UMDAAlgorithm,50,250,Perf<Cycles>,3,llama3.2:3b,38082411674.0,8779723216.0,-76.945,11667459068.0,3128760924.0,-73.184,1,38.64758333333334,0.396,0.532,196,96,51,0.49,0.26,/home/pbermejo/GeneticImprovement/magpie/_magpie_logs/minisat_hack_1781718274_FOLD3.log,/home/pbermejo/GeneticImprovement/magpie/_magpie_logs/minisat_hack_1782121807_FOLD3-val_1781718274_UMDAAlgorithm_llama3.2:3b.log
minisat_hack,UMDAAlgorithm,50,250,Perf<Cycles>,4,llama3.2:3b,49553411856.0,11672728555.0,-76.444,287176841.0,286694582.0,-0.168,1,41.06106666666667,0.332,0.456,196,146,50,0.745,0.255,/home/pbermejo/GeneticImprovement/magpie/_magpie_logs/minisat_hack_1781718304_FOLD4.log,/home/pbermejo/GeneticImprovement/magpie/_magpie_logs/minisat_hack_1782121809_FOLD4-val_1781718304_UMDAAlgorithm_llama3.2:3b.log
minisat_hack,UMDAAlgorithm,50,500,Perf<Cycles>,1,llama3.2:3b,49707992076.0,28242376364.0,-43.183,291983271.0,292982401.0,0.342,1,349.51275,0.446,0.560,441,147,100,0.333,0.227,/home/pbermejo/GeneticImprovement/magpie/_magpie_logs/minisat_hack_1781722238_FOLD1.log,/home/pbermejo/GeneticImprovement/magpie/_magpie_logs/minisat_hack_1782121815_FOLD1-val_1781722238_UMDAAlgorithm_llama3.2:3b.log
minisat_hack,UMDAAlgorithm,50,500,Perf<Cycles>,3,llama3.2:3b,38182043257.0,1096141884.0,-97.129,11685403674.0,310556602.0,-97.342,3,335.94106666666664,0.364,0.488,441,193,101,0.438,0.229,/home/pbermejo/GeneticImprovement/magpie/_magpie_logs/minisat_hack_1781722456_FOLD3.log,/home/pbermejo/GeneticImprovement/magpie/_magpie_logs/minisat_hack_1782121819_FOLD3-val_1781722456_UMDAAlgorithm_llama3.2:3b.log
minisat_hack,UMDAAlgorithm,50,500,Perf<Cycles>,5,llama3.2:3b,13496784303.0,6583561888.0,-51.221,36297147937.0,12122582908.0,-66.602,1,300.88745,0.492,0.614,441,147,0,0.333,0.0,/home/pbermejo/GeneticImprovement/magpie/_magpie_logs/minisat_hack_1781722735_FOLD5.log,/home/pbermejo/GeneticImprovement/magpie/_magpie_logs/minisat_hack_1782121827_FOLD5-val_1781722735_UMDAAlgorithm_llama3.2:3b.log
minisat_hack,UMDAAlgorithm,50,500,Perf<Cycles>,2,llama3.2:3b,48517051586.0,10633435947.0,-78.083,1248899403.0,1245655391.0,-0.26,1,350.5283,0.462,0.602,441,37,147,0.084,0.333,/home/pbermejo/GeneticImprovement/magpie/_magpie_logs/minisat_hack_1781722439_FOLD2.log,/home/pbermejo/GeneticImprovement/magpie/_magpie_logs/minisat_hack_1782121818_FOLD2-val_1781722439_UMDAAlgorithm_llama3.2:3b.log
minisat_hack,UMDAAlgorithm,50,500,Perf<Cycles>,4,llama3.2:3b,49335253000.0,1238118085.0,-97.49,290437788.0,158744995.0,-45.343,1,352.0540833333333,0.332,0.494,441,245,147,0.556,0.333,/home/pbermejo/GeneticImprovement/magpie/_magpie_logs/minisat_hack_1781722523_FOLD4.log,/home/pbermejo/GeneticImprovement/magpie/_magpie_logs/minisat_hack_1782121822_FOLD4-val_1781722523_UMDAAlgorithm_llama3.2:3b.log
minisat_hack,UMDAAlgorithm,50,750,Perf<Cycles>,1,llama3.2:3b,49974209863.0,11655366171.0,-76.677,293038951.0,290719986.0,-0.791,1,137.67365,0.339,0.519,686,417,171,0.608,0.249,/home/pbermejo/GeneticImprovement/magpie/_magpie_logs/minisat_hack_1781729404_FOLD1.log,/home/pbermejo/GeneticImprovement/magpie/_magpie_logs/minisat_hack_1782121825_FOLD1-val_1781729404_UMDAAlgorithm_llama3.2:3b.log
minisat_hack,UMDAAlgorithm,50,750,Perf<Cycles>,4,llama3.2:3b,49436237761.0,1240621868.0,-97.49,286984734.0,158183643.0,-44.881,1,139.49043333333333,0.465,0.595,686,310,103,0.452,0.15,/home/pbermejo/GeneticImprovement/magpie/_magpie_logs/minisat_hack_1781730094_FOLD4.log,/home/pbermejo/GeneticImprovement/magpie/_magpie_logs/minisat_hack_1782121832_FOLD4-val_1781730094_UMDAAlgorithm_llama3.2:3b.log
minisat_hack,UMDAAlgorithm,50,750,Perf<Cycles>,3,llama3.2:3b,38087282154.0,8794375666.0,-76.91,11751821927.0,3147872900.0,-73.214,1,113.75716666666668,0.401,0.537,686,155,333,0.226,0.485,/home/pbermejo/GeneticImprovement/magpie/_magpie_logs/minisat_hack_1781729765_FOLD3.log,/home/pbermejo/GeneticImprovement/magpie/_magpie_logs/minisat_hack_1782121829_FOLD3-val_1781729765_UMDAAlgorithm_llama3.2:3b.log
minisat_hack,UMDAAlgorithm,50,750,Perf<Cycles>,2,llama3.2:3b,48187985781.0,1194567700.0,-97.521,1247300343.0,198595019.0,-84.078,2,133.86451666666667,0.436,0.561,686,192,201,0.28,0.293,/home/pbermejo/GeneticImprovement/magpie/_magpie_logs/minisat_hack_1781729464_FOLD2.log,/home/pbermejo/GeneticImprovement/magpie/_magpie_logs/minisat_hack_1782121826_FOLD2-val_1781729464_UMDAAlgorithm_llama3.2:3b.log
minisat_hack,UMDAAlgorithm,50,750,Perf<Cycles>,5,llama3.2:3b,13496588771.0,3183628421.0,-76.412,36267029264.0,2934785493.0,-91.908,1,449.12173333333334,0.467,0.580,686,212,250,0.309,0.364,/home/pbermejo/GeneticImprovement/magpie/_magpie_logs/minisat_hack_1781732334_FOLD5.log,/home/pbermejo/GeneticImprovement/magpie/_magpie_logs/minisat_hack_1782121836_FOLD5-val_1781732334_UMDAAlgorithm_llama3.2:3b.log
minisat_hack,UMDAAlgorithm,50,1000,Perf<Cycles>,1,llama3.2:3b,49617850841.0,5820125188.0,-88.27,292348685.0,293646356.0,0.444,2,593.6673666666667,0.479,0.604,931,440,150,0.473,0.161,/home/pbermejo/GeneticImprovement/magpie/_magpie_logs/minisat_hack_1781744251_FOLD1.log,/home/pbermejo/GeneticImprovement/magpie/_magpie_logs/minisat_hack_1782121839_FOLD1-val_1781744251_UMDAAlgorithm_llama3.2:3b.log
minisat_hack,UMDAAlgorithm,50,100,Perf<Cycles>,1,qwen2.5-coder:7b,49178771421.0,41279003217.0,-16.063,295081189.0,304903027.0,3.329,1,18.826683333333335,0.450,0.580,49,1,0,0.02,0.0,/home/pbermejo/GeneticImprovement/magpie/_magpie_logs/minisat_hack_1781758175_FOLD1.log,/home/pbermejo/GeneticImprovement/magpie/_magpie_logs/minisat_hack_1782121848_FOLD1-val_1781758175_UMDAAlgorithm_qwen2.5-coder:7b.log
minisat_hack,UMDAAlgorithm,50,100,Perf<Cycles>,2,qwen2.5-coder:7b,48008587085.0,10634943251.0,-77.848,1248299069.0,1243593660.0,-0.377,1,20.38181666666667,0.440,0.540,49,33,0,0.673,0.0,/home/pbermejo/GeneticImprovement/magpie/_magpie_logs/minisat_hack_1781759383_FOLD2.log,/home/pbermejo/GeneticImprovement/magpie/_magpie_logs/minisat_hack_1782121847_FOLD2-val_1781759383_UMDAAlgorithm_qwen2.5-coder:7b.log
minisat_hack,UMDAAlgorithm,50,100,Perf<Cycles>,3,qwen2.5-coder:7b,38086209392.0,8781322493.0,-76.944,11708850024.0,3158654555.0,-73.023,1,61.258383333333335,0.410,0.520,49,40,0,0.816,0.0,/home/pbermejo/GeneticImprovement/magpie/_magpie_logs/minisat_hack_1781760066_FOLD3.log,/home/pbermejo/GeneticImprovement/magpie/_magpie_logs/minisat_hack_1782121850_FOLD3-val_1781760066_UMDAAlgorithm_qwen2.5-coder:7b.log
minisat_hack,UMDAAlgorithm,50,1000,Perf<Cycles>,3,llama3.2:3b,37524186313.0,1089801472.0,-97.096,11681080050.0,310021511.0,-97.346,1,625.7824833333333,0.348,0.519,931,322,372,0.346,0.4,/home/pbermejo/GeneticImprovement/magpie/_magpie_logs/minisat_hack_1781744674_FOLD3.log,/home/pbermejo/GeneticImprovement/magpie/_magpie_logs/minisat_hack_1782121842_FOLD3-val_1781744674_UMDAAlgorithm_llama3.2:3b.log
minisat_hack,UMDAAlgorithm,50,100,Perf<Cycles>,5,qwen2.5-coder:7b,13520329550.0,4934095238.0,-63.506,36198742914.0,6975865416.0,-80.729,1,49.74346666666667,0.560,0.660,49,9,0,0.184,0.0,/home/pbermejo/GeneticImprovement/magpie/_magpie_logs/minisat_hack_1781761301_FOLD5.log,/home/pbermejo/GeneticImprovement/magpie/_magpie_logs/minisat_hack_1782121854_FOLD5-val_1781761301_UMDAAlgorithm_qwen2.5-coder:7b.log
minisat_hack,UMDAAlgorithm,50,100,Perf<Cycles>,4,qwen2.5-coder:7b,49153542026.0,41528607418.0,-15.512,286369568.0,44454064.0,-84.477,1,23.751616666666667,0.610,0.680,49,0,0,0.0,0.0,/home/pbermejo/GeneticImprovement/magpie/_magpie_logs/minisat_hack_1781760693_FOLD4.log,/home/pbermejo/GeneticImprovement/magpie/_magpie_logs/minisat_hack_1782121853_FOLD4-val_1781760693_UMDAAlgorithm_qwen2.5-coder:7b.log
minisat_hack,UMDAAlgorithm,50,1000,Perf<Cycles>,5,llama3.2:3b,13518896647.0,937187367.0,-93.068,36359653212.0,461454152.0,-98.731,1,121.50698333333334,0.475,0.596,931,127,300,0.136,0.322,/home/pbermejo/GeneticImprovement/magpie/_magpie_logs/minisat_hack_1781745544_FOLD5.log,/home/pbermejo/GeneticImprovement/magpie/_magpie_logs/minisat_hack_1782121844_FOLD5-val_1781745544_UMDAAlgorithm_llama3.2:3b.log
minisat_hack,UMDAAlgorithm,50,1000,Perf<Cycles>,2,llama3.2:3b,47913022615.0,1202850519.0,-97.49,1248539800.0,199275382.0,-84.039,1,634.5597333333334,0.347,0.500,931,521,250,0.56,0.269,/home/pbermejo/GeneticImprovement/magpie/_magpie_logs/minisat_hack_1781744588_FOLD2.log,/home/pbermejo/GeneticImprovement/magpie/_magpie_logs/minisat_hack_1782121838_FOLD2-val_1781744588_UMDAAlgorithm_llama3.2:3b.log
minisat_hack,UMDAAlgorithm,50,1000,Perf<Cycles>,4,llama3.2:3b,49538468904.0,1241324919.0,-97.494,288566575.0,157891915.0,-45.284,1,173.43130000000002,0.485,0.597,931,180,343,0.193,0.368,/home/pbermejo/GeneticImprovement/magpie/_magpie_logs/minisat_hack_1781745394_FOLD4.log,/home/pbermejo/GeneticImprovement/magpie/_magpie_logs/minisat_hack_1782121841_FOLD4-val_1781745394_UMDAAlgorithm_llama3.2:3b.log
minisat_hack,UMDAAlgorithm,50,250,Perf<Cycles>,5,qwen2.5-coder:7b,13456005334.0,938520193.0,-93.025,36467646145.0,462268789.0,-98.732,3,37.12341666666667,0.484,0.572,196,0,0,0.0,0.0,/home/pbermejo/GeneticImprovement/magpie/_magpie_logs/minisat_hack_1781772786_FOLD5.log,/home/pbermejo/GeneticImprovement/magpie/_magpie_logs/minisat_hack_1782121865_FOLD5-val_1781772786_UMDAAlgorithm_qwen2.5-coder:7b.log
minisat_hack,UMDAAlgorithm,50,250,Perf<Cycles>,1,qwen2.5-coder:7b,49150959904.0,11536455760.0,-76.529,291763185.0,290940647.0,-0.282,1,55.64523333333333,0.460,0.612,196,40,39,0.204,0.199,/home/pbermejo/GeneticImprovement/magpie/_magpie_logs/minisat_hack_1781770117_FOLD1.log,/home/pbermejo/GeneticImprovement/magpie/_magpie_logs/minisat_hack_1782121856_FOLD1-val_1781770117_UMDAAlgorithm_qwen2.5-coder:7b.log
minisat_hack,UMDAAlgorithm,50,250,Perf<Cycles>,2,qwen2.5-coder:7b,48178040711.0,22749939360.0,-52.779,1249710514.0,598415783.0,-52.116,3,150.54311666666666,0.512,0.604,196,1,0,0.005,0.0,/home/pbermejo/GeneticImprovement/magpie/_magpie_logs/minisat_hack_1781770807_FOLD2.log,/home/pbermejo/GeneticImprovement/magpie/_magpie_logs/minisat_hack_1782121860_FOLD2-val_1781770807_UMDAAlgorithm_qwen2.5-coder:7b.log
minisat_hack,UMDAAlgorithm,50,250,Perf<Cycles>,3,qwen2.5-coder:7b,38155642113.0,587333492.0,-98.461,11746125285.0,155802828.0,-98.674,3,42.75536666666667,0.568,0.648,196,0,39,0.0,0.199,/home/pbermejo/GeneticImprovement/magpie/_magpie_logs/minisat_hack_1781772097_FOLD3.log,/home/pbermejo/GeneticImprovement/magpie/_magpie_logs/minisat_hack_1782121863_FOLD3-val_1781772097_UMDAAlgorithm_qwen2.5-coder:7b.log
minisat_hack,UMDAAlgorithm,50,250,Perf<Cycles>,4,qwen2.5-coder:7b,49540063777.0,30534984961.0,-38.363,287069861.0,254131501.0,-11.474,1,48.259800000000006,0.400,0.528,196,21,0,0.107,0.0,/home/pbermejo/GeneticImprovement/magpie/_magpie_logs/minisat_hack_1781772516_FOLD4.log,/home/pbermejo/GeneticImprovement/magpie/_magpie_logs/minisat_hack_1782121864_FOLD4-val_1781772516_UMDAAlgorithm_qwen2.5-coder:7b.log
minisat_hack,UMDAAlgorithm,50,500,Perf<Cycles>,3,qwen2.5-coder:7b,37726146470.0,1087266367.0,-97.118,11747742907.0,310849913.0,-97.354,3,384.26845,0.468,0.596,441,1,0,0.002,0.0,/home/pbermejo/GeneticImprovement/magpie/_magpie_logs/minisat_hack_1781783078_FOLD3.log,/home/pbermejo/GeneticImprovement/magpie/_magpie_logs/minisat_hack_1782121870_FOLD3-val_1781783078_UMDAAlgorithm_qwen2.5-coder:7b.log
minisat_hack,UMDAAlgorithm,50,500,Perf<Cycles>,1,qwen2.5-coder:7b,49587717546.0,8256969562.0,-83.349,292054862.0,735132357.0,151.71,3,82.99946666666666,0.478,0.584,441,14,0,0.032,0.0,/home/pbermejo/GeneticImprovement/magpie/_magpie_logs/minisat_hack_1782214926_FOLD1.log,/home/pbermejo/GeneticImprovement/magpie/_magpie_logs/minisat_hack_1782372905_FOLD1-val_1782214926_UMDAAlgorithm_qwen2.5-coder:7b.log
minisat_hack,UMDAAlgorithm,50,500,Perf<Cycles>,5,qwen2.5-coder:7b,13488619538.0,902574810.0,-93.309,36755881478.0,465313214.0,-98.734,4,382.3968666666667,0.500,0.620,441,1,0,0.002,0.0,/home/pbermejo/GeneticImprovement/magpie/_magpie_logs/minisat_hack_1781783894_FOLD5.log,/home/pbermejo/GeneticImprovement/magpie/_magpie_logs/minisat_hack_1782121873_FOLD5-val_1781783894_UMDAAlgorithm_qwen2.5-coder:7b.log
minisat_hack,UMDAAlgorithm,50,500,Perf<Cycles>,4,qwen2.5-coder:7b,49433370761.0,1232904333.0,-97.506,287280746.0,157272592.0,-45.255,2,394.4748833333333,0.502,0.616,441,23,0,0.052,0.0,/home/pbermejo/GeneticImprovement/magpie/_magpie_logs/minisat_hack_1781783643_FOLD4.log,/home/pbermejo/GeneticImprovement/magpie/_magpie_logs/minisat_hack_1782121874_FOLD4-val_1781783643_UMDAAlgorithm_qwen2.5-coder:7b.log
minisat_hack,UMDAAlgorithm,50,500,Perf<Cycles>,2,qwen2.5-coder:7b,48405895223.0,27962758598.0,-42.233,1248724151.0,1176890048.0,-5.753,3,110.89531666666667,0.492,0.586,441,6,0,0.014,0.0,/home/pbermejo/GeneticImprovement/magpie/_magpie_logs/minisat_hack_1781780887_FOLD2.log,/home/pbermejo/GeneticImprovement/magpie/_magpie_logs/minisat_hack_1782121866_FOLD2-val_1781780887_UMDAAlgorithm_qwen2.5-coder:7b.log
minisat_hack,UMDAAlgorithm,50,750,Perf<Cycles>,5,qwen2.5-coder:7b,13484163180.0,4912342301.0,-63.57,36403888903.0,6974326673.0,-80.842,3,93.21203333333332,0.496,0.609,686,37,78,0.054,0.114,/home/pbermejo/GeneticImprovement/magpie/_magpie_logs/minisat_hack_1781797639_FOLD5.log,/home/pbermejo/GeneticImprovement/magpie/_magpie_logs/minisat_hack_1782121886_FOLD5-val_1781797639_UMDAAlgorithm_qwen2.5-coder:7b.log
minisat_hack,UMDAAlgorithm,50,750,Perf<Cycles>,2,qwen2.5-coder:7b,48521152943.0,1101221303.0,-97.73,1249174594.0,214193905.0,-82.853,4,143.9761,0.427,0.557,686,9,0,0.013,0.0,/home/pbermejo/GeneticImprovement/magpie/_magpie_logs/minisat_hack_1781796487_FOLD2.log,/home/pbermejo/GeneticImprovement/magpie/_magpie_logs/minisat_hack_1782121877_FOLD2-val_1781796487_UMDAAlgorithm_qwen2.5-coder:7b.log
minisat_hack,UMDAAlgorithm,50,750,Perf<Cycles>,4,qwen2.5-coder:7b,49453263926.0,1231965830.0,-97.509,286958556.0,157135954.0,-45.241,2,133.89385000000001,0.493,0.623,686,22,39,0.032,0.057,/home/pbermejo/GeneticImprovement/magpie/_magpie_logs/minisat_hack_1781797508_FOLD4.log,/home/pbermejo/GeneticImprovement/magpie/_magpie_logs/minisat_hack_1782121883_FOLD4-val_1781797508_UMDAAlgorithm_qwen2.5-coder:7b.log
minisat_hack,UMDAAlgorithm,50,750,Perf<Cycles>,1,qwen2.5-coder:7b,48875733432.0,993502005.0,-97.967,291880353.0,363959915.0,24.695,2,575.0839,0.425,0.548,686,2,0,0.003,0.0,/home/pbermejo/GeneticImprovement/magpie/_magpie_logs/minisat_hack_1781796335_FOLD1.log,/home/pbermejo/GeneticImprovement/magpie/_magpie_logs/minisat_hack_1782121876_FOLD1-val_1781796335_UMDAAlgorithm_qwen2.5-coder:7b.log
minisat_hack,UMDAAlgorithm,50,750,Perf<Cycles>,3,qwen2.5-coder:7b,37815644385.0,1085293705.0,-97.13,11697836697.0,309359300.0,-97.355,2,603.2928333333333,0.463,0.651,686,18,0,0.026,0.0,/home/pbermejo/GeneticImprovement/magpie/_magpie_logs/minisat_hack_1781797037_FOLD3.log,/home/pbermejo/GeneticImprovement/magpie/_magpie_logs/minisat_hack_1782121878_FOLD3-val_1781797037_UMDAAlgorithm_qwen2.5-coder:7b.log
minisat_hack,UMDAAlgorithm,50,1000,Perf<Cycles>,5,qwen2.5-coder:7b,13495243704.0,3110560349.0,-76.951,36364770274.0,5447110720.0,-85.021,3,132.7194,0.514,0.625,931,86,0,0.092,0.0,/home/pbermejo/GeneticImprovement/magpie/_magpie_logs/minisat_hack_1781816857_FOLD5.log,/home/pbermejo/GeneticImprovement/magpie/_magpie_logs/minisat_hack_1782121897_FOLD5-val_1781816857_UMDAAlgorithm_qwen2.5-coder:7b.log
minisat_hack,LLMAlgorithm,50,100,Perf<Cycles>,1,llama3.2:3b,49912353316.0,11703984449.0,-76.551,None,0,0,1,26.042816666666667,0.370,0.470,49,49,0,1.0,0.0,/home/pbermejo/GeneticImprovement/magpie/_magpie_logs/minisat_hack_1782122383_FOLD1.log,/home/pbermejo/GeneticImprovement/magpie/_magpie_logs/minisat_hack_1782215576_FOLD1-val_1782122383_LLMAlgorithm_llama3.2:3b.log
minisat_hack,UMDAAlgorithm,50,1000,Perf<Cycles>,1,qwen2.5-coder:7b,49585419382.0,1101037087.0,-97.78,292331657.0,290299109.0,-0.695,3,198.35418333333334,0.515,0.626,931,6,39,0.006,0.042,/home/pbermejo/GeneticImprovement/magpie/_magpie_logs/minisat_hack_1781813078_FOLD1.log,/home/pbermejo/GeneticImprovement/magpie/_magpie_logs/minisat_hack_1782121888_FOLD1-val_1781813078_UMDAAlgorithm_qwen2.5-coder:7b.log
minisat_hack,LLMAlgorithm,50,100,Perf<Cycles>,2,llama3.2:3b,48471067442.0,41029093341.0,-15.353,None,0,0,1,17.266816666666667,0.310,0.430,49,48,1,0.98,0.02,/home/pbermejo/GeneticImprovement/magpie/_magpie_logs/minisat_hack_1782122384_FOLD2.log,/home/pbermejo/GeneticImprovement/magpie/_magpie_logs/minisat_hack_1782215580_FOLD2-val_1782122384_LLMAlgorithm_llama3.2:3b.log
minisat_hack,LLMAlgorithm,50,100,Perf<Cycles>,3,llama3.2:3b,38439333684.0,20595458762.0,-46.421,None,0,0,1,16.146816666666666,0.360,0.470,49,49,0,1.0,0.0,/home/pbermejo/GeneticImprovement/magpie/_magpie_logs/minisat_hack_1782122386_FOLD3.log,/home/pbermejo/GeneticImprovement/magpie/_magpie_logs/minisat_hack_1782215591_FOLD3-val_1782122386_LLMAlgorithm_llama3.2:3b.log
minisat_hack,LLMAlgorithm,50,100,Perf<Cycles>,5,llama3.2:3b,13664213360.0,4966378310.0,-63.654,None,0,0,1,10.898633333333333,0.300,0.420,49,0,49,0.0,1.0,/home/pbermejo/GeneticImprovement/magpie/_magpie_logs/minisat_hack_1782122390_FOLD5.log,/home/pbermejo/GeneticImprovement/magpie/_magpie_logs/minisat_hack_1782215585_FOLD5-val_1782122390_LLMAlgorithm_llama3.2:3b.log
minisat_hack,LLMAlgorithm,50,100,Perf<Cycles>,4,llama3.2:3b,49711555570.0,42231715427.0,-15.046,None,0,0,1,19.146483333333332,0.340,0.430,49,45,4,0.918,0.082,/home/pbermejo/GeneticImprovement/magpie/_magpie_logs/minisat_hack_1782122387_FOLD4.log,/home/pbermejo/GeneticImprovement/magpie/_magpie_logs/minisat_hack_1782215592_FOLD4-val_1782122387_LLMAlgorithm_llama3.2:3b.log
minisat_hack,UMDAAlgorithm,50,1000,Perf<Cycles>,3,qwen2.5-coder:7b,38211056746.0,1040492905.0,-97.277,11701902301.0,318179874.0,-97.281,3,159.89605,0.495,0.616,931,77,0,0.083,0.0,/home/pbermejo/GeneticImprovement/magpie/_magpie_logs/minisat_hack_1781815267_FOLD3.log,/home/pbermejo/GeneticImprovement/magpie/_magpie_logs/minisat_hack_1782121889_FOLD3-val_1781815267_UMDAAlgorithm_qwen2.5-coder:7b.log
minisat_hack,UMDAAlgorithm,50,1000,Perf<Cycles>,4,qwen2.5-coder:7b,49602597434.0,1228953584.0,-97.522,286413792.0,156858776.0,-45.234,3,184.18085000000002,0.508,0.614,931,1,48,0.001,0.052,/home/pbermejo/GeneticImprovement/magpie/_magpie_logs/minisat_hack_1781816647_FOLD4.log,/home/pbermejo/GeneticImprovement/magpie/_magpie_logs/minisat_hack_1782121894_FOLD4-val_1781816647_UMDAAlgorithm_qwen2.5-coder:7b.log
minisat_hack,UMDAAlgorithm,50,1000,Perf<Cycles>,2,qwen2.5-coder:7b,48648665974.0,1118089831.0,-97.702,1254369155.0,216595873.0,-82.733,4,215.06726666666665,0.474,0.580,931,89,83,0.096,0.089,/home/pbermejo/GeneticImprovement/magpie/_magpie_logs/minisat_hack_1781813677_FOLD2.log,/home/pbermejo/GeneticImprovement/magpie/_magpie_logs/minisat_hack_1782121887_FOLD2-val_1781813677_UMDAAlgorithm_qwen2.5-coder:7b.log
minisat_hack,LLMAlgorithm,50,100,Perf<Cycles>,1,qwen2.5-coder:7b,49754432144.0,41804263389.0,-15.979,292955789.0,304016387.0,3.776,1,20.1128,0.420,0.580,49,0,0,0.0,0.0,/home/pbermejo/GeneticImprovement/magpie/_magpie_logs/minisat_hack_1782123398_FOLD1.log,/home/pbermejo/GeneticImprovement/magpie/_magpie_logs/minisat_hack_1782215333_FOLD1-val_1782123398_LLMAlgorithm_qwen2.5-coder:7b.log
minisat_hack,LLMAlgorithm,50,100,Perf<Cycles>,3,qwen2.5-coder:7b,38052444497.0,8742581993.0,-77.025,11611259626.0,3185819338.0,-72.563,1,14.090466666666666,0.380,0.500,49,0,39,0.0,0.796,/home/pbermejo/GeneticImprovement/magpie/_magpie_logs/minisat_hack_1782123488_FOLD3.log,/home/pbermejo/GeneticImprovement/magpie/_magpie_logs/minisat_hack_1782215346_FOLD3-val_1782123488_LLMAlgorithm_qwen2.5-coder:7b.log
minisat_hack,LLMAlgorithm,50,100,Perf<Cycles>,4,qwen2.5-coder:7b,49528800066.0,11652081939.0,-76.474,286838139.0,286196493.0,-0.224,1,15.7249,0.380,0.490,49,0,39,0.0,0.796,/home/pbermejo/GeneticImprovement/magpie/_magpie_logs/minisat_hack_1782123510_FOLD4.log,/home/pbermejo/GeneticImprovement/magpie/_magpie_logs/minisat_hack_1782215361_FOLD4-val_1782123510_LLMAlgorithm_qwen2.5-coder:7b.log
minisat_hack,LLMAlgorithm,50,100,Perf<Cycles>,5,qwen2.5-coder:7b,13564467558.0,7844722820.0,-42.167,36534892588.0,23649918796.0,-35.268,1,11.454766666666666,0.390,0.490,49,42,0,0.857,0.0,/home/pbermejo/GeneticImprovement/magpie/_magpie_logs/minisat_hack_1782123543_FOLD5.log,/home/pbermejo/GeneticImprovement/magpie/_magpie_logs/minisat_hack_1782215366_FOLD5-val_1782123543_LLMAlgorithm_qwen2.5-coder:7b.log
minisat_hack,LLMAlgorithm,50,100,Perf<Cycles>,2,qwen2.5-coder:7b,49369953624.0,40923059280.0,-17.109,1249930031.0,1181333679.0,-5.488,1,23.101116666666666,0.590,0.720,49,0,0,0.0,0.0,/home/pbermejo/GeneticImprovement/magpie/_magpie_logs/minisat_hack_1782123413_FOLD2.log,/home/pbermejo/GeneticImprovement/magpie/_magpie_logs/minisat_hack_1782215339_FOLD2-val_1782123413_LLMAlgorithm_qwen2.5-coder:7b.log
minisat_hack,LLMAlgorithm,50,250,Perf<Cycles>,1,llama3.2:3b,49651332402.0,33851815063.0,-31.821,None,0,0,2,46.45318333333333,0.316,0.432,196,114,51,0.582,0.26,/home/pbermejo/GeneticImprovement/magpie/_magpie_logs/minisat_hack_1782123909_FOLD1.log,/home/pbermejo/GeneticImprovement/magpie/_magpie_logs/minisat_hack_1782215586_FOLD1-val_1782123909_LLMAlgorithm_llama3.2:3b.log
minisat_hack,LLMAlgorithm,50,250,Perf<Cycles>,5,llama3.2:3b,13529168987.0,938621956.0,-93.062,None,0,0,1,37.76768333333334,0.480,0.632,196,50,0,0.255,0.0,/home/pbermejo/GeneticImprovement/magpie/_magpie_logs/minisat_hack_1782124522_FOLD5.log,/home/pbermejo/GeneticImprovement/magpie/_magpie_logs/minisat_hack_1782215577_FOLD5-val_1782124522_LLMAlgorithm_llama3.2:3b.log
minisat_hack,LLMAlgorithm,50,250,Perf<Cycles>,3,llama3.2:3b,38451336414.0,23883724884.0,-37.886,None,0,0,1,32.89865,0.476,0.572,196,106,0,0.541,0.0,/home/pbermejo/GeneticImprovement/magpie/_magpie_logs/minisat_hack_1782124301_FOLD3.log,/home/pbermejo/GeneticImprovement/magpie/_magpie_logs/minisat_hack_1782215581_FOLD3-val_1782124301_LLMAlgorithm_llama3.2:3b.log
minisat_hack,LLMAlgorithm,50,250,Perf<Cycles>,4,llama3.2:3b,49434975151.0,11564115861.0,-76.607,None,0,0,1,49.554883333333336,0.388,0.520,196,48,50,0.245,0.255,/home/pbermejo/GeneticImprovement/magpie/_magpie_logs/minisat_hack_1782124390_FOLD4.log,/home/pbermejo/GeneticImprovement/magpie/_magpie_logs/minisat_hack_1782215588_FOLD4-val_1782124390_LLMAlgorithm_llama3.2:3b.log
minisat_hack,LLMAlgorithm,50,250,Perf<Cycles>,2,llama3.2:3b,48718755775.0,37946351419.0,-22.111,None,0,0,1,43.95643333333333,0.492,0.612,196,14,2,0.071,0.01,/home/pbermejo/GeneticImprovement/magpie/_magpie_logs/minisat_hack_1782124015_FOLD2.log,/home/pbermejo/GeneticImprovement/magpie/_magpie_logs/minisat_hack_1782215583_FOLD2-val_1782124015_LLMAlgorithm_llama3.2:3b.log
minisat_hack,LLMAlgorithm,50,250,Perf<Cycles>,1,qwen2.5-coder:7b,49620337145.0,1106683177.0,-97.77,294347771.0,293763382.0,-0.199,3,215.61666666666667,0.308,0.520,196,49,39,0.25,0.199,/home/pbermejo/GeneticImprovement/magpie/_magpie_logs/minisat_hack_1782126612_FOLD1.log,/home/pbermejo/GeneticImprovement/magpie/_magpie_logs/minisat_hack_1782215337_FOLD1-val_1782126612_LLMAlgorithm_qwen2.5-coder:7b.log
minisat_hack,LLMAlgorithm,50,250,Perf<Cycles>,5,qwen2.5-coder:7b,13386640496.0,4541381249.0,-66.075,36449002878.0,5930736091.0,-83.729,3,35.08345,0.416,0.532,196,6,0,0.031,0.0,/home/pbermejo/GeneticImprovement/magpie/_magpie_logs/minisat_hack_1782126820_FOLD5.log,/home/pbermejo/GeneticImprovement/magpie/_magpie_logs/minisat_hack_1782215369_FOLD5-val_1782126820_LLMAlgorithm_qwen2.5-coder:7b.log
minisat_hack,LLMAlgorithm,50,250,Perf<Cycles>,2,qwen2.5-coder:7b,48756686534.0,40082247954.0,-17.791,1248677383.0,1158571571.0,-7.216,2,59.99276666666666,0.464,0.572,196,81,0,0.413,0.0,/home/pbermejo/GeneticImprovement/magpie/_magpie_logs/minisat_hack_1782126695_FOLD2.log,/home/pbermejo/GeneticImprovement/magpie/_magpie_logs/minisat_hack_1782215335_FOLD2-val_1782126695_LLMAlgorithm_qwen2.5-coder:7b.log
minisat_hack,LLMAlgorithm,50,250,Perf<Cycles>,3,qwen2.5-coder:7b,38402144430.0,30371917432.0,-20.911,11734028510.0,11687772863.0,-0.394,1,44.929566666666666,0.416,0.496,196,31,0,0.158,0.0,/home/pbermejo/GeneticImprovement/magpie/_magpie_logs/minisat_hack_1782126718_FOLD3.log,/home/pbermejo/GeneticImprovement/magpie/_magpie_logs/minisat_hack_1782215352_FOLD3-val_1782126718_LLMAlgorithm_qwen2.5-coder:7b.log
minisat_hack,LLMAlgorithm,50,250,Perf<Cycles>,4,qwen2.5-coder:7b,49609309950.0,10368971464.0,-79.099,287349056.0,44982960.0,-84.346,3,47.340783333333334,0.408,0.500,196,24,41,0.122,0.209,/home/pbermejo/GeneticImprovement/magpie/_magpie_logs/minisat_hack_1782126764_FOLD4.log,/home/pbermejo/GeneticImprovement/magpie/_magpie_logs/minisat_hack_1782215359_FOLD4-val_1782126764_LLMAlgorithm_qwen2.5-coder:7b.log
minisat_hack,LLMAlgorithm,50,500,Perf<Cycles>,5,llama3.2:3b,13514260450.0,4944182474.0,-63.415,36262890456.0,7012799966.0,-80.661,1,409.99971666666664,0.382,0.528,441,104,56,0.236,0.127,/home/pbermejo/GeneticImprovement/magpie/_magpie_logs/minisat_hack_1782131421_FOLD5.log,/home/pbermejo/GeneticImprovement/magpie/_magpie_logs/minisat_hack_1782215330_FOLD5-val_1782131421_LLMAlgorithm_llama3.2:3b.log
minisat_hack,LLMAlgorithm,50,500,Perf<Cycles>,2,llama3.2:3b,48450581848.0,27684789102.0,-42.86,None,0,0,1,410.29429999999996,0.408,0.532,441,310,0,0.703,0.0,/home/pbermejo/GeneticImprovement/magpie/_magpie_logs/minisat_hack_1782131173_FOLD2.log,/home/pbermejo/GeneticImprovement/magpie/_magpie_logs/minisat_hack_1782215565_FOLD2-val_1782131173_LLMAlgorithm_llama3.2:3b.log
minisat_hack,LLMAlgorithm,50,500,Perf<Cycles>,3,llama3.2:3b,38830149463.0,20395330375.0,-47.476,None,0,0,1,80.57731666666668,0.420,0.546,441,203,98,0.46,0.222,/home/pbermejo/GeneticImprovement/magpie/_magpie_logs/minisat_hack_1782131114_FOLD3.log,/home/pbermejo/GeneticImprovement/magpie/_magpie_logs/minisat_hack_1782215593_FOLD3-val_1782131114_LLMAlgorithm_llama3.2:3b.log
minisat_hack,LLMAlgorithm,50,500,Perf<Cycles>,1,llama3.2:3b,49710016683.0,11674293485.0,-76.515,None,0,0,1,395.0275333333333,0.360,0.478,441,52,115,0.118,0.261,/home/pbermejo/GeneticImprovement/magpie/_magpie_logs/minisat_hack_1782131083_FOLD1.log,/home/pbermejo/GeneticImprovement/magpie/_magpie_logs/minisat_hack_1782215584_FOLD1-val_1782131083_LLMAlgorithm_llama3.2:3b.log
minisat_hack,LLMAlgorithm,50,500,Perf<Cycles>,4,llama3.2:3b,50181491510.0,1244214433.0,-97.521,None,0,0,1,120.54661666666667,0.532,0.638,441,184,0,0.417,0.0,/home/pbermejo/GeneticImprovement/magpie/_magpie_logs/minisat_hack_1782131260_FOLD4.log,/home/pbermejo/GeneticImprovement/magpie/_magpie_logs/minisat_hack_1782215590_FOLD4-val_1782131260_LLMAlgorithm_llama3.2:3b.log
minisat_hack,LLMAlgorithm,50,500,Perf<Cycles>,5,qwen2.5-coder:7b,13480844827.0,936439673.0,-93.054,36385982287.0,458613712.0,-98.74,2,367.7871333333333,0.438,0.558,441,179,78,0.406,0.177,/home/pbermejo/GeneticImprovement/magpie/_magpie_logs/minisat_hack_1782137045_FOLD5.log,/home/pbermejo/GeneticImprovement/magpie/_magpie_logs/minisat_hack_1782215379_FOLD5-val_1782137045_LLMAlgorithm_qwen2.5-coder:7b.log
minisat_hack,LLMAlgorithm,50,500,Perf<Cycles>,1,qwen2.5-coder:7b,49940959350.0,11315905276.0,-77.341,292259751.0,292162474.0,-0.033,3,96.16640000000001,0.420,0.520,441,62,69,0.141,0.156,/home/pbermejo/GeneticImprovement/magpie/_magpie_logs/minisat_hack_1782133637_FOLD1.log,/home/pbermejo/GeneticImprovement/magpie/_magpie_logs/minisat_hack_1782215336_FOLD1-val_1782133637_LLMAlgorithm_qwen2.5-coder:7b.log
minisat_hack,LLMAlgorithm,50,500,Perf<Cycles>,3,qwen2.5-coder:7b,38545720181.0,1050430046.0,-97.275,11726031705.0,320498521.0,-97.267,2,90.53951666666667,0.398,0.518,441,94,39,0.213,0.088,/home/pbermejo/GeneticImprovement/magpie/_magpie_logs/minisat_hack_1782136006_FOLD3.log,/home/pbermejo/GeneticImprovement/magpie/_magpie_logs/minisat_hack_1782215356_FOLD3-val_1782136006_LLMAlgorithm_qwen2.5-coder:7b.log
minisat_hack,LLMAlgorithm,50,500,Perf<Cycles>,2,qwen2.5-coder:7b,48685681421.0,1194863052.0,-97.546,1247795216.0,197131664.0,-84.202,2,96.06526666666667,0.368,0.506,441,117,41,0.265,0.093,/home/pbermejo/GeneticImprovement/magpie/_magpie_logs/minisat_hack_1782134635_FOLD2.log,/home/pbermejo/GeneticImprovement/magpie/_magpie_logs/minisat_hack_1782215342_FOLD2-val_1782134635_LLMAlgorithm_qwen2.5-coder:7b.log
minisat_hack,LLMAlgorithm,50,500,Perf<Cycles>,4,qwen2.5-coder:7b,49935551379.0,1108439911.0,-97.78,286443591.0,38440377.0,-86.58,4,103.90249999999999,0.386,0.490,441,75,23,0.17,0.052,/home/pbermejo/GeneticImprovement/magpie/_magpie_logs/minisat_hack_1782136884_FOLD4.log,/home/pbermejo/GeneticImprovement/magpie/_magpie_logs/minisat_hack_1782215360_FOLD4-val_1782136884_LLMAlgorithm_qwen2.5-coder:7b.log
minisat_hack,LLMAlgorithm,50,750,Perf<Cycles>,1,llama3.2:3b,49602493061.0,1110272555.0,-97.762,None,0,0,2,625.3216333333334,0.356,0.503,686,366,55,0.534,0.08,/home/pbermejo/GeneticImprovement/magpie/_magpie_logs/minisat_hack_1782144341_FOLD1.log,/home/pbermejo/GeneticImprovement/magpie/_magpie_logs/minisat_hack_1782215575_FOLD1-val_1782144341_LLMAlgorithm_llama3.2:3b.log
minisat_hack,LLMAlgorithm,50,750,Perf<Cycles>,2,llama3.2:3b,48911957298.0,1208033368.0,-97.53,None,0,0,1,579.5281666666667,0.424,0.541,686,166,102,0.242,0.149,/home/pbermejo/GeneticImprovement/magpie/_magpie_logs/minisat_hack_1782144340_FOLD2.log,/home/pbermejo/GeneticImprovement/magpie/_magpie_logs/minisat_hack_1782215568_FOLD2-val_1782144340_LLMAlgorithm_llama3.2:3b.log
minisat_hack,LLMAlgorithm,50,750,Perf<Cycles>,5,llama3.2:3b,13523729294.0,938206526.0,-93.063,36629647640.0,461448956.0,-98.74,1,95.0055,0.441,0.557,686,112,148,0.163,0.216,/home/pbermejo/GeneticImprovement/magpie/_magpie_logs/minisat_hack_1782144969_FOLD5.log,/home/pbermejo/GeneticImprovement/magpie/_magpie_logs/minisat_hack_1782215332_FOLD5-val_1782144969_LLMAlgorithm_llama3.2:3b.log
minisat_hack,LLMAlgorithm,50,750,Perf<Cycles>,3,llama3.2:3b,37901110348.0,4733620643.0,-87.511,None,0,0,1,596.7922500000001,0.360,0.503,686,267,247,0.389,0.36,/home/pbermejo/GeneticImprovement/magpie/_magpie_logs/minisat_hack_1782144543_FOLD3.log,/home/pbermejo/GeneticImprovement/magpie/_magpie_logs/minisat_hack_1782215587_FOLD3-val_1782144543_LLMAlgorithm_llama3.2:3b.log
minisat_hack,LLMAlgorithm,50,750,Perf<Cycles>,4,llama3.2:3b,49835938246.0,11705846035.0,-76.511,None,0,0,1,160.7182,0.385,0.544,686,169,321,0.246,0.468,/home/pbermejo/GeneticImprovement/magpie/_magpie_logs/minisat_hack_1782144895_FOLD4.log,/home/pbermejo/GeneticImprovement/magpie/_magpie_logs/minisat_hack_1782215589_FOLD4-val_1782144895_LLMAlgorithm_llama3.2:3b.log
minisat_hack,LLMAlgorithm,50,750,Perf<Cycles>,1,qwen2.5-coder:7b,49424622824.0,994472087.0,-97.988,291680557.0,365524849.0,25.317,3,693.73905,0.392,0.532,686,87,126,0.127,0.184,/home/pbermejo/GeneticImprovement/magpie/_magpie_logs/minisat_hack_1782148640_FOLD1.log,/home/pbermejo/GeneticImprovement/magpie/_magpie_logs/minisat_hack_1782215338_FOLD1-val_1782148640_LLMAlgorithm_qwen2.5-coder:7b.log
minisat_hack,LLMAlgorithm,50,750,Perf<Cycles>,5,qwen2.5-coder:7b,13569323834.0,938433089.0,-93.084,36384174595.0,461802026.0,-98.731,1,148.1756,0.444,0.585,686,189,78,0.276,0.114,/home/pbermejo/GeneticImprovement/magpie/_magpie_logs/minisat_hack_1782150871_FOLD5.log,/home/pbermejo/GeneticImprovement/magpie/_magpie_logs/minisat_hack_1782215382_FOLD5-val_1782150871_LLMAlgorithm_qwen2.5-coder:7b.log
minisat_hack,LLMAlgorithm,50,750,Perf<Cycles>,3,qwen2.5-coder:7b,37722668197.0,1091984254.0,-97.105,11852853470.0,310060748.0,-97.384,1,154.32941666666665,0.467,0.600,686,88,76,0.128,0.111,/home/pbermejo/GeneticImprovement/magpie/_magpie_logs/minisat_hack_1782149917_FOLD3.log,/home/pbermejo/GeneticImprovement/magpie/_magpie_logs/minisat_hack_1782215355_FOLD3-val_1782149917_LLMAlgorithm_qwen2.5-coder:7b.log
minisat_hack,LLMAlgorithm,50,750,Perf<Cycles>,4,qwen2.5-coder:7b,49500387389.0,1166476314.0,-97.644,287413597.0,38400841.0,-86.639,3,146.14,0.405,0.556,686,115,41,0.168,0.06,/home/pbermejo/GeneticImprovement/magpie/_magpie_logs/minisat_hack_1782150702_FOLD4.log,/home/pbermejo/GeneticImprovement/magpie/_magpie_logs/minisat_hack_1782215367_FOLD4-val_1782150702_LLMAlgorithm_qwen2.5-coder:7b.log
minisat_hack,LLMAlgorithm,50,750,Perf<Cycles>,2,qwen2.5-coder:7b,48853989285.0,1195372042.0,-97.553,1248531707.0,197161969.0,-84.208,2,202.36686666666668,0.513,0.649,686,126,2,0.184,0.003,/home/pbermejo/GeneticImprovement/magpie/_magpie_logs/minisat_hack_1782149572_FOLD2.log,/home/pbermejo/GeneticImprovement/magpie/_magpie_logs/minisat_hack_1782215343_FOLD2-val_1782149572_LLMAlgorithm_qwen2.5-coder:7b.log
minisat_hack,LLMAlgorithm,50,1000,Perf<Cycles>,5,llama3.2:3b,13520693101.0,937909009.0,-93.063,36263414126.0,462504634.0,-98.725,1,142.11213333333333,0.377,0.516,931,146,540,0.157,0.58,/home/pbermejo/GeneticImprovement/magpie/_magpie_logs/minisat_hack_1782167520_FOLD5.log,/home/pbermejo/GeneticImprovement/magpie/_magpie_logs/minisat_hack_1782215331_FOLD5-val_1782167520_LLMAlgorithm_llama3.2:3b.log
minisat_hack,LLMAlgorithm,50,1000,Perf<Cycles>,3,llama3.2:3b,38071267272.0,None,0,None,0,0,0,None,0.353,0.485,686,81,494,0.118,0.72,/home/pbermejo/GeneticImprovement/magpie/_magpie_logs/minisat_hack_1782166884_FOLD3.log,None
minisat_hack,LLMAlgorithm,50,1000,Perf<Cycles>,2,llama3.2:3b,48804474439.0,4867283053.0,-90.027,None,0,0,1,178.09091666666666,0.392,0.511,931,376,173,0.404,0.186,/home/pbermejo/GeneticImprovement/magpie/_magpie_logs/minisat_hack_1782166419_FOLD2.log,/home/pbermejo/GeneticImprovement/magpie/_magpie_logs/minisat_hack_1782215572_FOLD2-val_1782166419_LLMAlgorithm_llama3.2:3b.log
minisat_hack,LLMAlgorithm,50,1000,Perf<Cycles>,1,llama3.2:3b,49859199216.0,None,0,None,0,0,0,None,0.368,0.497,686,233,124,0.34,0.181,/home/pbermejo/GeneticImprovement/magpie/_magpie_logs/minisat_hack_1782166450_FOLD1.log,None
minisat_hack,LLMAlgorithm,50,1000,Perf<Cycles>,4,llama3.2:3b,49576383065.0,None,0,None,0,0,0,None,0.377,0.527,637,66,325,0.104,0.51,/home/pbermejo/GeneticImprovement/magpie/_magpie_logs/minisat_hack_1782167433_FOLD4.log,None
minisat_hack,LLMAlgorithm,50,1000,Perf<Cycles>,5,qwen2.5-coder:7b,13587872912.0,854041571.0,-93.715,36890792255.0,474058365.0,-98.715,4,198.80339999999998,0.383,0.494,931,151,81,0.162,0.087,/home/pbermejo/GeneticImprovement/magpie/_magpie_logs/minisat_hack_1782180934_FOLD5.log,/home/pbermejo/GeneticImprovement/magpie/_magpie_logs/minisat_hack_1782215383_FOLD5-val_1782180934_LLMAlgorithm_qwen2.5-coder:7b.log
minisat_hack,LLMAlgorithm,50,1000,Perf<Cycles>,1,qwen2.5-coder:7b,49689919124.0,1100342778.0,-97.786,292204080.0,290131589.0,-0.709,2,338.26703333333336,0.352,0.484,931,341,35,0.366,0.038,/home/pbermejo/GeneticImprovement/magpie/_magpie_logs/minisat_hack_1782174918_FOLD1.log,/home/pbermejo/GeneticImprovement/magpie/_magpie_logs/minisat_hack_1782215334_FOLD1-val_1782174918_LLMAlgorithm_qwen2.5-coder:7b.log
minisat_hack,LLMAlgorithm,50,1000,Perf<Cycles>,2,qwen2.5-coder:7b,48494063049.0,1195156037.0,-97.535,1255966817.0,197441965.0,-84.28,2,274.71725,0.374,0.499,931,125,83,0.134,0.089,/home/pbermejo/GeneticImprovement/magpie/_magpie_logs/minisat_hack_1782176283_FOLD2.log,/home/pbermejo/GeneticImprovement/magpie/_magpie_logs/minisat_hack_1782215345_FOLD2-val_1782176283_LLMAlgorithm_qwen2.5-coder:7b.log
minisat_hack,LLMAlgorithm,50,1000,Perf<Cycles>,3,qwen2.5-coder:7b,38155601970.0,936822891.0,-97.545,11726302659.0,284821853.0,-97.571,3,229.06743333333333,0.392,0.537,931,173,30,0.186,0.032,/home/pbermejo/GeneticImprovement/magpie/_magpie_logs/minisat_hack_1782177284_FOLD3.log,/home/pbermejo/GeneticImprovement/magpie/_magpie_logs/minisat_hack_1782215358_FOLD3-val_1782177284_LLMAlgorithm_qwen2.5-coder:7b.log
minisat_hack,LLMAlgorithm,50,1000,Perf<Cycles>,4,qwen2.5-coder:7b,49670370969.0,None,0,None,0,0,0,None,0.422,0.558,392,178,39,0.454,0.099,/home/pbermejo/GeneticImprovement/magpie/_magpie_logs/minisat_hack_1782180319_FOLD4.log,None
sat4j,GeneticProgrammingUniformConcat,50,100,Perf<Cycles>,3,None,67765696769.0,62360523310.0,-7.976,19938145929.0,26151490618.0,31.163,2,12.510983333333334,0.370,0.410,None,None,None,None,None,/home/pbermejo/GeneticImprovement/magpie/_magpie_logs/sat4j_1781202886_FOLD3.log,/home/pbermejo/GeneticImprovement/magpie/_magpie_logs/sat4j_1781521410_FOLD3-val_1781202886_GeneticProgrammingUniformConcat.log
sat4j,GeneticProgrammingUniformConcat,50,100,Perf<Cycles>,2,None,80028700660.0,76533602895.0,-4.367,8663679821.0,8118479901.0,-6.293,1,13.569733333333334,0.360,0.400,None,None,None,None,None,/home/pbermejo/GeneticImprovement/magpie/_magpie_logs/sat4j_1781202887_FOLD2.log,/home/pbermejo/GeneticImprovement/magpie/_magpie_logs/sat4j_1781521411_FOLD2-val_1781202887_GeneticProgrammingUniformConcat.log
sat4j,GeneticProgrammingUniformConcat,50,100,Perf<Cycles>,1,None,79820198055.0,76189008157.0,-4.549,8176255384.0,8192223585.0,0.195,1,14.7157,0.470,0.490,None,None,None,None,None,/home/pbermejo/GeneticImprovement/magpie/_magpie_logs/sat4j_1781202888_FOLD1.log,/home/pbermejo/GeneticImprovement/magpie/_magpie_logs/sat4j_1781521413_FOLD1-val_1781202888_GeneticProgrammingUniformConcat.log
weka,GeneticProgrammingUniformConcat,50,100,Perf<Cycles>,1,None,99016207528.0,95734148981.0,-3.315,30556412983.0,30704398289.0,0.484,2,15.923783333333335,0.460,0.460,None,None,None,None,None,/home/pbermejo/GeneticImprovement/magpie/_magpie_logs/weka_1781202888_FOLD1.log,/home/pbermejo/GeneticImprovement/magpie/_magpie_logs/weka_1781522162_FOLD1-val_1781202888_GeneticProgrammingUniformConcat.log
weka,GeneticProgrammingUniformConcat,50,100,Perf<Cycles>,3,None,96749335880.0,94386171869.0,-2.443,32072278119.0,32519920185.0,1.396,1,17.686116666666667,0.460,0.480,None,None,None,None,None,/home/pbermejo/GeneticImprovement/magpie/_magpie_logs/weka_1781202886_FOLD3.log,/home/pbermejo/GeneticImprovement/magpie/_magpie_logs/weka_1781522160_FOLD3-val_1781202886_GeneticProgrammingUniformConcat.log
weka,GeneticProgrammingUniformConcat,50,100,Perf<Cycles>,2,None,104518580543.0,102923184673.0,-1.526,22946894490.0,23334410677.0,1.689,1,18.7901,0.510,0.520,None,None,None,None,None,/home/pbermejo/GeneticImprovement/magpie/_magpie_logs/weka_1781202890_FOLD2.log,/home/pbermejo/GeneticImprovement/magpie/_magpie_logs/weka_1781522191_FOLD2-val_1781202890_GeneticProgrammingUniformConcat.log
weka,GeneticProgrammingUniformConcat,50,100,Perf<Cycles>,4,None,112198865024.0,110197191337.0,-1.784,15711099629.0,15865929872.0,0.985,1,20.033566666666665,0.490,0.500,None,None,None,None,None,/home/pbermejo/GeneticImprovement/magpie/_magpie_logs/weka_1781202889_FOLD4.log,/home/pbermejo/GeneticImprovement/magpie/_magpie_logs/weka_1781522161_FOLD4-val_1781202889_GeneticProgrammingUniformConcat.log
weka,GeneticProgrammingUniformConcat,50,100,Perf<Cycles>,5,None,105229939642.0,103534758269.0,-1.611,22510748151.0,22792529662.0,1.252,1,20.984616666666668,0.510,0.530,None,None,None,None,None,/home/pbermejo/GeneticImprovement/magpie/_magpie_logs/weka_1781202887_FOLD5.log,/home/pbermejo/GeneticImprovement/magpie/_magpie_logs/weka_1781522163_FOLD5-val_1781202887_GeneticProgrammingUniformConcat.log
weka,UMDAAlgorithm,50,100,Perf<Cycles>,1,None,97032681877.0,95932333161.0,-1.134,31170334044.0,30955721978.0,-0.689,1,16.647133333333333,0.400,0.400,None,None,None,None,None,/home/pbermejo/GeneticImprovement/magpie/_magpie_logs/weka_1781203877_FOLD1.log,/home/pbermejo/GeneticImprovement/magpie/_magpie_logs/weka_1781682015_FOLD1-val_1781203877_UMDAAlgorithm_None.log
weka,UMDAAlgorithm,50,100,Perf<Cycles>,3,None,95079059001.0,94330576670.0,-0.787,32236876251.0,31894343680.0,-1.063,1,15.988416666666666,0.370,0.390,None,None,None,None,None,/home/pbermejo/GeneticImprovement/magpie/_magpie_logs/weka_1781204064_FOLD3.log,/home/pbermejo/GeneticImprovement/magpie/_magpie_logs/weka_1781682120_FOLD3-val_1781204064_UMDAAlgorithm_None.log
weka,UMDAAlgorithm,50,100,Perf<Cycles>,2,None,104286452801.0,103065870467.0,-1.17,23407540710.0,23948300477.0,2.31,2,18.453366666666668,0.410,0.430,None,None,None,None,None,/home/pbermejo/GeneticImprovement/magpie/_magpie_logs/weka_1781203960_FOLD2.log,/home/pbermejo/GeneticImprovement/magpie/_magpie_logs/weka_1781682073_FOLD2-val_1781203960_UMDAAlgorithm_None.log
sat4j,UMDAAlgorithm,50,100,Perf<Cycles>,1,None,77806380183.0,76188843554.0,-2.079,8205093014.0,8102392008.0,-1.252,1,17.66208333333333,0.380,0.410,None,None,None,None,None,/home/pbermejo/GeneticImprovement/magpie/_magpie_logs/sat4j_1781204274_FOLD1.log,/home/pbermejo/GeneticImprovement/magpie/_magpie_logs/sat4j_1781521473_FOLD1-val_1781204274_UMDAAlgorithm_None.log
sat4j,UMDAAlgorithm,50,100,Perf<Cycles>,2,None,78343452449.0,76147025086.0,-2.804,8511485021.0,7960888769.0,-6.469,1,16.153200000000002,0.300,0.350,None,None,None,None,None,/home/pbermejo/GeneticImprovement/magpie/_magpie_logs/sat4j_1781204442_FOLD2.log,/home/pbermejo/GeneticImprovement/magpie/_magpie_logs/sat4j_1781521472_FOLD2-val_1781204442_UMDAAlgorithm_None.log
weka,UMDAAlgorithm,50,100,Perf<Cycles>,4,None,111216695502.0,110529911900.0,-0.618,15887122914.0,15656272892.0,-1.453,2,20.87088333333333,0.440,0.440,None,None,None,None,None,/home/pbermejo/GeneticImprovement/magpie/_magpie_logs/weka_1781204140_FOLD4.log,/home/pbermejo/GeneticImprovement/magpie/_magpie_logs/weka_1781682178_FOLD4-val_1781204140_UMDAAlgorithm_None.log
weka,UMDAAlgorithm,50,100,Perf<Cycles>,5,None,105604016136.0,103138691072.0,-2.334,22438544715.0,23193335384.0,3.364,2,20.419533333333334,0.440,0.440,None,None,None,None,None,/home/pbermejo/GeneticImprovement/magpie/_magpie_logs/weka_1781204222_FOLD5.log,/home/pbermejo/GeneticImprovement/magpie/_magpie_logs/weka_1781682215_FOLD5-val_1781204222_UMDAAlgorithm_None.log
sat4j,UMDAAlgorithm,50,100,Perf<Cycles>,3,None,66088702696.0,62735018606.0,-5.075,19705913337.0,20770610328.0,5.403,2,13.721983333333332,0.330,0.370,None,None,None,None,None,/home/pbermejo/GeneticImprovement/magpie/_magpie_logs/sat4j_1781204992_FOLD3.log,/home/pbermejo/GeneticImprovement/magpie/_magpie_logs/sat4j_1781521471_FOLD3-val_1781204992_UMDAAlgorithm_None.log
sat4j,UMDAAlgorithm,50,100,Perf<Cycles>,5,None,42736622785.0,42153133189.0,-1.365,43760173359.0,41863719655.0,-4.334,1,14.233916666666666,0.360,0.420,None,None,None,None,None,/home/pbermejo/GeneticImprovement/magpie/_magpie_logs/sat4j_1781205191_FOLD5.log,/home/pbermejo/GeneticImprovement/magpie/_magpie_logs/sat4j_1781521501_FOLD5-val_1781205191_UMDAAlgorithm_None.log
sat4j,GeneticProgrammingUniformConcat,50,100,Perf<Cycles>,4,None,83423038457.0,78331340074.0,-6.103,5732174946.0,5847982566.0,2.02,1,39.592099999999995,0.430,0.460,None,None,None,None,None,/home/pbermejo/GeneticImprovement/magpie/_magpie_logs/sat4j_1781202906_FOLD4.log,/home/pbermejo/GeneticImprovement/magpie/_magpie_logs/sat4j_1781521440_FOLD4-val_1781202906_GeneticProgrammingUniformConcat.log
sat4j,UMDAAlgorithm,50,100,Perf<Cycles>,4,None,84168904539.0,79000869496.0,-6.14,5756540538.0,5812004014.0,0.963,1,19.94215,0.410,0.450,None,None,None,None,None,/home/pbermejo/GeneticImprovement/magpie/_magpie_logs/sat4j_1781205139_FOLD4.log,/home/pbermejo/GeneticImprovement/magpie/_magpie_logs/sat4j_1781521500_FOLD4-val_1781205139_UMDAAlgorithm_None.log
sat4j,GeneticProgrammingUniformConcat,50,100,Perf<Cycles>,5,None,45877906990.0,42405982819.0,-7.568,42306250109.0,41790618388.0,-1.219,1,42.48715,0.430,0.470,None,None,None,None,None,/home/pbermejo/GeneticImprovement/magpie/_magpie_logs/sat4j_1781202907_FOLD5.log,/home/pbermejo/GeneticImprovement/magpie/_magpie_logs/sat4j_1781521470_FOLD5-val_1781202907_GeneticProgrammingUniformConcat.log
sat4j,FirstImprovement,None,100,Perf<Cycles>,2,None,79595476512.0,66192519458.0,-16.839,8149513585.0,8410095127.0,3.198,4,53.06135,0.280,0.340,None,None,None,None,None,/home/pbermejo/GeneticImprovement/magpie/_magpie_logs/sat4j_1781202901_FOLD2.log,/home/pbermejo/GeneticImprovement/magpie/_magpie_logs/sat4j_1781521412_FOLD2-val_1781202901_FirstImprovement.log
sat4j,FirstImprovement,None,100,Perf<Cycles>,5,None,45596224596.0,42901081942.0,-5.911,41829499328.0,43237183299.0,3.365,3,54.43795,0.340,0.390,None,None,None,None,None,/home/pbermejo/GeneticImprovement/magpie/_magpie_logs/sat4j_1781202905_FOLD5.log,/home/pbermejo/GeneticImprovement/magpie/_magpie_logs/sat4j_1781521441_FOLD5-val_1781202905_FirstImprovement.log
weka,RandomSearch,None,100,Perf<Cycles>,2,None,105477308828.0,104003887128.0,-1.397,23519833878.0,24014755247.0,2.104,1,18.106683333333333,0.260,0.280,None,None,None,None,None,/home/pbermejo/GeneticImprovement/magpie/_magpie_logs/weka_1781206117_FOLD2.log,/home/pbermejo/GeneticImprovement/magpie/_magpie_logs/weka_1781522281_FOLD2-val_1781206117_RandomSearch.log
weka,RandomSearch,None,100,Perf<Cycles>,1,None,95906614786.0,95760550786.0,-0.152,30481643451.0,30831520351.0,1.148,1,21.257766666666665,0.330,0.330,None,None,None,None,None,/home/pbermejo/GeneticImprovement/magpie/_magpie_logs/weka_1781206032_FOLD1.log,/home/pbermejo/GeneticImprovement/magpie/_magpie_logs/weka_1781522253_FOLD1-val_1781206032_RandomSearch.log
sat4j,FirstImprovement,None,100,Perf<Cycles>,1,None,81130298715.0,75984242110.0,-6.343,8032429048.0,8017406459.0,-0.187,2,60.3597,0.310,0.350,None,None,None,None,None,/home/pbermejo/GeneticImprovement/magpie/_magpie_logs/sat4j_1781202904_FOLD1.log,/home/pbermejo/GeneticImprovement/magpie/_magpie_logs/sat4j_1781521414_FOLD1-val_1781202904_FirstImprovement.log
sat4j,FirstImprovement,None,100,Perf<Cycles>,3,None,67251516984.0,65467409902.0,-2.653,20159353968.0,20538042974.0,1.878,5,61.02195,0.360,0.400,None,None,None,None,None,/home/pbermejo/GeneticImprovement/magpie/_magpie_logs/sat4j_1781202902_FOLD3.log,/home/pbermejo/GeneticImprovement/magpie/_magpie_logs/sat4j_1781521415_FOLD3-val_1781202902_FirstImprovement.log
sat4j,FirstImprovement,None,100,Perf<Cycles>,4,None,76755175398.0,76745279637.0,-0.013,5768576503.0,5670621234.0,-1.698,1,19.26175,0.290,0.330,None,None,None,None,None,/home/pbermejo/GeneticImprovement/magpie/_magpie_logs/sat4j_1781559990_FOLD4.log,/home/pbermejo/GeneticImprovement/magpie/_magpie_logs/sat4j_1781622018_FOLD4-val_1781559990_FirstImprovement.log
weka,RandomSearch,None,100,Perf<Cycles>,4,None,112643815831.0,110903646613.0,-1.545,15815867131.0,15713718752.0,-0.646,1,22.049,0.290,0.300,None,None,None,None,None,/home/pbermejo/GeneticImprovement/magpie/_magpie_logs/weka_1781206445_FOLD4.log,/home/pbermejo/GeneticImprovement/magpie/_magpie_logs/weka_1781522282_FOLD4-val_1781206445_RandomSearch.log
sat4j,RandomSearch,None,100,Perf<Cycles>,5,None,44085125603.0,42240537258.0,-4.184,43019557943.0,39924156566.0,-7.195,1,18.745816666666666,0.300,0.360,None,None,None,None,None,/home/pbermejo/GeneticImprovement/magpie/_magpie_logs/sat4j_1781207423_FOLD5.log,/home/pbermejo/GeneticImprovement/magpie/_magpie_logs/sat4j_1781521560_FOLD5-val_1781207423_RandomSearch.log
sat4j,RandomSearch,None,100,Perf<Cycles>,4,None,80876005044.0,78910211640.0,-2.431,5770706938.0,5743045414.0,-0.479,1,22.776383333333335,0.280,0.340,None,None,None,None,None,/home/pbermejo/GeneticImprovement/magpie/_magpie_logs/sat4j_1781207328_FOLD4.log,/home/pbermejo/GeneticImprovement/magpie/_magpie_logs/sat4j_1781521531_FOLD4-val_1781207328_RandomSearch.log
sat4j,GeneticProgrammingUniformConcat,50,250,Perf<Cycles>,3,None,67901506261.0,62582197823.0,-7.834,19726167923.0,19671015173.0,-0.28,2,31.313366666666663,0.628,0.656,None,None,None,None,None,/home/pbermejo/GeneticImprovement/magpie/_magpie_logs/sat4j_1781208859_FOLD3.log,/home/pbermejo/GeneticImprovement/magpie/_magpie_logs/sat4j_1781521562_FOLD3-val_1781208859_GeneticProgrammingUniformConcat.log
sat4j,GeneticProgrammingUniformConcat,50,250,Perf<Cycles>,5,None,44489922068.0,42367305069.0,-4.771,42170577649.0,43632470807.0,3.467,3,32.37598333333333,0.672,0.708,None,None,None,None,None,/home/pbermejo/GeneticImprovement/magpie/_magpie_logs/sat4j_1781209226_FOLD5.log,/home/pbermejo/GeneticImprovement/magpie/_magpie_logs/sat4j_1781521591_FOLD5-val_1781209226_GeneticProgrammingUniformConcat.log
weka,GeneticProgrammingUniformConcat,50,250,Perf<Cycles>,5,None,104638288854.0,103049859041.0,-1.518,22680861546.0,23358218027.0,2.986,3,45.34083333333333,0.724,0.732,None,None,None,None,None,/home/pbermejo/GeneticImprovement/magpie/_magpie_logs/weka_1781208621_FOLD5.log,/home/pbermejo/GeneticImprovement/magpie/_magpie_logs/weka_1781522311_FOLD5-val_1781208621_GeneticProgrammingUniformConcat.log
sat4j,GeneticProgrammingUniformConcat,50,250,Perf<Cycles>,1,None,80829239498.0,74935856994.0,-7.291,8129248998.0,8028242679.0,-1.243,3,44.134083333333336,0.676,0.688,None,None,None,None,None,/home/pbermejo/GeneticImprovement/magpie/_magpie_logs/sat4j_1781208804_FOLD1.log,/home/pbermejo/GeneticImprovement/magpie/_magpie_logs/sat4j_1781521561_FOLD1-val_1781208804_GeneticProgrammingUniformConcat.log
sat4j,RandomSearch,None,100,Perf<Cycles>,2,None,79968235791.0,77450244832.0,-3.149,8039816266.0,7985716680.0,-0.673,1,54.26236666666667,0.180,0.240,None,None,None,None,None,/home/pbermejo/GeneticImprovement/magpie/_magpie_logs/sat4j_1781207263_FOLD2.log,/home/pbermejo/GeneticImprovement/magpie/_magpie_logs/sat4j_1781521530_FOLD2-val_1781207263_RandomSearch.log
weka,GeneticProgrammingUniformConcat,50,250,Perf<Cycles>,4,None,110914106149.0,110593280125.0,-0.289,15970866845.0,15434258269.0,-3.36,1,52.70656666666666,0.684,0.692,None,None,None,None,None,/home/pbermejo/GeneticImprovement/magpie/_magpie_logs/weka_1781208611_FOLD4.log,/home/pbermejo/GeneticImprovement/magpie/_magpie_logs/weka_1781522312_FOLD4-val_1781208611_GeneticProgrammingUniformConcat.log
sat4j,RandomSearch,None,100,Perf<Cycles>,3,None,67213230021.0,63378722966.0,-5.705,21454904133.0,27807972949.0,29.611,1,63.53616666666667,0.220,0.290,None,None,None,None,None,/home/pbermejo/GeneticImprovement/magpie/_magpie_logs/sat4j_1781207290_FOLD3.log,/home/pbermejo/GeneticImprovement/magpie/_magpie_logs/sat4j_1781521532_FOLD3-val_1781207290_RandomSearch.log
sat4j,RandomSearch,None,100,Perf<Cycles>,1,None,78603396802.0,78295320407.0,-0.392,8233638409.0,8129817899.0,-1.261,1,66.74886666666666,0.250,0.310,None,None,None,None,None,/home/pbermejo/GeneticImprovement/magpie/_magpie_logs/sat4j_1781207171_FOLD1.log,/home/pbermejo/GeneticImprovement/magpie/_magpie_logs/sat4j_1781521502_FOLD1-val_1781207171_RandomSearch.log
weka,FirstImprovement,None,100,Perf<Cycles>,3,None,96755384925.0,96243909140.0,-0.529,32018009224.0,31745348630.0,-0.852,2,139.04465,0.280,0.310,None,None,None,None,None,/home/pbermejo/GeneticImprovement/magpie/_magpie_logs/weka_1781202902_FOLD3.log,/home/pbermejo/GeneticImprovement/magpie/_magpie_logs/weka_1781522192_FOLD3-val_1781202902_FirstImprovement.log
weka,FirstImprovement,None,100,Perf<Cycles>,4,None,114596704834.0,113333518606.0,-1.102,16177746750.0,15591181105.0,-3.626,3,161.01176666666666,0.410,0.450,None,None,None,None,None,/home/pbermejo/GeneticImprovement/magpie/_magpie_logs/weka_1781202903_FOLD4.log,/home/pbermejo/GeneticImprovement/magpie/_magpie_logs/weka_1781522220_FOLD4-val_1781202903_FirstImprovement.log
weka,FirstImprovement,None,100,Perf<Cycles>,2,None,101117542732.0,99480513039.0,-1.619,23644656524.0,22495951557.0,-4.858,4,20.463,0.400,0.420,None,None,None,None,None,/home/pbermejo/GeneticImprovement/magpie/_magpie_logs/weka_1781559991_FOLD2.log,/home/pbermejo/GeneticImprovement/magpie/_magpie_logs/weka_1781621932_FOLD2-val_1781559991_FirstImprovement.log
weka,FirstImprovement,None,250,Perf<Cycles>,3,None,95988326958.0,94224838811.0,-1.837,32103998319.0,31832604706.0,-0.845,3,45.045233333333336,0.296,0.304,None,None,None,None,None,/home/pbermejo/GeneticImprovement/magpie/_magpie_logs/weka_1781211559_FOLD3.log,/home/pbermejo/GeneticImprovement/magpie/_magpie_logs/weka_1781522371_FOLD3-val_1781211559_FirstImprovement.log
weka,FirstImprovement,None,250,Perf<Cycles>,1,None,95867770543.0,94771240694.0,-1.144,30762284235.0,31177485697.0,1.35,2,53.25631666666666,0.344,0.348,None,None,None,None,None,/home/pbermejo/GeneticImprovement/magpie/_magpie_logs/weka_1781211241_FOLD1.log,/home/pbermejo/GeneticImprovement/magpie/_magpie_logs/weka_1781522340_FOLD1-val_1781211241_FirstImprovement.log
weka,FirstImprovement,None,250,Perf<Cycles>,5,None,104608748271.0,103584303531.0,-0.979,23264024449.0,23108526177.0,-0.668,3,47.81986666666667,0.488,0.496,None,None,None,None,None,/home/pbermejo/GeneticImprovement/magpie/_magpie_logs/weka_1781211607_FOLD5.log,/home/pbermejo/GeneticImprovement/magpie/_magpie_logs/weka_1781522373_FOLD5-val_1781211607_FirstImprovement.log
weka,FirstImprovement,None,250,Perf<Cycles>,2,None,105355329282.0,102451031828.0,-2.757,22982416893.0,22957394539.0,-0.109,3,53.74953333333334,0.364,0.372,None,None,None,None,None,/home/pbermejo/GeneticImprovement/magpie/_magpie_logs/weka_1781211464_FOLD2.log,/home/pbermejo/GeneticImprovement/magpie/_magpie_logs/weka_1781522341_FOLD2-val_1781211464_FirstImprovement.log
sat4j,FirstImprovement,None,250,Perf<Cycles>,1,None,79224049308.0,75793764214.0,-4.33,8130194283.0,8067457354.0,-0.772,2,51.2359,0.304,0.344,None,None,None,None,None,/home/pbermejo/GeneticImprovement/magpie/_magpie_logs/sat4j_1781211905_FOLD1.log,/home/pbermejo/GeneticImprovement/magpie/_magpie_logs/sat4j_1781521592_FOLD1-val_1781211905_FirstImprovement.log
weka,UMDAAlgorithm,50,250,Perf<Cycles>,1,None,97959422622.0,94751039056.0,-3.275,31036193129.0,30724367035.0,-1.005,2,46.821749999999994,0.500,0.508,None,None,None,None,None,/home/pbermejo/GeneticImprovement/magpie/_magpie_logs/weka_1781214601_FOLD1.log,/home/pbermejo/GeneticImprovement/magpie/_magpie_logs/weka_1781682303_FOLD1-val_1781214601_UMDAAlgorithm_None.log
weka,UMDAAlgorithm,50,250,Perf<Cycles>,2,None,104349001107.0,102521014285.0,-1.752,23889512911.0,23392462221.0,-2.081,2,53.40956666666667,0.592,0.604,None,None,None,None,None,/home/pbermejo/GeneticImprovement/magpie/_magpie_logs/weka_1781214813_FOLD2.log,/home/pbermejo/GeneticImprovement/magpie/_magpie_logs/weka_1781682361_FOLD2-val_1781214813_UMDAAlgorithm_None.log
weka,UMDAAlgorithm,50,250,Perf<Cycles>,3,None,95319052372.0,93608026625.0,-1.795,31985265832.0,31732343470.0,-0.791,1,50.10373333333334,0.504,0.520,None,None,None,None,None,/home/pbermejo/GeneticImprovement/magpie/_magpie_logs/weka_1781215086_FOLD3.log,/home/pbermejo/GeneticImprovement/magpie/_magpie_logs/weka_1781682407_FOLD3-val_1781215086_UMDAAlgorithm_None.log
sat4j,GeneticProgrammingUniformConcat,50,250,Perf<Cycles>,2,None,80089334682.0,66105802890.0,-17.46,8083150852.0,8338692100.0,3.161,1,138.2414,0.628,0.648,None,None,None,None,None,/home/pbermejo/GeneticImprovement/magpie/_magpie_logs/sat4j_1781208913_FOLD2.log,/home/pbermejo/GeneticImprovement/magpie/_magpie_logs/sat4j_1781521593_FOLD2-val_1781208913_GeneticProgrammingUniformConcat.log
sat4j,GeneticProgrammingUniformConcat,50,250,Perf<Cycles>,4,None,83291802852.0,77933492242.0,-6.433,5892136254.0,5733163797.0,-2.698,1,140.70955,0.672,0.696,None,None,None,None,None,/home/pbermejo/GeneticImprovement/magpie/_magpie_logs/sat4j_1781209198_FOLD4.log,/home/pbermejo/GeneticImprovement/magpie/_magpie_logs/sat4j_1781521590_FOLD4-val_1781209198_GeneticProgrammingUniformConcat.log
sat4j,UMDAAlgorithm,50,250,Perf<Cycles>,1,None,76085659862.0,74663603010.0,-1.869,8256467705.0,9010435015.0,9.132,2,51.07403333333333,0.576,0.600,None,None,None,None,None,/home/pbermejo/GeneticImprovement/magpie/_magpie_logs/sat4j_1781216675_FOLD1.log,/home/pbermejo/GeneticImprovement/magpie/_magpie_logs/sat4j_1781521650_FOLD1-val_1781216675_UMDAAlgorithm_None.log
weka,FirstImprovement,None,100,Perf<Cycles>,1,None,98445450601.0,97869830192.0,-0.585,30399019888.0,30436906175.0,0.125,2,261.42453333333333,0.430,0.440,None,None,None,None,None,/home/pbermejo/GeneticImprovement/magpie/_magpie_logs/weka_1781202901_FOLD1.log,/home/pbermejo/GeneticImprovement/magpie/_magpie_logs/weka_1781522190_FOLD1-val_1781202901_FirstImprovement.log
weka,UMDAAlgorithm,50,250,Perf<Cycles>,5,None,105724237923.0,103910122694.0,-1.716,23047567373.0,23073147427.0,0.111,2,57.564283333333336,0.552,0.560,None,None,None,None,None,/home/pbermejo/GeneticImprovement/magpie/_magpie_logs/weka_1781216482_FOLD5.log,/home/pbermejo/GeneticImprovement/magpie/_magpie_logs/weka_1781682501_FOLD5-val_1781216482_UMDAAlgorithm_None.log
weka,RandomSearch,None,100,Perf<Cycles>,3,None,97674369481.0,96301384273.0,-1.406,32294723525.0,31815845611.0,-1.483,1,203.28556666666665,0.290,0.320,None,None,None,None,None,/home/pbermejo/GeneticImprovement/magpie/_magpie_logs/weka_1781206444_FOLD3.log,/home/pbermejo/GeneticImprovement/magpie/_magpie_logs/weka_1781522280_FOLD3-val_1781206444_RandomSearch.log
sat4j,UMDAAlgorithm,50,250,Perf<Cycles>,2,None,81384669240.0,74796741690.0,-8.095,8093850562.0,8094957227.0,0.014,2,49.269216666666665,0.504,0.544,None,None,None,None,None,/home/pbermejo/GeneticImprovement/magpie/_magpie_logs/sat4j_1781217527_FOLD2.log,/home/pbermejo/GeneticImprovement/magpie/_magpie_logs/sat4j_1781521654_FOLD2-val_1781217527_UMDAAlgorithm_None.log
sat4j,UMDAAlgorithm,50,250,Perf<Cycles>,3,None,68193284277.0,62639048822.0,-8.145,19014187192.0,29261622937.0,53.894,2,42.66996666666667,0.496,0.536,None,None,None,None,None,/home/pbermejo/GeneticImprovement/magpie/_magpie_logs/sat4j_1781218141_FOLD3.log,/home/pbermejo/GeneticImprovement/magpie/_magpie_logs/sat4j_1781521652_FOLD3-val_1781218141_UMDAAlgorithm_None.log
sat4j,UMDAAlgorithm,50,250,Perf<Cycles>,4,None,79854653351.0,32648526754.0,-59.115,5783684326.0,5787232242.0,0.061,1,49.53621666666666,0.532,0.560,None,None,None,None,None,/home/pbermejo/GeneticImprovement/magpie/_magpie_logs/sat4j_1781218206_FOLD4.log,/home/pbermejo/GeneticImprovement/magpie/_magpie_logs/sat4j_1781521681_FOLD4-val_1781218206_UMDAAlgorithm_None.log
weka,FirstImprovement,None,100,Perf<Cycles>,5,None,106404729752.0,105044777984.0,-1.278,23466495973.0,22943842057.0,-2.227,3,297.1556166666667,0.470,0.480,None,None,None,None,None,/home/pbermejo/GeneticImprovement/magpie/_magpie_logs/weka_1781202905_FOLD5.log,/home/pbermejo/GeneticImprovement/magpie/_magpie_logs/weka_1781522221_FOLD5-val_1781202905_FirstImprovement.log
weka,RandomSearch,None,100,Perf<Cycles>,5,None,107401898286.0,106485406014.0,-0.853,23446247744.0,22735995332.0,-3.029,1,243.6124,0.330,0.370,None,None,None,None,None,/home/pbermejo/GeneticImprovement/magpie/_magpie_logs/weka_1781206585_FOLD5.log,/home/pbermejo/GeneticImprovement/magpie/_magpie_logs/weka_1781522315_FOLD5-val_1781206585_RandomSearch.log
weka,RandomSearch,None,250,Perf<Cycles>,1,None,97063201758.0,95656568447.0,-1.449,30777357915.0,31072873610.0,0.96,1,50.503816666666665,0.312,0.316,None,None,None,None,None,/home/pbermejo/GeneticImprovement/magpie/_magpie_logs/weka_1781220061_FOLD1.log,/home/pbermejo/GeneticImprovement/magpie/_magpie_logs/weka_1781522434_FOLD1-val_1781220061_RandomSearch.log
sat4j,FirstImprovement,None,250,Perf<Cycles>,2,None,80946566000.0,63412357439.0,-21.661,8035893642.0,8705021537.0,8.327,3,168.07105,0.296,0.352,None,None,None,None,None,/home/pbermejo/GeneticImprovement/magpie/_magpie_logs/sat4j_1781212224_FOLD2.log,/home/pbermejo/GeneticImprovement/magpie/_magpie_logs/sat4j_1781521621_FOLD2-val_1781212224_FirstImprovement.log
weka,RandomSearch,None,250,Perf<Cycles>,5,None,106263869694.0,102980327496.0,-3.09,22828747555.0,23295896526.0,2.046,1,49.54946666666667,0.284,0.308,None,None,None,None,None,/home/pbermejo/GeneticImprovement/magpie/_magpie_logs/weka_1781220797_FOLD5.log,/home/pbermejo/GeneticImprovement/magpie/_magpie_logs/weka_1781522460_FOLD5-val_1781220797_RandomSearch.log
weka,RandomSearch,None,250,Perf<Cycles>,4,None,111953614324.0,110531067501.0,-1.271,15863377180.0,15216669576.0,-4.077,1,53.70526666666667,0.308,0.312,None,None,None,None,None,/home/pbermejo/GeneticImprovement/magpie/_magpie_logs/weka_1781220592_FOLD4.log,/home/pbermejo/GeneticImprovement/magpie/_magpie_logs/weka_1781522432_FOLD4-val_1781220592_RandomSearch.log
sat4j,RandomSearch,None,250,Perf<Cycles>,2,None,79555470826.0,75401599582.0,-5.221,8098348353.0,8150426791.0,0.643,1,47.94695,0.260,0.296,None,None,None,None,None,/home/pbermejo/GeneticImprovement/magpie/_magpie_logs/sat4j_1781221287_FOLD2.log,/home/pbermejo/GeneticImprovement/magpie/_magpie_logs/sat4j_1781521711_FOLD2-val_1781221287_RandomSearch.log
sat4j,FirstImprovement,None,250,Perf<Cycles>,3,None,66407835784.0,65347806335.0,-1.596,21161730770.0,19894055474.0,-5.99,1,178.65578333333332,0.312,0.348,None,None,None,None,None,/home/pbermejo/GeneticImprovement/magpie/_magpie_logs/sat4j_1781212437_FOLD3.log,/home/pbermejo/GeneticImprovement/magpie/_magpie_logs/sat4j_1781521620_FOLD3-val_1781212437_FirstImprovement.log
sat4j,FirstImprovement,None,250,Perf<Cycles>,4,None,80248463896.0,78743180387.0,-1.876,5766905401.0,5778309436.0,0.198,2,182.31668333333334,0.296,0.360,None,None,None,None,None,/home/pbermejo/GeneticImprovement/magpie/_magpie_logs/sat4j_1781212747_FOLD4.log,/home/pbermejo/GeneticImprovement/magpie/_magpie_logs/sat4j_1781521651_FOLD4-val_1781212747_FirstImprovement.log
sat4j,FirstImprovement,None,250,Perf<Cycles>,5,None,46259351260.0,42968068250.0,-7.115,42083142936.0,41492844694.0,-1.403,4,170.34251666666665,0.324,0.376,None,None,None,None,None,/home/pbermejo/GeneticImprovement/magpie/_magpie_logs/sat4j_1781214053_FOLD5.log,/home/pbermejo/GeneticImprovement/magpie/_magpie_logs/sat4j_1781521653_FOLD5-val_1781214053_FirstImprovement.log
sat4j,RandomSearch,None,250,Perf<Cycles>,4,None,82853889503.0,77419837277.0,-6.559,5791090962.0,5840815242.0,0.859,1,52.985483333333335,0.272,0.344,None,None,None,None,None,/home/pbermejo/GeneticImprovement/magpie/_magpie_logs/sat4j_1781222584_FOLD4.log,/home/pbermejo/GeneticImprovement/magpie/_magpie_logs/sat4j_1781521710_FOLD4-val_1781222584_RandomSearch.log
sat4j,UMDAAlgorithm,50,250,Perf<Cycles>,5,None,45848692787.0,43364501487.0,-5.418,42689560430.0,41043200608.0,-3.857,2,155.2807,0.520,0.544,None,None,None,None,None,/home/pbermejo/GeneticImprovement/magpie/_magpie_logs/sat4j_1781218522_FOLD5.log,/home/pbermejo/GeneticImprovement/magpie/_magpie_logs/sat4j_1781521680_FOLD5-val_1781218522_UMDAAlgorithm_None.log
weka,GeneticProgrammingUniformConcat,50,500,Perf<Cycles>,1,None,98544123308.0,94532890755.0,-4.07,29792337545.0,30996981493.0,4.043,3,125.24065,0.772,0.778,None,None,None,None,None,/home/pbermejo/GeneticImprovement/magpie/_magpie_logs/weka_1781224271_FOLD1.log,/home/pbermejo/GeneticImprovement/magpie/_magpie_logs/weka_1781522461_FOLD1-val_1781224271_GeneticProgrammingUniformConcat.log
sat4j,RandomSearch,None,250,Perf<Cycles>,1,None,79506288368.0,74954931455.0,-5.725,8042740498.0,8203303225.0,1.996,1,165.12359999999998,0.264,0.324,None,None,None,None,None,/home/pbermejo/GeneticImprovement/magpie/_magpie_logs/sat4j_1781220890_FOLD1.log,/home/pbermejo/GeneticImprovement/magpie/_magpie_logs/sat4j_1781521712_FOLD1-val_1781220890_RandomSearch.log
weka,GeneticProgrammingUniformConcat,50,500,Perf<Cycles>,5,None,104911302303.0,103174445011.0,-1.656,22551950604.0,22652257216.0,0.445,2,99.97698333333332,0.786,0.790,None,None,None,None,None,/home/pbermejo/GeneticImprovement/magpie/_magpie_logs/weka_1781225874_FOLD5.log,/home/pbermejo/GeneticImprovement/magpie/_magpie_logs/weka_1781522492_FOLD5-val_1781225874_GeneticProgrammingUniformConcat.log
sat4j,GeneticProgrammingUniformConcat,50,500,Perf<Cycles>,3,None,64797671932.0,61839410659.0,-4.565,19379809262.0,27079701327.0,39.732,3,88.35249999999999,0.744,0.764,None,None,None,None,None,/home/pbermejo/GeneticImprovement/magpie/_magpie_logs/sat4j_1781227088_FOLD3.log,/home/pbermejo/GeneticImprovement/magpie/_magpie_logs/sat4j_1781521770_FOLD3-val_1781227088_GeneticProgrammingUniformConcat.log
sat4j,GeneticProgrammingUniformConcat,50,500,Perf<Cycles>,1,None,79428324902.0,75569617186.0,-4.858,8401965599.0,8026779318.0,-4.465,3,108.25708333333334,0.748,0.762,None,None,None,None,None,/home/pbermejo/GeneticImprovement/magpie/_magpie_logs/sat4j_1781226184_FOLD1.log,/home/pbermejo/GeneticImprovement/magpie/_magpie_logs/sat4j_1781521740_FOLD1-val_1781226184_GeneticProgrammingUniformConcat.log
sat4j,GeneticProgrammingUniformConcat,50,500,Perf<Cycles>,2,None,78911090652.0,62923393090.0,-20.26,8169735942.0,8502379071.0,4.072,4,106.47323333333334,0.764,0.780,None,None,None,None,None,/home/pbermejo/GeneticImprovement/magpie/_magpie_logs/sat4j_1781226471_FOLD2.log,/home/pbermejo/GeneticImprovement/magpie/_magpie_logs/sat4j_1781521741_FOLD2-val_1781226471_GeneticProgrammingUniformConcat.log
weka,GeneticProgrammingUniformConcat,50,250,Perf<Cycles>,1,None,101084371288.0,99079399054.0,-1.983,30993012741.0,30783540447.0,-0.676,2,391.42601666666667,0.692,0.696,None,None,None,None,None,/home/pbermejo/GeneticImprovement/magpie/_magpie_logs/weka_1781208096_FOLD1.log,/home/pbermejo/GeneticImprovement/magpie/_magpie_logs/weka_1781522314_FOLD1-val_1781208096_GeneticProgrammingUniformConcat.log
sat4j,RandomSearch,None,250,Perf<Cycles>,3,None,67467698318.0,63746064562.0,-5.516,19207406413.0,20225543117.0,5.301,1,173.567,0.272,0.336,None,None,None,None,None,/home/pbermejo/GeneticImprovement/magpie/_magpie_logs/sat4j_1781222215_FOLD3.log,/home/pbermejo/GeneticImprovement/magpie/_magpie_logs/sat4j_1781521713_FOLD3-val_1781222215_RandomSearch.log
sat4j,RandomSearch,None,250,Perf<Cycles>,5,None,43546665410.0,29950926769.0,-31.221,42041788561.0,9093474590.0,-78.37,1,173.292,0.280,0.356,None,None,None,None,None,/home/pbermejo/GeneticImprovement/magpie/_magpie_logs/sat4j_1781223112_FOLD5.log,/home/pbermejo/GeneticImprovement/magpie/_magpie_logs/sat4j_1781521742_FOLD5-val_1781223112_RandomSearch.log
weka,GeneticProgrammingUniformConcat,50,250,Perf<Cycles>,2,None,106998856415.0,104915278092.0,-1.947,23487631425.0,22827899757.0,-2.809,1,425.29498333333333,0.716,0.724,None,None,None,None,None,/home/pbermejo/GeneticImprovement/magpie/_magpie_logs/weka_1781208097_FOLD2.log,/home/pbermejo/GeneticImprovement/magpie/_magpie_logs/weka_1781522313_FOLD2-val_1781208097_GeneticProgrammingUniformConcat.log
weka,FirstImprovement,None,500,Perf<Cycles>,3,None,95271466532.0,93285367471.0,-2.085,32186428165.0,31617823064.0,-1.767,6,85.87096666666666,0.320,0.334,None,None,None,None,None,/home/pbermejo/GeneticImprovement/magpie/_magpie_logs/weka_1781232304_FOLD3.log,/home/pbermejo/GeneticImprovement/magpie/_magpie_logs/weka_1781522520_FOLD3-val_1781232304_FirstImprovement.log
weka,FirstImprovement,None,500,Perf<Cycles>,4,None,112097965046.0,109334529358.0,-2.465,15559511987.0,16038446318.0,3.078,4,89.7253,0.430,0.436,None,None,None,None,None,/home/pbermejo/GeneticImprovement/magpie/_magpie_logs/weka_1781232483_FOLD4.log,/home/pbermejo/GeneticImprovement/magpie/_magpie_logs/weka_1781522521_FOLD4-val_1781232483_FirstImprovement.log
weka,FirstImprovement,None,500,Perf<Cycles>,1,None,96557500313.0,94671599352.0,-1.953,31003693128.0,30415791007.0,-1.896,4,99.62481666666666,0.350,0.362,None,None,None,None,None,/home/pbermejo/GeneticImprovement/magpie/_magpie_logs/weka_1781231997_FOLD1.log,/home/pbermejo/GeneticImprovement/magpie/_magpie_logs/weka_1781522491_FOLD1-val_1781231997_FirstImprovement.log
weka,FirstImprovement,None,500,Perf<Cycles>,2,None,104054589375.0,102605014979.0,-1.393,23269612850.0,22829393752.0,-1.892,6,108.78933333333333,0.322,0.326,None,None,None,None,None,/home/pbermejo/GeneticImprovement/magpie/_magpie_logs/weka_1781232274_FOLD2.log,/home/pbermejo/GeneticImprovement/magpie/_magpie_logs/weka_1781522493_FOLD2-val_1781232274_FirstImprovement.log
weka,FirstImprovement,None,500,Perf<Cycles>,5,None,104637775074.0,102686158890.0,-1.865,22855174181.0,22457963283.0,-1.738,4,102.48196666666666,0.388,0.400,None,None,None,None,None,/home/pbermejo/GeneticImprovement/magpie/_magpie_logs/weka_1781232786_FOLD5.log,/home/pbermejo/GeneticImprovement/magpie/_magpie_logs/weka_1781522522_FOLD5-val_1781232786_FirstImprovement.log
sat4j,FirstImprovement,None,500,Perf<Cycles>,1,None,77347279446.0,75892685592.0,-1.881,8299821130.0,8077499194.0,-2.679,5,102.84091666666667,0.348,0.386,None,None,None,None,None,/home/pbermejo/GeneticImprovement/magpie/_magpie_logs/sat4j_1781232966_FOLD1.log,/home/pbermejo/GeneticImprovement/magpie/_magpie_logs/sat4j_1781521771_FOLD1-val_1781232966_FirstImprovement.log
weka,GeneticProgrammingUniformConcat,50,250,Perf<Cycles>,3,None,98068908616.0,95781631034.0,-2.332,32838647872.0,32335298492.0,-1.533,3,519.27045,0.700,0.712,None,None,None,None,None,/home/pbermejo/GeneticImprovement/magpie/_magpie_logs/weka_1781208663_FOLD3.log,/home/pbermejo/GeneticImprovement/magpie/_magpie_logs/weka_1781522342_FOLD3-val_1781208663_GeneticProgrammingUniformConcat.log
weka,FirstImprovement,None,250,Perf<Cycles>,4,None,116447705397.0,113245969094.0,-2.75,15323523027.0,15399058888.0,0.493,7,490.70795,0.508,0.512,None,None,None,None,None,/home/pbermejo/GeneticImprovement/magpie/_magpie_logs/weka_1781211679_FOLD4.log,/home/pbermejo/GeneticImprovement/magpie/_magpie_logs/weka_1781522375_FOLD4-val_1781211679_FirstImprovement.log
weka,UMDAAlgorithm,50,500,Perf<Cycles>,2,None,103033197085.0,102229098053.0,-0.78,22878626399.0,23265316199.0,1.69,2,98.02326666666666,0.574,0.580,None,None,None,None,None,/home/pbermejo/GeneticImprovement/magpie/_magpie_logs/weka_1781239057_FOLD2.log,/home/pbermejo/GeneticImprovement/magpie/_magpie_logs/weka_1781682593_FOLD2-val_1781239057_UMDAAlgorithm_None.log
weka,UMDAAlgorithm,50,500,Perf<Cycles>,3,None,96052038736.0,93738160771.0,-2.409,32338886480.0,31376400934.0,-2.976,1,106.92701666666667,0.562,0.570,None,None,None,None,None,/home/pbermejo/GeneticImprovement/magpie/_magpie_logs/weka_1781239244_FOLD3.log,/home/pbermejo/GeneticImprovement/magpie/_magpie_logs/weka_1781682696_FOLD3-val_1781239244_UMDAAlgorithm_None.log
weka,UMDAAlgorithm,50,500,Perf<Cycles>,4,None,111870538169.0,109554190013.0,-2.071,15570959122.0,15687869942.0,0.751,1,111.38816666666666,0.584,0.588,None,None,None,None,None,/home/pbermejo/GeneticImprovement/magpie/_magpie_logs/weka_1781239648_FOLD4.log,/home/pbermejo/GeneticImprovement/magpie/_magpie_logs/weka_1781682753_FOLD4-val_1781239648_UMDAAlgorithm_None.log
sat4j,GeneticProgrammingUniformConcat,50,500,Perf<Cycles>,5,None,44678947610.0,42807845007.0,-4.188,42112104943.0,42380386679.0,0.637,2,293.98589999999996,0.784,0.804,None,None,None,None,None,/home/pbermejo/GeneticImprovement/magpie/_magpie_logs/sat4j_1781229071_FOLD5.log,/home/pbermejo/GeneticImprovement/magpie/_magpie_logs/sat4j_1781521772_FOLD5-val_1781229071_GeneticProgrammingUniformConcat.log
weka,RandomSearch,None,250,Perf<Cycles>,3,None,97554242901.0,95411002844.0,-2.197,32749765930.0,31547351585.0,-3.672,1,434.5355833333333,0.296,0.312,None,None,None,None,None,/home/pbermejo/GeneticImprovement/magpie/_magpie_logs/weka_1781220537_FOLD3.log,/home/pbermejo/GeneticImprovement/magpie/_magpie_logs/weka_1781522431_FOLD3-val_1781220537_RandomSearch.log
sat4j,UMDAAlgorithm,50,500,Perf<Cycles>,2,None,77444200234.0,70689859672.0,-8.722,8098901804.0,8530916373.0,5.334,1,95.94454999999999,0.560,0.586,None,None,None,None,None,/home/pbermejo/GeneticImprovement/magpie/_magpie_logs/sat4j_1781242751_FOLD2.log,/home/pbermejo/GeneticImprovement/magpie/_magpie_logs/sat4j_1781521830_FOLD2-val_1781242751_UMDAAlgorithm_None.log
sat4j,GeneticProgrammingUniformConcat,50,500,Perf<Cycles>,4,None,79973401193.0,77456124214.0,-3.148,5841485026.0,5659686897.0,-3.112,5,332.1864833333333,0.748,0.768,None,None,None,None,None,/home/pbermejo/GeneticImprovement/magpie/_magpie_logs/sat4j_1781228465_FOLD4.log,/home/pbermejo/GeneticImprovement/magpie/_magpie_logs/sat4j_1781521773_FOLD4-val_1781228465_GeneticProgrammingUniformConcat.log
sat4j,UMDAAlgorithm,50,500,Perf<Cycles>,5,None,43190972475.0,28836250879.0,-33.235,41786614225.0,9161598601.0,-78.075,2,75.49261666666666,0.552,0.596,None,None,None,None,None,/home/pbermejo/GeneticImprovement/magpie/_magpie_logs/sat4j_1781245062_FOLD5.log,/home/pbermejo/GeneticImprovement/magpie/_magpie_logs/sat4j_1781521860_FOLD5-val_1781245062_UMDAAlgorithm_None.log
weka,UMDAAlgorithm,50,250,Perf<Cycles>,4,None,114418533340.0,113028045111.0,-1.215,15428839392.0,15812265140.0,2.485,1,529.0444666666667,0.568,0.568,None,None,None,None,None,/home/pbermejo/GeneticImprovement/magpie/_magpie_logs/weka_1781216384_FOLD4.log,/home/pbermejo/GeneticImprovement/magpie/_magpie_logs/weka_1781682465_FOLD4-val_1781216384_UMDAAlgorithm_None.log
sat4j,UMDAAlgorithm,50,500,Perf<Cycles>,4,None,81422884962.0,77428623925.0,-4.906,5781575312.0,5951011917.0,2.931,1,108.33208333333333,0.582,0.624,None,None,None,None,None,/home/pbermejo/GeneticImprovement/magpie/_magpie_logs/sat4j_1781244312_FOLD4.log,/home/pbermejo/GeneticImprovement/magpie/_magpie_logs/sat4j_1781521861_FOLD4-val_1781244312_UMDAAlgorithm_None.log
weka,RandomSearch,None,250,Perf<Cycles>,2,None,107444818452.0,104895810789.0,-2.372,23857386280.0,23440911891.0,-1.746,1,482.96763333333337,0.316,0.328,None,None,None,None,None,/home/pbermejo/GeneticImprovement/magpie/_magpie_logs/weka_1781220399_FOLD2.log,/home/pbermejo/GeneticImprovement/magpie/_magpie_logs/weka_1781522433_FOLD2-val_1781220399_RandomSearch.log
sat4j,FirstImprovement,None,500,Perf<Cycles>,2,None,78175739769.0,32122272510.0,-58.91,7877822550.0,5799750127.0,-26.379,4,292.92314999999996,0.346,0.382,None,None,None,None,None,/home/pbermejo/GeneticImprovement/magpie/_magpie_logs/sat4j_1781233360_FOLD2.log,/home/pbermejo/GeneticImprovement/magpie/_magpie_logs/sat4j_1781521800_FOLD2-val_1781233360_FirstImprovement.log
weka,RandomSearch,None,500,Perf<Cycles>,3,None,94092518061.0,93234079534.0,-0.912,31678315332.0,31652458873.0,-0.082,1,95.92386666666667,0.318,0.334,None,None,None,None,None,/home/pbermejo/GeneticImprovement/magpie/_magpie_logs/weka_1781248616_FOLD3.log,/home/pbermejo/GeneticImprovement/magpie/_magpie_logs/weka_1781522581_FOLD3-val_1781248616_RandomSearch.log
sat4j,FirstImprovement,None,500,Perf<Cycles>,3,None,68486269332.0,63867010572.0,-6.745,19902526767.0,19685075803.0,-1.093,2,327.4958666666667,0.298,0.336,None,None,None,None,None,/home/pbermejo/GeneticImprovement/magpie/_magpie_logs/sat4j_1781233771_FOLD3.log,/home/pbermejo/GeneticImprovement/magpie/_magpie_logs/sat4j_1781521802_FOLD3-val_1781233771_FirstImprovement.log
sat4j,FirstImprovement,None,500,Perf<Cycles>,4,None,78687869215.0,76414827471.0,-2.889,5833396489.0,5485815070.0,-5.958,2,339.94551666666666,0.294,0.354,None,None,None,None,None,/home/pbermejo/GeneticImprovement/magpie/_magpie_logs/sat4j_1781234020_FOLD4.log,/home/pbermejo/GeneticImprovement/magpie/_magpie_logs/sat4j_1781521801_FOLD4-val_1781234020_FirstImprovement.log
sat4j,RandomSearch,None,500,Perf<Cycles>,1,None,79546272117.0,31286195027.0,-60.669,8172087264.0,7970057249.0,-2.472,1,97.71263333333333,0.280,0.332,None,None,None,None,None,/home/pbermejo/GeneticImprovement/magpie/_magpie_logs/sat4j_1781249740_FOLD1.log,/home/pbermejo/GeneticImprovement/magpie/_magpie_logs/sat4j_1781521862_FOLD1-val_1781249740_RandomSearch.log
weka,RandomSearch,None,500,Perf<Cycles>,5,None,104919639495.0,102569297342.0,-2.24,22714792053.0,22947280134.0,1.024,1,103.51278333333333,0.308,0.328,None,None,None,None,None,/home/pbermejo/GeneticImprovement/magpie/_magpie_logs/weka_1781249663_FOLD5.log,/home/pbermejo/GeneticImprovement/magpie/_magpie_logs/weka_1781522613_FOLD5-val_1781249663_RandomSearch.log
sat4j,FirstImprovement,None,500,Perf<Cycles>,5,None,43955428893.0,27732322190.0,-36.908,41954404625.0,8562902439.0,-79.59,5,337.6873166666667,0.346,0.402,None,None,None,None,None,/home/pbermejo/GeneticImprovement/magpie/_magpie_logs/sat4j_1781234722_FOLD5.log,/home/pbermejo/GeneticImprovement/magpie/_magpie_logs/sat4j_1781521832_FOLD5-val_1781234722_FirstImprovement.log
sat4j,RandomSearch,None,500,Perf<Cycles>,3,None,65748380463.0,32643809574.0,-50.35,19675710075.0,6750290524.0,-65.692,1,94.18428333333333,0.292,0.352,None,None,None,None,None,/home/pbermejo/GeneticImprovement/magpie/_magpie_logs/sat4j_1781250921_FOLD3.log,/home/pbermejo/GeneticImprovement/magpie/_magpie_logs/sat4j_1781521890_FOLD3-val_1781250921_RandomSearch.log
sat4j,UMDAAlgorithm,50,500,Perf<Cycles>,1,None,79593184151.0,66091408774.0,-16.963,8209355501.0,8503743044.0,3.586,1,324.50506666666666,0.576,0.604,None,None,None,None,None,/home/pbermejo/GeneticImprovement/magpie/_magpie_logs/sat4j_1781241989_FOLD1.log,/home/pbermejo/GeneticImprovement/magpie/_magpie_logs/sat4j_1781521831_FOLD1-val_1781241989_UMDAAlgorithm_None.log
sat4j,UMDAAlgorithm,50,500,Perf<Cycles>,3,None,64695076960.0,62434104438.0,-3.495,19555713202.0,27284285904.0,39.521,2,315.52205,0.564,0.598,None,None,None,None,None,/home/pbermejo/GeneticImprovement/magpie/_magpie_logs/sat4j_1781243230_FOLD3.log,/home/pbermejo/GeneticImprovement/magpie/_magpie_logs/sat4j_1781521863_FOLD3-val_1781243230_UMDAAlgorithm_None.log
weka,GeneticProgrammingUniformConcat,50,750,Perf<Cycles>,2,None,104898413306.0,102955825897.0,-1.852,23169100528.0,23444724749.0,1.19,5,164.55326666666667,0.787,0.789,None,None,None,None,None,/home/pbermejo/GeneticImprovement/magpie/_magpie_logs/weka_1781255709_FOLD2.log,/home/pbermejo/GeneticImprovement/magpie/_magpie_logs/weka_1781522611_FOLD2-val_1781255709_GeneticProgrammingUniformConcat.log
sat4j,GeneticProgrammingUniformConcat,50,750,Perf<Cycles>,3,None,66411554564.0,59732049616.0,-10.058,19942199948.0,24957263928.0,25.148,5,114.39938333333333,0.780,0.796,None,None,None,None,None,/home/pbermejo/GeneticImprovement/magpie/_magpie_logs/sat4j_1781259687_FOLD3.log,/home/pbermejo/GeneticImprovement/magpie/_magpie_logs/sat4j_1781623692_FOLD3-val_1781259687_GeneticProgrammingUniformConcat.log
weka,GeneticProgrammingUniformConcat,50,750,Perf<Cycles>,3,None,95365727975.0,92781929435.0,-2.709,31994471424.0,31493205698.0,-1.567,2,179.81785,0.785,0.789,None,None,None,None,None,/home/pbermejo/GeneticImprovement/magpie/_magpie_logs/weka_1781255997_FOLD3.log,/home/pbermejo/GeneticImprovement/magpie/_magpie_logs/weka_1781522612_FOLD3-val_1781255997_GeneticProgrammingUniformConcat.log
sat4j,GeneticProgrammingUniformConcat,50,750,Perf<Cycles>,2,None,76050857813.0,62742078213.0,-17.5,8111433656.0,8289631953.0,2.197,3,138.79156666666668,0.768,0.784,None,None,None,None,None,/home/pbermejo/GeneticImprovement/magpie/_magpie_logs/sat4j_1781259492_FOLD2.log,/home/pbermejo/GeneticImprovement/magpie/_magpie_logs/sat4j_1781521920_FOLD2-val_1781259492_GeneticProgrammingUniformConcat.log
weka,GeneticProgrammingUniformConcat,50,750,Perf<Cycles>,5,None,105851175141.0,102815298690.0,-2.868,22816588657.0,22741107698.0,-0.331,3,205.79205,0.828,0.831,None,None,None,None,None,/home/pbermejo/GeneticImprovement/magpie/_magpie_logs/weka_1781256667_FOLD5.log,/home/pbermejo/GeneticImprovement/magpie/_magpie_logs/weka_1781522642_FOLD5-val_1781256667_GeneticProgrammingUniformConcat.log
sat4j,RandomSearch,None,500,Perf<Cycles>,2,None,78684257645.0,75607251089.0,-3.911,8198063201.0,8068728545.0,-1.578,1,334.08385,0.294,0.340,None,None,None,None,None,/home/pbermejo/GeneticImprovement/magpie/_magpie_logs/sat4j_1781249833_FOLD2.log,/home/pbermejo/GeneticImprovement/magpie/_magpie_logs/sat4j_1781521891_FOLD2-val_1781249833_RandomSearch.log
sat4j,RandomSearch,None,500,Perf<Cycles>,5,None,44320618977.0,29737196813.0,-32.904,43809684777.0,9266570956.0,-78.848,1,320.37213333333335,0.296,0.364,None,None,None,None,None,/home/pbermejo/GeneticImprovement/magpie/_magpie_logs/sat4j_1781251349_FOLD5.log,/home/pbermejo/GeneticImprovement/magpie/_magpie_logs/sat4j_1781521921_FOLD5-val_1781251349_RandomSearch.log
sat4j,GeneticProgrammingUniformConcat,50,750,Perf<Cycles>,4,None,82157393067.0,76429245250.0,-6.972,5806074904.0,5790267496.0,-0.272,4,169.92443333333333,0.797,0.809,None,None,None,None,None,/home/pbermejo/GeneticImprovement/magpie/_magpie_logs/sat4j_1781261888_FOLD4.log,/home/pbermejo/GeneticImprovement/magpie/_magpie_logs/sat4j_1781623689_FOLD4-val_1781261888_GeneticProgrammingUniformConcat.log
sat4j,RandomSearch,None,500,Perf<Cycles>,4,None,81354776963.0,78218074623.0,-3.856,5699903472.0,5853781335.0,2.7,1,359.40796666666665,0.308,0.374,None,None,None,None,None,/home/pbermejo/GeneticImprovement/magpie/_magpie_logs/sat4j_1781251266_FOLD4.log,/home/pbermejo/GeneticImprovement/magpie/_magpie_logs/sat4j_1781521892_FOLD4-val_1781251266_RandomSearch.log
weka,GeneticProgrammingUniformConcat,50,500,Perf<Cycles>,2,None,107272271633.0,105266291865.0,-1.87,22804391346.0,23858219380.0,4.621,4,827.5766500000001,0.784,0.786,None,None,None,None,None,/home/pbermejo/GeneticImprovement/magpie/_magpie_logs/weka_1781224478_FOLD2.log,/home/pbermejo/GeneticImprovement/magpie/_magpie_logs/weka_1781522462_FOLD2-val_1781224478_GeneticProgrammingUniformConcat.log
weka,FirstImprovement,None,750,Perf<Cycles>,1,None,96833019230.0,94757105951.0,-2.144,30787281384.0,30602871463.0,-0.599,8,141.22106666666664,0.420,0.433,None,None,None,None,None,/home/pbermejo/GeneticImprovement/magpie/_magpie_logs/weka_1781269159_FOLD1.log,/home/pbermejo/GeneticImprovement/magpie/_magpie_logs/weka_1781522641_FOLD1-val_1781269159_FirstImprovement.log
weka,FirstImprovement,None,750,Perf<Cycles>,2,None,104636648155.0,101932787220.0,-2.584,24022651749.0,23319098707.0,-2.929,5,151.83556666666667,0.331,0.337,None,None,None,None,None,/home/pbermejo/GeneticImprovement/magpie/_magpie_logs/weka_1781270453_FOLD2.log,/home/pbermejo/GeneticImprovement/magpie/_magpie_logs/weka_1781522673_FOLD2-val_1781270453_FirstImprovement.log
weka,FirstImprovement,None,750,Perf<Cycles>,5,None,104506553693.0,102669144464.0,-1.758,23182554327.0,22543772410.0,-2.755,6,159.33536666666666,0.365,0.375,None,None,None,None,None,/home/pbermejo/GeneticImprovement/magpie/_magpie_logs/weka_1781272189_FOLD5.log,/home/pbermejo/GeneticImprovement/magpie/_magpie_logs/weka_1781522672_FOLD5-val_1781272189_FirstImprovement.log
sat4j,FirstImprovement,None,750,Perf<Cycles>,4,None,80867462877.0,27983045309.0,-65.396,5884875678.0,5446103331.0,-7.456,12,145.00055,0.355,0.409,None,None,None,None,None,/home/pbermejo/GeneticImprovement/magpie/_magpie_logs/sat4j_1781275733_FOLD4.log,/home/pbermejo/GeneticImprovement/magpie/_magpie_logs/sat4j_1781623696_FOLD4-val_1781275733_FirstImprovement.log
weka,GeneticProgrammingUniformConcat,50,500,Perf<Cycles>,3,None,97872418688.0,95253299783.0,-2.676,32296522676.0,31943794206.0,-1.092,3,965.7047166666667,0.792,0.798,None,None,None,None,None,/home/pbermejo/GeneticImprovement/magpie/_magpie_logs/weka_1781224935_FOLD3.log,/home/pbermejo/GeneticImprovement/magpie/_magpie_logs/weka_1781522494_FOLD3-val_1781224935_GeneticProgrammingUniformConcat.log
sat4j,GeneticProgrammingUniformConcat,50,750,Perf<Cycles>,5,None,43776155736.0,42346581146.0,-3.266,40160802730.0,43250052545.0,7.692,2,385.35545,0.803,0.813,None,None,None,None,None,/home/pbermejo/GeneticImprovement/magpie/_magpie_logs/sat4j_1781262613_FOLD5.log,/home/pbermejo/GeneticImprovement/magpie/_magpie_logs/sat4j_1781623690_FOLD5-val_1781262613_GeneticProgrammingUniformConcat.log
weka,UMDAAlgorithm,50,750,Perf<Cycles>,1,None,96381655448.0,94321309796.0,-2.138,30865407584.0,31134899492.0,0.873,1,134.29541666666668,0.576,0.580,None,None,None,None,None,/home/pbermejo/GeneticImprovement/magpie/_magpie_logs/weka_1781281793_FOLD1.log,/home/pbermejo/GeneticImprovement/magpie/_magpie_logs/weka_1781682876_FOLD1-val_1781281793_UMDAAlgorithm_None.log
weka,UMDAAlgorithm,50,750,Perf<Cycles>,2,None,104316627010.0,102206795715.0,-2.023,23603480953.0,23440899233.0,-0.689,1,152.39035,0.617,0.624,None,None,None,None,None,/home/pbermejo/GeneticImprovement/magpie/_magpie_logs/weka_1781281883_FOLD2.log,/home/pbermejo/GeneticImprovement/magpie/_magpie_logs/weka_1781682934_FOLD2-val_1781281883_UMDAAlgorithm_None.log
weka,UMDAAlgorithm,50,500,Perf<Cycles>,1,None,97952114458.0,96696893874.0,-1.281,30781034743.0,31486887357.0,2.293,1,851.6467166666666,0.552,0.556,None,None,None,None,None,/home/pbermejo/GeneticImprovement/magpie/_magpie_logs/weka_1781239105_FOLD1.log,/home/pbermejo/GeneticImprovement/magpie/_magpie_logs/weka_1781682639_FOLD1-val_1781239105_UMDAAlgorithm_None.log
weka,UMDAAlgorithm,50,750,Perf<Cycles>,4,None,111806032931.0,109276894819.0,-2.262,15770124817.0,15577194311.0,-1.223,2,144.66225,0.621,0.625,None,None,None,None,None,/home/pbermejo/GeneticImprovement/magpie/_magpie_logs/weka_1781284252_FOLD4.log,/home/pbermejo/GeneticImprovement/magpie/_magpie_logs/weka_1781683015_FOLD4-val_1781284252_UMDAAlgorithm_None.log
weka,UMDAAlgorithm,50,750,Perf<Cycles>,5,None,104169266989.0,102162585413.0,-1.926,22931381835.0,22872838632.0,-0.255,2,166.23231666666666,0.645,0.651,None,None,None,None,None,/home/pbermejo/GeneticImprovement/magpie/_magpie_logs/weka_1781284538_FOLD5.log,/home/pbermejo/GeneticImprovement/magpie/_magpie_logs/weka_1781683038_FOLD5-val_1781284538_UMDAAlgorithm_None.log
sat4j,UMDAAlgorithm,50,750,Perf<Cycles>,5,None,43818084207.0,41569383713.0,-5.132,42329863878.0,41421759623.0,-2.145,2,107.44645,0.611,0.659,None,None,None,None,None,/home/pbermejo/GeneticImprovement/magpie/_magpie_logs/sat4j_1781289983_FOLD5.log,/home/pbermejo/GeneticImprovement/magpie/_magpie_logs/sat4j_1781623729_FOLD5-val_1781289983_UMDAAlgorithm_None.log
sat4j,UMDAAlgorithm,50,750,Perf<Cycles>,3,None,66847147765.0,31267360350.0,-53.226,20541017350.0,6780836755.0,-66.989,2,135.95086666666666,0.591,0.629,None,None,None,None,None,/home/pbermejo/GeneticImprovement/magpie/_magpie_logs/sat4j_1781288331_FOLD3.log,/home/pbermejo/GeneticImprovement/magpie/_magpie_logs/sat4j_1781623731_FOLD3-val_1781288331_UMDAAlgorithm_None.log
sat4j,GeneticProgrammingUniformConcat,50,750,Perf<Cycles>,1,None,79368184424.0,72108061865.0,-9.147,8030834984.0,7765798961.0,-3.3,3,639.7232166666666,0.776,0.789,None,None,None,None,None,/home/pbermejo/GeneticImprovement/magpie/_magpie_logs/sat4j_1781257513_FOLD1.log,/home/pbermejo/GeneticImprovement/magpie/_magpie_logs/sat4j_1781521922_FOLD1-val_1781257513_GeneticProgrammingUniformConcat.log
weka,RandomSearch,None,750,Perf<Cycles>,3,None,None,None,0,None,0,0,0,None,None,None,None,None,None,None,None,/home/pbermejo/GeneticImprovement/magpie/_magpie_logs/weka_1781295408_FOLD3.log,None
sat4j,UMDAAlgorithm,50,750,Perf<Cycles>,4,None,80308126741.0,77127876775.0,-3.96,5869434567.0,5714231514.0,-2.644,2,145.72706666666667,0.595,0.640,None,None,None,None,None,/home/pbermejo/GeneticImprovement/magpie/_magpie_logs/sat4j_1781289532_FOLD4.log,/home/pbermejo/GeneticImprovement/magpie/_magpie_logs/sat4j_1781623726_FOLD4-val_1781289532_UMDAAlgorithm_None.log
weka,RandomSearch,None,750,Perf<Cycles>,1,None,96432353987.0,94277176160.0,-2.235,30879086528.0,30520403186.0,-1.162,1,130.48211666666666,0.292,0.301,None,None,None,None,None,/home/pbermejo/GeneticImprovement/magpie/_magpie_logs/weka_1781294003_FOLD1.log,/home/pbermejo/GeneticImprovement/magpie/_magpie_logs/weka_1781522731_FOLD1-val_1781294003_RandomSearch.log
weka,RandomSearch,None,500,Perf<Cycles>,1,None,99168013613.0,96488857640.0,-2.702,30756839592.0,31910176605.0,3.75,1,898.23345,0.270,0.308,None,None,None,None,None,/home/pbermejo/GeneticImprovement/magpie/_magpie_logs/weka_1781247958_FOLD1.log,/home/pbermejo/GeneticImprovement/magpie/_magpie_logs/weka_1781522583_FOLD1-val_1781247958_RandomSearch.log
weka,RandomSearch,None,750,Perf<Cycles>,2,None,103436478893.0,101157943910.0,-2.203,23639229076.0,23874936055.0,0.997,1,147.42849999999999,0.303,0.309,None,None,None,None,None,/home/pbermejo/GeneticImprovement/magpie/_magpie_logs/weka_1781294633_FOLD2.log,/home/pbermejo/GeneticImprovement/magpie/_magpie_logs/weka_1781522732_FOLD2-val_1781294633_RandomSearch.log
weka,UMDAAlgorithm,50,500,Perf<Cycles>,5,None,108633606221.0,105111546922.0,-3.242,23797168848.0,22795466243.0,-4.209,2,1033.8872333333334,0.560,0.598,None,None,None,None,None,/home/pbermejo/GeneticImprovement/magpie/_magpie_logs/weka_1781240820_FOLD5.log,/home/pbermejo/GeneticImprovement/magpie/_magpie_logs/weka_1781682790_FOLD5-val_1781240820_UMDAAlgorithm_None.log
weka,RandomSearch,None,500,Perf<Cycles>,2,None,106405509608.0,103993370985.0,-2.267,22399876443.0,23706972453.0,5.835,1,927.9467999999999,0.264,0.308,None,None,None,None,None,/home/pbermejo/GeneticImprovement/magpie/_magpie_logs/weka_1781248436_FOLD2.log,/home/pbermejo/GeneticImprovement/magpie/_magpie_logs/weka_1781522582_FOLD2-val_1781248436_RandomSearch.log
weka,GeneticProgrammingUniformConcat,50,500,Perf<Cycles>,4,None,113857555999.0,112174122601.0,-1.479,15847445643.0,16287221695.0,2.775,3,1311.3390666666667,0.754,0.802,None,None,None,None,None,/home/pbermejo/GeneticImprovement/magpie/_magpie_logs/weka_1781225500_FOLD4.log,/home/pbermejo/GeneticImprovement/magpie/_magpie_logs/weka_1781522495_FOLD4-val_1781225500_GeneticProgrammingUniformConcat.log
weka,RandomSearch,None,750,Perf<Cycles>,5,None,103681122917.0,101072534290.0,-2.516,22893068094.0,22836849648.0,-0.246,1,151.4048,0.316,0.336,None,None,None,None,None,/home/pbermejo/GeneticImprovement/magpie/_magpie_logs/weka_1781296583_FOLD5.log,/home/pbermejo/GeneticImprovement/magpie/_magpie_logs/weka_1781522763_FOLD5-val_1781296583_RandomSearch.log
weka,RandomSearch,None,750,Perf<Cycles>,4,None,110090770365.0,108104719610.0,-1.804,15855688667.0,15851789884.0,-0.025,1,156.67318333333333,0.316,0.325,None,None,None,None,None,/home/pbermejo/GeneticImprovement/magpie/_magpie_logs/weka_1781296523_FOLD4.log,/home/pbermejo/GeneticImprovement/magpie/_magpie_logs/weka_1781522764_FOLD4-val_1781296523_RandomSearch.log
sat4j,RandomSearch,None,750,Perf<Cycles>,3,None,65043467912.0,31837707676.0,-51.052,34296711964.0,10326639065.0,-69.89,1,141.67883333333333,0.283,0.349,None,None,None,None,None,/home/pbermejo/GeneticImprovement/magpie/_magpie_logs/sat4j_1781298383_FOLD3.log,/home/pbermejo/GeneticImprovement/magpie/_magpie_logs/sat4j_1781627543_FOLD3-val_1781298383_RandomSearch.log
weka,RandomSearch,None,500,Perf<Cycles>,4,None,113730855899.0,111638594989.0,-1.84,16154555478.0,15485064794.0,-4.144,1,939.182,0.258,0.314,None,None,None,None,None,/home/pbermejo/GeneticImprovement/magpie/_magpie_logs/weka_1781249670_FOLD4.log,/home/pbermejo/GeneticImprovement/magpie/_magpie_logs/weka_1781522614_FOLD4-val_1781249670_RandomSearch.log
weka,GeneticProgrammingUniformConcat,50,1000,Perf<Cycles>,3,None,None,None,0,None,0,0,0,None,0.000,0.000,None,None,None,None,None,/home/pbermejo/GeneticImprovement/magpie/_magpie_logs/weka_1781307899_FOLD3.log,None
weka,GeneticProgrammingUniformConcat,50,1000,Perf<Cycles>,4,None,None,None,0,None,0,0,0,None,0.000,0.000,None,None,None,None,None,/home/pbermejo/GeneticImprovement/magpie/_magpie_logs/weka_1781309547_FOLD4.log,None
sat4j,FirstImprovement,None,750,Perf<Cycles>,2,None,78729832183.0,26227307694.0,-66.687,8270451805.0,5915598051.0,-28.473,7,599.4469166666667,0.397,0.436,None,None,None,None,None,/home/pbermejo/GeneticImprovement/magpie/_magpie_logs/sat4j_1781274057_FOLD2.log,/home/pbermejo/GeneticImprovement/magpie/_magpie_logs/sat4j_1781623694_FOLD2-val_1781274057_FirstImprovement.log
sat4j,RandomSearch,None,750,Perf<Cycles>,4,None,82086749212.0,31881300150.0,-61.161,8998516403.0,9144988050.0,1.628,1,167.54191666666665,0.311,0.376,None,None,None,None,None,/home/pbermejo/GeneticImprovement/magpie/_magpie_logs/sat4j_1781301954_FOLD4.log,/home/pbermejo/GeneticImprovement/magpie/_magpie_logs/sat4j_1781627546_FOLD4-val_1781301954_RandomSearch.log
weka,GeneticProgrammingUniformConcat,50,1000,Perf<Cycles>,5,None,None,None,0,None,0,0,0,None,0.000,0.000,None,None,None,None,None,/home/pbermejo/GeneticImprovement/magpie/_magpie_logs/weka_1781311088_FOLD5.log,None
sat4j,FirstImprovement,None,750,Perf<Cycles>,1,None,76814849633.0,71552870718.0,-6.85,8184415106.0,7441017109.0,-9.083,7,657.3449666666667,0.367,0.411,None,None,None,None,None,/home/pbermejo/GeneticImprovement/magpie/_magpie_logs/sat4j_1781272367_FOLD1.log,/home/pbermejo/GeneticImprovement/magpie/_magpie_logs/sat4j_1781623691_FOLD1-val_1781272367_FirstImprovement.log
sat4j,FirstImprovement,None,750,Perf<Cycles>,5,None,45565149962.0,40750788586.0,-10.566,42753444995.0,42363860248.0,-0.911,6,638.8425833333333,0.332,0.377,None,None,None,None,None,/home/pbermejo/GeneticImprovement/magpie/_magpie_logs/sat4j_1781276094_FOLD5.log,/home/pbermejo/GeneticImprovement/magpie/_magpie_logs/sat4j_1781623695_FOLD5-val_1781276094_FirstImprovement.log
weka,GeneticProgrammingUniformConcat,50,1000,Perf<Cycles>,2,None,103917968440.0,101708905402.0,-2.126,23295828656.0,23199103210.0,-0.415,2,180.23836666666665,0.814,0.817,None,None,None,None,None,/home/pbermejo/GeneticImprovement/magpie/_magpie_logs/weka_1781306994_FOLD2.log,/home/pbermejo/GeneticImprovement/magpie/_magpie_logs/weka_1781522762_FOLD2-val_1781306994_GeneticProgrammingUniformConcat.log
weka,GeneticProgrammingUniformConcat,50,1000,Perf<Cycles>,1,None,94974247156.0,93200260672.0,-1.868,30585682266.0,29860040172.0,-2.372,2,233.36758333333333,0.801,0.804,None,None,None,None,None,/home/pbermejo/GeneticImprovement/magpie/_magpie_logs/weka_1781306065_FOLD1.log,/home/pbermejo/GeneticImprovement/magpie/_magpie_logs/weka_1781522761_FOLD1-val_1781306065_GeneticProgrammingUniformConcat.log
sat4j,FirstImprovement,None,750,Perf<Cycles>,3,None,65969991075.0,28227270094.0,-57.212,21531225436.0,6438297631.0,-70.098,10,740.9368666666667,0.365,0.413,None,None,None,None,None,/home/pbermejo/GeneticImprovement/magpie/_magpie_logs/sat4j_1781275366_FOLD3.log,/home/pbermejo/GeneticImprovement/magpie/_magpie_logs/sat4j_1781623693_FOLD3-val_1781275366_FirstImprovement.log
sat4j,GeneticProgrammingUniformConcat,50,1000,Perf<Cycles>,5,None,42511408170.0,38696893482.0,-8.973,43660309057.0,42075413651.0,-3.63,8,149.34491666666665,0.815,0.829,None,None,None,None,None,/home/pbermejo/GeneticImprovement/magpie/_magpie_logs/sat4j_1781312454_FOLD5.log,/home/pbermejo/GeneticImprovement/magpie/_magpie_logs/sat4j_1781521981_FOLD5-val_1781312454_GeneticProgrammingUniformConcat.log
sat4j,GeneticProgrammingUniformConcat,50,1000,Perf<Cycles>,2,None,76531352165.0,30050999166.0,-60.734,8202542370.0,6585152147.0,-19.718,4,175.65144999999998,0.800,0.812,None,None,None,None,None,/home/pbermejo/GeneticImprovement/magpie/_magpie_logs/sat4j_1781311884_FOLD2.log,/home/pbermejo/GeneticImprovement/magpie/_magpie_logs/sat4j_1781521952_FOLD2-val_1781311884_GeneticProgrammingUniformConcat.log
sat4j,GeneticProgrammingUniformConcat,50,1000,Perf<Cycles>,4,None,82023162674.0,66483339612.0,-18.946,5782502358.0,5845233599.0,1.085,6,177.52921666666668,0.806,0.817,None,None,None,None,None,/home/pbermejo/GeneticImprovement/magpie/_magpie_logs/sat4j_1781312244_FOLD4.log,/home/pbermejo/GeneticImprovement/magpie/_magpie_logs/sat4j_1781521980_FOLD4-val_1781312244_GeneticProgrammingUniformConcat.log
weka,FirstImprovement,None,1000,Perf<Cycles>,1,None,95679853216.0,None,0,None,0,0,0,None,None,None,None,None,None,None,None,/home/pbermejo/GeneticImprovement/magpie/_magpie_logs/weka_1781321233_FOLD1.log,None
weka,FirstImprovement,None,1000,Perf<Cycles>,5,None,None,None,0,None,0,0,0,None,None,None,None,None,None,None,None,/home/pbermejo/GeneticImprovement/magpie/_magpie_logs/weka_1781323746_FOLD5.log,None
sat4j,UMDAAlgorithm,50,750,Perf<Cycles>,2,None,79546908820.0,31280765987.0,-60.676,7983357364.0,5860912575.0,-26.586,1,626.7040666666667,0.584,0.613,None,None,None,None,None,/home/pbermejo/GeneticImprovement/magpie/_magpie_logs/sat4j_1781287030_FOLD2.log,/home/pbermejo/GeneticImprovement/magpie/_magpie_logs/sat4j_1781623724_FOLD2-val_1781287030_UMDAAlgorithm_None.log
sat4j,GeneticProgrammingUniformConcat,50,1000,Perf<Cycles>,3,None,66319635549.0,52510066448.0,-20.823,19432171725.0,24411076419.0,25.622,4,237.9009,0.801,0.814,None,None,None,None,None,/home/pbermejo/GeneticImprovement/magpie/_magpie_logs/sat4j_1781312124_FOLD3.log,/home/pbermejo/GeneticImprovement/magpie/_magpie_logs/sat4j_1781521951_FOLD3-val_1781312124_GeneticProgrammingUniformConcat.log
sat4j,UMDAAlgorithm,50,750,Perf<Cycles>,1,None,79279802677.0,30418001253.0,-61.632,8237308295.0,6905944076.0,-16.163,1,681.6049,0.596,0.627,None,None,None,None,None,/home/pbermejo/GeneticImprovement/magpie/_magpie_logs/sat4j_1781284676_FOLD1.log,/home/pbermejo/GeneticImprovement/magpie/_magpie_logs/sat4j_1781623725_FOLD1-val_1781284676_UMDAAlgorithm_None.log
weka,FirstImprovement,None,1000,Perf<Cycles>,3,None,94290942741.0,91641801649.0,-2.81,32243552158.0,31807867771.0,-1.351,6,177.88356666666667,0.323,0.331,None,None,None,None,None,/home/pbermejo/GeneticImprovement/magpie/_magpie_logs/weka_1781322535_FOLD3.log,/home/pbermejo/GeneticImprovement/magpie/_magpie_logs/weka_1781522823_FOLD3-val_1781322535_FirstImprovement.log
weka,FirstImprovement,None,1000,Perf<Cycles>,2,None,102881947223.0,100457620775.0,-2.356,23204229965.0,23366778956.0,0.701,5,200.58596666666665,0.330,0.336,None,None,None,None,None,/home/pbermejo/GeneticImprovement/magpie/_magpie_logs/weka_1781321509_FOLD2.log,/home/pbermejo/GeneticImprovement/magpie/_magpie_logs/weka_1781522791_FOLD2-val_1781321509_FirstImprovement.log
weka,FirstImprovement,None,1000,Perf<Cycles>,4,None,109030973939.0,108071316728.0,-0.88,15333367462.0,15362013323.0,0.187,3,199.67055,0.316,0.326,None,None,None,None,None,/home/pbermejo/GeneticImprovement/magpie/_magpie_logs/weka_1781323015_FOLD4.log,/home/pbermejo/GeneticImprovement/magpie/_magpie_logs/weka_1781522825_FOLD4-val_1781323015_FirstImprovement.log
sat4j,FirstImprovement,None,1000,Perf<Cycles>,3,None,66226399503.0,51011929914.0,-22.973,20114353788.0,22794578326.0,13.325,8,179.29616666666666,0.341,0.379,None,None,None,None,None,/home/pbermejo/GeneticImprovement/magpie/_magpie_logs/sat4j_1781326014_FOLD3.log,/home/pbermejo/GeneticImprovement/magpie/_magpie_logs/sat4j_1781522011_FOLD3-val_1781326014_FirstImprovement.log
weka,UMDAAlgorithm,50,1000,Perf<Cycles>,2,None,100531642333.0,98675721016.0,-1.846,22986405679.0,23037323236.0,0.222,2,188.36313333333334,0.622,0.629,None,None,None,None,None,/home/pbermejo/GeneticImprovement/magpie/_magpie_logs/weka_1781559992_FOLD2.log,/home/pbermejo/GeneticImprovement/magpie/_magpie_logs/weka_1781683182_FOLD2-val_1781559992_UMDAAlgorithm_None.log
sat4j,FirstImprovement,None,1000,Perf<Cycles>,4,None,80765037584.0,30987122062.0,-61.633,5791902997.0,5598144269.0,-3.345,13,202.36034999999998,0.350,0.395,None,None,None,None,None,/home/pbermejo/GeneticImprovement/magpie/_magpie_logs/sat4j_1781326490_FOLD4.log,/home/pbermejo/GeneticImprovement/magpie/_magpie_logs/sat4j_1781522010_FOLD4-val_1781326490_FirstImprovement.log
weka,UMDAAlgorithm,50,1000,Perf<Cycles>,5,None,100802676385.0,98729825577.0,-2.056,23054549245.0,22666604140.0,-1.683,1,201.17156666666668,0.616,0.624,None,None,None,None,None,/home/pbermejo/GeneticImprovement/magpie/_magpie_logs/weka_1781559990_FOLD5.log,/home/pbermejo/GeneticImprovement/magpie/_magpie_logs/weka_1781683165_FOLD5-val_1781559990_UMDAAlgorithm_None.log
weka,GeneticProgrammingUniformConcat,50,750,Perf<Cycles>,1,None,97316951480.0,93366463658.0,-4.059,30605964848.0,30713408631.0,0.351,1,1423.04135,0.651,0.763,None,None,None,None,None,/home/pbermejo/GeneticImprovement/magpie/_magpie_logs/weka_1781255691_FOLD1.log,/home/pbermejo/GeneticImprovement/magpie/_magpie_logs/weka_1781522615_FOLD1-val_1781255691_GeneticProgrammingUniformConcat.log
weka,GeneticProgrammingUniformConcat,50,750,Perf<Cycles>,4,None,113945515576.0,110586302627.0,-2.948,16130830779.0,16189214752.0,0.362,2,1434.7207,0.643,0.783,None,None,None,None,None,/home/pbermejo/GeneticImprovement/magpie/_magpie_logs/weka_1781256124_FOLD4.log,/home/pbermejo/GeneticImprovement/magpie/_magpie_logs/weka_1781522643_FOLD4-val_1781256124_GeneticProgrammingUniformConcat.log
sat4j,RandomSearch,None,750,Perf<Cycles>,1,None,79058314609.0,30353615153.0,-61.606,13081153602.0,12843035949.0,-1.82,1,752.7702,0.281,0.343,None,None,None,None,None,/home/pbermejo/GeneticImprovement/magpie/_magpie_logs/sat4j_1781297144_FOLD1.log,/home/pbermejo/GeneticImprovement/magpie/_magpie_logs/sat4j_1781627545_FOLD1-val_1781297144_RandomSearch.log
sat4j,RandomSearch,None,750,Perf<Cycles>,2,None,79937713591.0,73254460247.0,-8.361,12786342954.0,12737503667.0,-0.382,1,775.0086166666666,0.296,0.340,None,None,None,None,None,/home/pbermejo/GeneticImprovement/magpie/_magpie_logs/sat4j_1781297275_FOLD2.log,/home/pbermejo/GeneticImprovement/magpie/_magpie_logs/sat4j_1781627544_FOLD2-val_1781297275_RandomSearch.log
weka,UMDAAlgorithm,50,1000,Perf<Cycles>,1,None,95430041650.0,93025197444.0,-2.52,30408840436.0,30506187533.0,0.32,2,179.17008333333334,0.600,0.606,None,None,None,None,None,/home/pbermejo/GeneticImprovement/magpie/_magpie_logs/weka_1781335285_FOLD1.log,/home/pbermejo/GeneticImprovement/magpie/_magpie_logs/weka_1781683087_FOLD1-val_1781335285_UMDAAlgorithm_None.log
weka,RandomSearch,None,1000,Perf<Cycles>,1,None,None,None,0,None,0,0,0,None,None,None,None,None,None,None,None,/home/pbermejo/GeneticImprovement/magpie/_magpie_logs/weka_1781346018_FOLD1.log,None
weka,UMDAAlgorithm,50,1000,Perf<Cycles>,3,None,93094002441.0,90499158947.0,-2.787,32355945306.0,32183999411.0,-0.531,1,195.43173333333334,0.637,0.643,None,None,None,None,None,/home/pbermejo/GeneticImprovement/magpie/_magpie_logs/weka_1781336367_FOLD3.log,/home/pbermejo/GeneticImprovement/magpie/_magpie_logs/weka_1781683092_FOLD3-val_1781336367_UMDAAlgorithm_None.log
weka,UMDAAlgorithm,50,1000,Perf<Cycles>,4,None,109968630363.0,106906665405.0,-2.784,15842581438.0,15750803513.0,-0.579,2,188.3131,0.595,0.599,None,None,None,None,None,/home/pbermejo/GeneticImprovement/magpie/_magpie_logs/weka_1781336869_FOLD4.log,/home/pbermejo/GeneticImprovement/magpie/_magpie_logs/weka_1781683143_FOLD4-val_1781336869_UMDAAlgorithm_None.log
sat4j,UMDAAlgorithm,50,1000,Perf<Cycles>,5,None,42562060829.0,27590286122.0,-35.176,43821791749.0,9055843611.0,-79.335,2,134.60055,0.629,0.662,None,None,None,None,None,/home/pbermejo/GeneticImprovement/magpie/_magpie_logs/sat4j_1781340325_FOLD5.log,/home/pbermejo/GeneticImprovement/magpie/_magpie_logs/sat4j_1781522072_FOLD5-val_1781340325_UMDAAlgorithm_None.log
weka,RandomSearch,None,1000,Perf<Cycles>,3,None,None,None,0,None,0,0,0,None,None,None,None,None,None,None,None,/home/pbermejo/GeneticImprovement/magpie/_magpie_logs/weka_1781347546_FOLD3.log,None
sat4j,UMDAAlgorithm,50,1000,Perf<Cycles>,1,None,76464500613.0,28908166857.0,-62.194,8254626820.0,8049147314.0,-2.489,2,185.44125,0.611,0.640,None,None,None,None,None,/home/pbermejo/GeneticImprovement/magpie/_magpie_logs/sat4j_1781338165_FOLD1.log,/home/pbermejo/GeneticImprovement/magpie/_magpie_logs/sat4j_1781522040_FOLD1-val_1781338165_UMDAAlgorithm_None.log
sat4j,UMDAAlgorithm,50,1000,Perf<Cycles>,3,None,64688466507.0,60549378667.0,-6.398,21021340873.0,25666732472.0,22.098,2,181.82361666666665,0.622,0.647,None,None,None,None,None,/home/pbermejo/GeneticImprovement/magpie/_magpie_logs/sat4j_1781338765_FOLD3.log,/home/pbermejo/GeneticImprovement/magpie/_magpie_logs/sat4j_1781522070_FOLD3-val_1781338765_UMDAAlgorithm_None.log
sat4j,UMDAAlgorithm,50,1000,Perf<Cycles>,2,None,75135990193.0,73262537374.0,-2.493,8260938178.0,8047825629.0,-2.58,1,190.35033333333334,0.598,0.625,None,None,None,None,None,/home/pbermejo/GeneticImprovement/magpie/_magpie_logs/sat4j_1781338375_FOLD2.log,/home/pbermejo/GeneticImprovement/magpie/_magpie_logs/sat4j_1781522041_FOLD2-val_1781338375_UMDAAlgorithm_None.log
sat4j,RandomSearch,None,750,Perf<Cycles>,5,None,44059501865.0,28773093470.0,-34.695,71529401814.0,14086290067.0,-80.307,1,777.9069333333333,0.308,0.369,None,None,None,None,None,/home/pbermejo/GeneticImprovement/magpie/_magpie_logs/sat4j_1781303607_FOLD5.log,/home/pbermejo/GeneticImprovement/magpie/_magpie_logs/sat4j_1781627547_FOLD5-val_1781303607_RandomSearch.log
weka,RandomSearch,None,1000,Perf<Cycles>,2,None,102210808580.0,98992202302.0,-3.149,23226465016.0,23400692639.0,0.75,1,194.10803333333334,0.303,0.312,None,None,None,None,None,/home/pbermejo/GeneticImprovement/magpie/_magpie_logs/weka_1781346169_FOLD2.log,/home/pbermejo/GeneticImprovement/magpie/_magpie_logs/weka_1781522851_FOLD2-val_1781346169_RandomSearch.log
sat4j,RandomSearch,None,1000,Perf<Cycles>,5,None,43361127014.0,28158577940.0,-35.06,77796862525.0,14884996311.0,-80.867,1,156.525,0.306,0.364,None,None,None,None,None,/home/pbermejo/GeneticImprovement/magpie/_magpie_logs/sat4j_1781349775_FOLD5.log,/home/pbermejo/GeneticImprovement/magpie/_magpie_logs/sat4j_1781627784_FOLD5-val_1781349775_RandomSearch.log
weka,FirstImprovement,None,750,Perf<Cycles>,3,None,97551631856.0,93097040852.0,-4.566,32461461267.0,32499150033.0,0.116,7,1439.9223,0.228,0.451,None,None,None,None,None,/home/pbermejo/GeneticImprovement/magpie/_magpie_logs/weka_1781271067_FOLD3.log,/home/pbermejo/GeneticImprovement/magpie/_magpie_logs/weka_1781522675_FOLD3-val_1781271067_FirstImprovement.log
weka,RandomSearch,None,1000,Perf<Cycles>,5,None,101801555037.0,99335661782.0,-2.422,23040696665.0,22477246285.0,-2.445,1,194.12416666666667,0.309,0.327,None,None,None,None,None,/home/pbermejo/GeneticImprovement/magpie/_magpie_logs/weka_1781348304_FOLD5.log,/home/pbermejo/GeneticImprovement/magpie/_magpie_logs/weka_1781522881_FOLD5-val_1781348304_RandomSearch.log
sat4j,RandomSearch,None,1000,Perf<Cycles>,3,None,64788175237.0,30679821745.0,-52.646,37582675420.0,10789273051.0,-71.292,1,181.30678333333333,0.287,0.345,None,None,None,None,None,/home/pbermejo/GeneticImprovement/magpie/_magpie_logs/sat4j_1781349415_FOLD3.log,/home/pbermejo/GeneticImprovement/magpie/_magpie_logs/sat4j_1781627786_FOLD3-val_1781349415_RandomSearch.log
sat4j,RandomSearch,None,1000,Perf<Cycles>,1,None,76537592884.0,30016760660.0,-60.782,13432390709.0,13282885658.0,-1.113,1,198.50581666666668,0.293,0.350,None,None,None,None,None,/home/pbermejo/GeneticImprovement/magpie/_magpie_logs/sat4j_1781348485_FOLD1.log,/home/pbermejo/GeneticImprovement/magpie/_magpie_logs/sat4j_1781627698_FOLD1-val_1781348485_RandomSearch.log
weka,RandomSearch,None,1000,Perf<Cycles>,4,None,108099580238.0,106164220283.0,-1.79,15458877425.0,15872268518.0,2.674,1,203.39505,0.310,0.320,None,None,None,None,None,/home/pbermejo/GeneticImprovement/magpie/_magpie_logs/weka_1781348214_FOLD4.log,/home/pbermejo/GeneticImprovement/magpie/_magpie_logs/weka_1781522882_FOLD4-val_1781348214_RandomSearch.log
weka,FirstImprovement,None,750,Perf<Cycles>,4,None,113913333486.0,109907779796.0,-3.516,15412679783.0,15597103268.0,1.197,8,1566.9710833333334,0.224,0.419,None,None,None,None,None,/home/pbermejo/GeneticImprovement/magpie/_magpie_logs/weka_1781271704_FOLD4.log,/home/pbermejo/GeneticImprovement/magpie/_magpie_logs/weka_1781522674_FOLD4-val_1781271704_FirstImprovement.log
weka,UMDAAlgorithm,50,750,Perf<Cycles>,3,None,96056829864.0,94102154343.0,-2.035,32206802969.0,32193724090.0,-0.041,2,1424.8944333333334,0.391,0.543,None,None,None,None,None,/home/pbermejo/GeneticImprovement/magpie/_magpie_logs/weka_1781282457_FOLD3.log,/home/pbermejo/GeneticImprovement/magpie/_magpie_logs/weka_1781682980_FOLD3-val_1781282457_UMDAAlgorithm_None.log
sat4j,FirstImprovement,None,1000,Perf<Cycles>,2,None,76733171701.0,24141145219.0,-68.539,8264539289.0,5431040848.0,-34.285,12,770.2054499999999,0.366,0.406,None,None,None,None,None,/home/pbermejo/GeneticImprovement/magpie/_magpie_logs/sat4j_1781325986_FOLD2.log,/home/pbermejo/GeneticImprovement/magpie/_magpie_logs/sat4j_1781522013_FOLD2-val_1781325986_FirstImprovement.log
sat4j,FirstImprovement,None,1000,Perf<Cycles>,1,None,77395667575.0,73735186122.0,-4.73,8200136886.0,8139752965.0,-0.736,2,801.1610833333333,0.300,0.358,None,None,None,None,None,/home/pbermejo/GeneticImprovement/magpie/_magpie_logs/sat4j_1781325279_FOLD1.log,/home/pbermejo/GeneticImprovement/magpie/_magpie_logs/sat4j_1781522012_FOLD1-val_1781325279_FirstImprovement.log
sat4j,FirstImprovement,None,1000,Perf<Cycles>,5,None,43682464828.0,38490672706.0,-11.885,43124828939.0,41864919707.0,-2.922,8,781.5176833333334,0.343,0.389,None,None,None,None,None,/home/pbermejo/GeneticImprovement/magpie/_magpie_logs/sat4j_1781326906_FOLD5.log,/home/pbermejo/GeneticImprovement/magpie/_magpie_logs/sat4j_1781522042_FOLD5-val_1781326906_FirstImprovement.log
sat4j,GeneticProgrammingUniformConcat,50,1000,Perf<Cycles>,1,None,78147914539.0,74151608302.0,-5.114,8183693610.0,8143683190.0,-0.489,1,1044.7711000000002,0.802,0.815,None,None,None,None,None,/home/pbermejo/GeneticImprovement/magpie/_magpie_logs/sat4j_1781311390_FOLD1.log,/home/pbermejo/GeneticImprovement/magpie/_magpie_logs/sat4j_1781521955_FOLD1-val_1781311390_GeneticProgrammingUniformConcat.log
sat4j,UMDAAlgorithm,50,1000,Perf<Cycles>,4,None,80200809926.0,75885663807.0,-5.38,5802969655.0,5493244760.0,-5.337,2,654.9588166666667,0.614,0.646,None,None,None,None,None,/home/pbermejo/GeneticImprovement/magpie/_magpie_logs/sat4j_1781339129_FOLD4.log,/home/pbermejo/GeneticImprovement/magpie/_magpie_logs/sat4j_1781522071_FOLD4-val_1781339129_UMDAAlgorithm_None.log
sat4j,RandomSearch,None,1000,Perf<Cycles>,2,None,76064455028.0,73155214357.0,-3.825,13199727572.0,12634508907.0,-4.282,1,558.7184833333333,0.306,0.350,None,None,None,None,None,/home/pbermejo/GeneticImprovement/magpie/_magpie_logs/sat4j_1781349100_FOLD2.log,/home/pbermejo/GeneticImprovement/magpie/_magpie_logs/sat4j_1781627699_FOLD2-val_1781349100_RandomSearch.log
sat4j,RandomSearch,None,1000,Perf<Cycles>,4,None,78816495421.0,31113991650.0,-60.524,9500096468.0,9624400940.0,1.308,1,565.2044666666666,0.303,0.377,None,None,None,None,None,/home/pbermejo/GeneticImprovement/magpie/_magpie_logs/sat4j_1781349798_FOLD4.log,/home/pbermejo/GeneticImprovement/magpie/_magpie_logs/sat4j_1781627785_FOLD4-val_1781349798_RandomSearch.log
sat4j,LLMAlgorithm,50,1000,Perf<Cycles>,5,llama3.1:8b,43953596947.0,None,0,None,0,0,0,None,0.440,0.470,49,0,0,0.0,0.0,/home/pbermejo/GeneticImprovement/magpie/_magpie_logs/sat4j_1782195704_FOLD5.log,None
sat4j,LLMAlgorithm,50,1000,Perf<Cycles>,2,llama3.1:8b,77687759355.0,None,0,None,0,0,0,None,0.523,0.554,294,28,0,0.095,0.0,/home/pbermejo/GeneticImprovement/magpie/_magpie_logs/sat4j_1782195088_FOLD2.log,None
pngOptim,GeneticProgrammingUniformConcat,50,100,Perf<Cycles>,4,None,245002048704.0,11888017613.0,-95.148,141583006465.0,7338189069.0,-94.817,1,33.52601666666666,0.510,0.580,None,None,None,None,None,/home/pbermejo/GeneticImprovement/magpie/_magpie_logs/pngOptim_1781628777_FOLD4.log,/home/pbermejo/GeneticImprovement/magpie/_magpie_logs/pngOptim_1781805634_FOLD4-val_1781628777_GeneticProgrammingUniformConcat.log
pngOptim,FirstImprovement,None,100,Perf<Cycles>,4,None,245084781435.0,11723586084.0,-95.217,141453315120.0,7324384163.0,-94.822,4,16.994433333333333,0.400,0.470,None,None,None,None,None,/home/pbermejo/GeneticImprovement/magpie/_magpie_logs/pngOptim_1781628805_FOLD4.log,/home/pbermejo/GeneticImprovement/magpie/_magpie_logs/pngOptim_1781805656_FOLD4-val_1781628805_FirstImprovement.log
pngOptim,GeneticProgrammingUniformConcat,50,100,Perf<Cycles>,5,None,244258827104.0,88940704643.0,-63.588,143231261757.0,55576169801.0,-61.198,2,45.40148333333333,0.630,0.690,None,None,None,None,None,/home/pbermejo/GeneticImprovement/magpie/_magpie_logs/pngOptim_1781628778_FOLD5.log,/home/pbermejo/GeneticImprovement/magpie/_magpie_logs/pngOptim_1781805635_FOLD5-val_1781628778_GeneticProgrammingUniformConcat.log
pngOptim,GeneticProgrammingUniformConcat,50,100,Perf<Cycles>,2,None,297326141359.0,268396507123.0,-9.73,90510298206.0,90403271322.0,-0.118,1,45.31883333333334,0.530,0.600,None,None,None,None,None,/home/pbermejo/GeneticImprovement/magpie/_magpie_logs/pngOptim_1781628776_FOLD2.log,/home/pbermejo/GeneticImprovement/magpie/_magpie_logs/pngOptim_1781805625_FOLD2-val_1781628776_GeneticProgrammingUniformConcat.log
pngOptim,FirstImprovement,None,250,Perf<Cycles>,4,None,245202750524.0,11787406790.0,-95.193,141479407868.0,7337110627.0,-94.814,3,13.096166666666667,0.384,0.460,None,None,None,None,None,/home/pbermejo/GeneticImprovement/magpie/_magpie_logs/pngOptim_1781631042_FOLD4.log,/home/pbermejo/GeneticImprovement/magpie/_magpie_logs/pngOptim_1781805647_FOLD4-val_1781631042_FirstImprovement.log
pngOptim,GeneticProgrammingUniformConcat,50,100,Perf<Cycles>,3,None,383156394815.0,341374101823.0,-10.905,2331400888.0,2341610961.0,0.438,1,55.43021666666667,0.530,0.650,None,None,None,None,None,/home/pbermejo/GeneticImprovement/magpie/_magpie_logs/pngOptim_1781628779_FOLD3.log,/home/pbermejo/GeneticImprovement/magpie/_magpie_logs/pngOptim_1781805631_FOLD3-val_1781628779_GeneticProgrammingUniformConcat.log
pngOptim,FirstImprovement,None,100,Perf<Cycles>,2,None,297376802280.0,268604892277.0,-9.675,90386188842.0,90925097121.0,0.596,2,57.55675,0.400,0.460,None,None,None,None,None,/home/pbermejo/GeneticImprovement/magpie/_magpie_logs/pngOptim_1781628781_FOLD2.log,/home/pbermejo/GeneticImprovement/magpie/_magpie_logs/pngOptim_1781805629_FOLD2-val_1781628781_FirstImprovement.log
pngOptim,GeneticProgrammingUniformConcat,50,100,Perf<Cycles>,1,None,373292681845.0,349617313576.0,-6.342,16640787780.0,16676367320.0,0.214,1,58.97591666666666,0.560,0.600,None,None,None,None,None,/home/pbermejo/GeneticImprovement/magpie/_magpie_logs/pngOptim_1781628780_FOLD1.log,/home/pbermejo/GeneticImprovement/magpie/_magpie_logs/pngOptim_1781805630_FOLD1-val_1781628780_GeneticProgrammingUniformConcat.log
pngOptim,FirstImprovement,None,100,Perf<Cycles>,1,None,371327122261.0,137101545374.0,-63.078,16702726181.0,6774207107.0,-59.443,4,66.52206666666667,0.380,0.490,None,None,None,None,None,/home/pbermejo/GeneticImprovement/magpie/_magpie_logs/pngOptim_1781628775_FOLD1.log,/home/pbermejo/GeneticImprovement/magpie/_magpie_logs/pngOptim_1781805626_FOLD1-val_1781628775_FirstImprovement.log
pngOptim,UMDAAlgorithm,50,100,Perf<Cycles>,4,None,245220481280.0,11855022458.0,-95.166,140055395844.0,4789405588.0,-96.58,2,47.277966666666664,0.460,0.510,None,None,None,None,None,/home/pbermejo/GeneticImprovement/magpie/_magpie_logs/pngOptim_1781628796_FOLD4.log,/home/pbermejo/GeneticImprovement/magpie/_magpie_logs/pngOptim_1782118998_FOLD4-val_1781628796_UMDAAlgorithm_None.log
pngOptim,FirstImprovement,None,100,Perf<Cycles>,5,None,244200796482.0,88878324521.0,-63.604,142384002561.0,55634417318.0,-60.926,2,48.312916666666666,0.450,0.500,None,None,None,None,None,/home/pbermejo/GeneticImprovement/magpie/_magpie_logs/pngOptim_1781628795_FOLD5.log,/home/pbermejo/GeneticImprovement/magpie/_magpie_logs/pngOptim_1781805610_FOLD5-val_1781628795_FirstImprovement.log
pngOptim,UMDAAlgorithm,50,100,Perf<Cycles>,5,None,244169568725.0,215232066564.0,-11.851,141101088173.0,127722756578.0,-9.481,1,54.312083333333334,0.510,0.580,None,None,None,None,None,/home/pbermejo/GeneticImprovement/magpie/_magpie_logs/pngOptim_1781628792_FOLD5.log,/home/pbermejo/GeneticImprovement/magpie/_magpie_logs/pngOptim_1782118995_FOLD5-val_1781628792_UMDAAlgorithm_None.log
pngOptim,FirstImprovement,None,100,Perf<Cycles>,3,None,383131249051.0,341385069506.0,-10.896,2322299576.0,2324883977.0,0.111,5,76.32726666666667,0.430,0.480,None,None,None,None,None,/home/pbermejo/GeneticImprovement/magpie/_magpie_logs/pngOptim_1781628774_FOLD3.log,/home/pbermejo/GeneticImprovement/magpie/_magpie_logs/pngOptim_1781805627_FOLD3-val_1781628774_FirstImprovement.log
pngOptim,RandomSearch,None,100,Perf<Cycles>,4,None,245109530548.0,11912934034.0,-95.14,141614662928.0,7336025678.0,-94.82,1,61.84883333333333,0.380,0.460,None,None,None,None,None,/home/pbermejo/GeneticImprovement/magpie/_magpie_logs/pngOptim_1781628790_FOLD4.log,/home/pbermejo/GeneticImprovement/magpie/_magpie_logs/pngOptim_1781805618_FOLD4-val_1781628790_RandomSearch.log
pngOptim,UMDAAlgorithm,50,100,Perf<Cycles>,2,None,297291757459.0,268311222605.0,-9.748,87885191619.0,74920089920.0,-14.752,1,61.74061666666667,0.470,0.530,None,None,None,None,None,/home/pbermejo/GeneticImprovement/magpie/_magpie_logs/pngOptim_1781628802_FOLD2.log,/home/pbermejo/GeneticImprovement/magpie/_magpie_logs/pngOptim_1782118999_FOLD2-val_1781628802_UMDAAlgorithm_None.log
pngOptim,RandomSearch,None,100,Perf<Cycles>,5,None,244211727344.0,14054654920.0,-94.245,142588436926.0,7468044311.0,-94.763,1,76.63591666666666,0.450,0.540,None,None,None,None,None,/home/pbermejo/GeneticImprovement/magpie/_magpie_logs/pngOptim_1781628793_FOLD5.log,/home/pbermejo/GeneticImprovement/magpie/_magpie_logs/pngOptim_1781805611_FOLD5-val_1781628793_RandomSearch.log
pngOptim,RandomSearch,None,100,Perf<Cycles>,2,None,297275318436.0,268147478384.0,-9.798,91458389422.0,89617299821.0,-2.013,1,76.3586,0.370,0.440,None,None,None,None,None,/home/pbermejo/GeneticImprovement/magpie/_magpie_logs/pngOptim_1781628789_FOLD2.log,/home/pbermejo/GeneticImprovement/magpie/_magpie_logs/pngOptim_1781805612_FOLD2-val_1781628789_RandomSearch.log
pngOptim,UMDAAlgorithm,50,100,Perf<Cycles>,3,None,382953137895.0,334117086338.0,-12.752,2208618613.0,1603339408.0,-27.405,2,77.01633333333332,0.450,0.560,None,None,None,None,None,/home/pbermejo/GeneticImprovement/magpie/_magpie_logs/pngOptim_1781628797_FOLD3.log,/home/pbermejo/GeneticImprovement/magpie/_magpie_logs/pngOptim_1782118994_FOLD3-val_1781628797_UMDAAlgorithm_None.log
pngOptim,RandomSearch,None,100,Perf<Cycles>,3,None,382990513442.0,340033081302.0,-11.216,2334004691.0,2185778082.0,-6.351,1,79.73701666666666,0.330,0.480,None,None,None,None,None,/home/pbermejo/GeneticImprovement/magpie/_magpie_logs/pngOptim_1781628798_FOLD3.log,/home/pbermejo/GeneticImprovement/magpie/_magpie_logs/pngOptim_1781805617_FOLD3-val_1781628798_RandomSearch.log
pngOptim,UMDAAlgorithm,50,100,Perf<Cycles>,1,None,371313771022.0,331081170087.0,-10.835,13962186355.0,12677493289.0,-9.201,1,90.9543,0.540,0.600,None,None,None,None,None,/home/pbermejo/GeneticImprovement/magpie/_magpie_logs/pngOptim_1781628791_FOLD1.log,/home/pbermejo/GeneticImprovement/magpie/_magpie_logs/pngOptim_1782118997_FOLD1-val_1781628791_UMDAAlgorithm_None.log
pngOptim,RandomSearch,None,100,Perf<Cycles>,1,None,371274961201.0,331303098279.0,-10.766,16752429710.0,16741213646.0,-0.067,1,113.32408333333333,0.460,0.510,None,None,None,None,None,/home/pbermejo/GeneticImprovement/magpie/_magpie_logs/pngOptim_1781628800_FOLD1.log,/home/pbermejo/GeneticImprovement/magpie/_magpie_logs/pngOptim_1781805608_FOLD1-val_1781628800_RandomSearch.log
pngOptim,GeneticProgrammingUniformConcat,50,250,Perf<Cycles>,5,None,244238698153.0,88908342644.0,-63.598,142520436702.0,55672821112.0,-60.937,2,119.38539999999999,0.764,0.800,None,None,None,None,None,/home/pbermejo/GeneticImprovement/magpie/_magpie_logs/pngOptim_1781628788_FOLD5.log,/home/pbermejo/GeneticImprovement/magpie/_magpie_logs/pngOptim_1781805609_FOLD5-val_1781628788_GeneticProgrammingUniformConcat.log
pngOptim,GeneticProgrammingUniformConcat,50,250,Perf<Cycles>,4,None,246055645063.0,14321572379.0,-94.18,141590521723.0,7322438965.0,-94.828,1,131.49564999999998,0.704,0.748,None,None,None,None,None,/home/pbermejo/GeneticImprovement/magpie/_magpie_logs/pngOptim_1781628786_FOLD4.log,/home/pbermejo/GeneticImprovement/magpie/_magpie_logs/pngOptim_1781805633_FOLD4-val_1781628786_GeneticProgrammingUniformConcat.log
pngOptim,GeneticProgrammingUniformConcat,50,500,Perf<Cycles>,1,None,371416614076.0,None,0,None,0,0,0,73.36448333333333,0.664,0.695,None,None,None,None,None,/home/pbermejo/GeneticImprovement/magpie/_magpie_logs/pngOptim_1781633745_FOLD1.log,None
pngOptim,GeneticProgrammingUniformConcat,50,250,Perf<Cycles>,2,None,298033077092.0,270674894802.0,-9.18,91012633595.0,91004464706.0,-0.009,2,145.3359,0.748,0.784,None,None,None,None,None,/home/pbermejo/GeneticImprovement/magpie/_magpie_logs/pngOptim_1781628787_FOLD2.log,/home/pbermejo/GeneticImprovement/magpie/_magpie_logs/pngOptim_1781805636_FOLD2-val_1781628787_GeneticProgrammingUniformConcat.log
pngOptim,UMDAAlgorithm,50,250,Perf<Cycles>,5,None,244261708644.0,215476251668.0,-11.785,141161802610.0,127530677876.0,-9.656,1,111.78313333333334,0.604,0.668,None,None,None,None,None,/home/pbermejo/GeneticImprovement/magpie/_magpie_logs/pngOptim_1781632535_FOLD5.log,/home/pbermejo/GeneticImprovement/magpie/_magpie_logs/pngOptim_1782119000_FOLD5-val_1781632535_UMDAAlgorithm_None.log
pngOptim,GeneticProgrammingUniformConcat,50,250,Perf<Cycles>,3,None,382987310872.0,341463407834.0,-10.842,2331296874.0,2328666235.0,-0.113,1,158.38071666666667,0.720,0.792,None,None,None,None,None,/home/pbermejo/GeneticImprovement/magpie/_magpie_logs/pngOptim_1781628801_FOLD3.log,/home/pbermejo/GeneticImprovement/magpie/_magpie_logs/pngOptim_1781805621_FOLD3-val_1781628801_GeneticProgrammingUniformConcat.log
pngOptim,FirstImprovement,None,250,Perf<Cycles>,5,None,244256475332.0,88857666837.0,-63.621,142542218796.0,55792184596.0,-60.859,5,124.0948,0.412,0.484,None,None,None,None,None,/home/pbermejo/GeneticImprovement/magpie/_magpie_logs/pngOptim_1781631527_FOLD5.log,/home/pbermejo/GeneticImprovement/magpie/_magpie_logs/pngOptim_1781805655_FOLD5-val_1781631527_FirstImprovement.log
pngOptim,UMDAAlgorithm,50,250,Perf<Cycles>,4,None,245090380866.0,11898984781.0,-95.145,140111058947.0,4778029024.0,-96.59,1,123.34435,0.604,0.656,None,None,None,None,None,/home/pbermejo/GeneticImprovement/magpie/_magpie_logs/pngOptim_1781632492_FOLD4.log,/home/pbermejo/GeneticImprovement/magpie/_magpie_logs/pngOptim_1782118996_FOLD4-val_1781632492_UMDAAlgorithm_None.log
pngOptim,UMDAAlgorithm,50,250,Perf<Cycles>,2,None,297403373273.0,268354040190.0,-9.768,87990653664.0,74789109012.0,-15.003,1,150.73305,0.648,0.692,None,None,None,None,None,/home/pbermejo/GeneticImprovement/magpie/_magpie_logs/pngOptim_1781631800_FOLD2.log,/home/pbermejo/GeneticImprovement/magpie/_magpie_logs/pngOptim_1782118993_FOLD2-val_1781631800_UMDAAlgorithm_None.log
pngOptim,FirstImprovement,None,250,Perf<Cycles>,2,None,297282315498.0,268182729478.0,-9.789,90752316072.0,90411930493.0,-0.375,2,191.79260000000002,0.356,0.432,None,None,None,None,None,/home/pbermejo/GeneticImprovement/magpie/_magpie_logs/pngOptim_1781628804_FOLD2.log,/home/pbermejo/GeneticImprovement/magpie/_magpie_logs/pngOptim_1781805649_FOLD2-val_1781628804_FirstImprovement.log
pngOptim,RandomSearch,None,250,Perf<Cycles>,2,None,297405863031.0,268404554805.0,-9.751,90851785882.0,89591779938.0,-1.387,1,142.9099,0.372,0.448,None,None,None,None,None,/home/pbermejo/GeneticImprovement/magpie/_magpie_logs/pngOptim_1781633146_FOLD2.log,/home/pbermejo/GeneticImprovement/magpie/_magpie_logs/pngOptim_1781805637_FOLD2-val_1781633146_RandomSearch.log
pngOptim,UMDAAlgorithm,50,250,Perf<Cycles>,3,None,383057566605.0,341163161739.0,-10.937,2209015926.0,1831608952.0,-17.085,1,163.79498333333333,0.604,0.676,None,None,None,None,None,/home/pbermejo/GeneticImprovement/magpie/_magpie_logs/pngOptim_1781632083_FOLD3.log,/home/pbermejo/GeneticImprovement/magpie/_magpie_logs/pngOptim_1782119001_FOLD3-val_1781632083_UMDAAlgorithm_None.log
pngOptim,FirstImprovement,None,250,Perf<Cycles>,1,None,371340096921.0,134230012076.0,-63.853,16736157691.0,3462249096.0,-79.313,4,201.59873333333334,0.468,0.560,None,None,None,None,None,/home/pbermejo/GeneticImprovement/magpie/_magpie_logs/pngOptim_1781628803_FOLD1.log,/home/pbermejo/GeneticImprovement/magpie/_magpie_logs/pngOptim_1781805651_FOLD1-val_1781628803_FirstImprovement.log
pngOptim,UMDAAlgorithm,50,250,Perf<Cycles>,1,None,371522665239.0,331443961001.0,-10.788,13970054779.0,11757783289.0,-15.836,1,182.23603333333332,0.628,0.700,None,None,None,None,None,/home/pbermejo/GeneticImprovement/magpie/_magpie_logs/pngOptim_1781631753_FOLD1.log,/home/pbermejo/GeneticImprovement/magpie/_magpie_logs/pngOptim_1782118992_FOLD1-val_1781631753_UMDAAlgorithm_None.log
pngOptim,RandomSearch,None,250,Perf<Cycles>,4,None,245269510224.0,11953010693.0,-95.127,141404354233.0,7318216538.0,-94.825,1,184.37483333333333,0.392,0.484,None,None,None,None,None,/home/pbermejo/GeneticImprovement/magpie/_magpie_logs/pngOptim_1781633413_FOLD4.log,/home/pbermejo/GeneticImprovement/magpie/_magpie_logs/pngOptim_1781805628_FOLD4-val_1781633413_RandomSearch.log
pngOptim,RandomSearch,None,250,Perf<Cycles>,1,None,373420268737.0,138442500160.0,-62.926,16743057900.0,6764204435.0,-59.6,1,213.80474999999998,0.436,0.524,None,None,None,None,None,/home/pbermejo/GeneticImprovement/magpie/_magpie_logs/pngOptim_1781632694_FOLD1.log,/home/pbermejo/GeneticImprovement/magpie/_magpie_logs/pngOptim_1781805644_FOLD1-val_1781632694_RandomSearch.log
pngOptim,GeneticProgrammingUniformConcat,50,250,Perf<Cycles>,1,None,371124626622.0,331157291275.0,-10.769,16768675701.0,16731858972.0,-0.22,3,256.1084666666667,0.772,0.788,None,None,None,None,None,/home/pbermejo/GeneticImprovement/magpie/_magpie_logs/pngOptim_1781628794_FOLD1.log,/home/pbermejo/GeneticImprovement/magpie/_magpie_logs/pngOptim_1781805622_FOLD1-val_1781628794_GeneticProgrammingUniformConcat.log
pngOptim,FirstImprovement,None,250,Perf<Cycles>,3,None,383139705608.0,341373294405.0,-10.901,2324107097.0,2252709550.0,-3.072,5,274.4399,0.432,0.496,None,None,None,None,None,/home/pbermejo/GeneticImprovement/magpie/_magpie_logs/pngOptim_1781628799_FOLD3.log,/home/pbermejo/GeneticImprovement/magpie/_magpie_logs/pngOptim_1781805616_FOLD3-val_1781628799_FirstImprovement.log
pngOptim,RandomSearch,None,250,Perf<Cycles>,5,None,244139020797.0,14032201285.0,-94.252,142575594485.0,7462728107.0,-94.766,1,204.65956666666668,0.432,0.516,None,None,None,None,None,/home/pbermejo/GeneticImprovement/magpie/_magpie_logs/pngOptim_1781633773_FOLD5.log,/home/pbermejo/GeneticImprovement/magpie/_magpie_logs/pngOptim_1781805638_FOLD5-val_1781633773_RandomSearch.log
pngOptim,RandomSearch,None,250,Perf<Cycles>,3,None,383093198255.0,141395392570.0,-63.091,2331629789.0,892280901.0,-61.731,1,245.14833333333334,0.380,0.468,None,None,None,None,None,/home/pbermejo/GeneticImprovement/magpie/_magpie_logs/pngOptim_1781633352_FOLD3.log,/home/pbermejo/GeneticImprovement/magpie/_magpie_logs/pngOptim_1781805632_FOLD3-val_1781633352_RandomSearch.log
pngOptim,FirstImprovement,None,500,Perf<Cycles>,4,None,245234035742.0,11664775558.0,-95.243,141414894719.0,7211187553.0,-94.901,8,179.4822,0.392,0.468,None,None,None,None,None,/home/pbermejo/GeneticImprovement/magpie/_magpie_logs/pngOptim_1781637439_FOLD4.log,/home/pbermejo/GeneticImprovement/magpie/_magpie_logs/pngOptim_1781805676_FOLD4-val_1781637439_FirstImprovement.log
pngOptim,UMDAAlgorithm,50,500,Perf<Cycles>,4,None,245135512444.0,11802942600.0,-95.185,141310644194.0,7319912068.0,-94.82,1,218.07283333333334,0.634,0.684,None,None,None,None,None,/home/pbermejo/GeneticImprovement/magpie/_magpie_logs/pngOptim_1781639496_FOLD4.log,/home/pbermejo/GeneticImprovement/magpie/_magpie_logs/pngOptim_1781805672_FOLD4-val_1781639496_UMDAAlgorithm_None.log
pngOptim,GeneticProgrammingUniformConcat,50,500,Perf<Cycles>,5,None,244148539307.0,88820888972.0,-63.62,142559262549.0,55644796836.0,-60.967,7,278.04991666666666,0.836,0.862,None,None,None,None,None,/home/pbermejo/GeneticImprovement/magpie/_magpie_logs/pngOptim_1781635143_FOLD5.log,/home/pbermejo/GeneticImprovement/magpie/_magpie_logs/pngOptim_1781805640_FOLD5-val_1781635143_GeneticProgrammingUniformConcat.log
pngOptim,GeneticProgrammingUniformConcat,50,500,Perf<Cycles>,4,None,245156573913.0,11669458001.0,-95.24,141492513339.0,7246824906.0,-94.878,4,281.3423166666667,0.780,0.804,None,None,None,None,None,/home/pbermejo/GeneticImprovement/magpie/_magpie_logs/pngOptim_1781635129_FOLD4.log,/home/pbermejo/GeneticImprovement/magpie/_magpie_logs/pngOptim_1781805642_FOLD4-val_1781635129_GeneticProgrammingUniformConcat.log
pngOptim,FirstImprovement,None,500,Perf<Cycles>,5,None,244202409601.0,88836842743.0,-63.622,142659971535.0,55632140848.0,-61.004,7,270.7915,0.436,0.508,None,None,None,None,None,/home/pbermejo/GeneticImprovement/magpie/_magpie_logs/pngOptim_1781637684_FOLD5.log,/home/pbermejo/GeneticImprovement/magpie/_magpie_logs/pngOptim_1781805675_FOLD5-val_1781637684_FirstImprovement.log
pngOptim,UMDAAlgorithm,50,500,Perf<Cycles>,2,None,297426568997.0,268362963059.0,-9.772,90926797996.0,90951913711.0,0.028,1,282.2130833333333,0.666,0.702,None,None,None,None,None,/home/pbermejo/GeneticImprovement/magpie/_magpie_logs/pngOptim_1781638516_FOLD2.log,/home/pbermejo/GeneticImprovement/magpie/_magpie_logs/pngOptim_1781805673_FOLD2-val_1781638516_UMDAAlgorithm_None.log
pngOptim,GeneticProgrammingUniformConcat,50,500,Perf<Cycles>,2,None,297353304519.0,268211274516.0,-9.8,90840061780.0,89553659585.0,-1.416,5,411.58655,0.812,0.834,None,None,None,None,None,/home/pbermejo/GeneticImprovement/magpie/_magpie_logs/pngOptim_1781634246_FOLD2.log,/home/pbermejo/GeneticImprovement/magpie/_magpie_logs/pngOptim_1781805624_FOLD2-val_1781634246_GeneticProgrammingUniformConcat.log
pngOptim,FirstImprovement,None,500,Perf<Cycles>,1,None,371366066818.0,137091316798.0,-63.085,16747662314.0,6764736497.0,-59.608,9,398.21433333333334,0.468,0.558,None,None,None,None,None,/home/pbermejo/GeneticImprovement/magpie/_magpie_logs/pngOptim_1781635298_FOLD1.log,/home/pbermejo/GeneticImprovement/magpie/_magpie_logs/pngOptim_1781805639_FOLD1-val_1781635298_FirstImprovement.log
pngOptim,GeneticProgrammingUniformConcat,50,750,Perf<Cycles>,5,None,245426607826.0,14003275721.0,-94.294,143447453236.0,7456619900.0,-94.802,6,251.87643333333332,0.821,0.845,None,None,None,None,None,/home/pbermejo/GeneticImprovement/magpie/_magpie_logs/pngOptim_1781645902_FOLD5.log,/home/pbermejo/GeneticImprovement/magpie/_magpie_logs/pngOptim_1781805935_FOLD5-val_1781645902_GeneticProgrammingUniformConcat.log
pngOptim,GeneticProgrammingUniformConcat,50,500,Perf<Cycles>,3,None,383240804410.0,341026402847.0,-11.015,2329930371.0,2336455557.0,0.28,3,424.46661666666665,0.818,0.858,None,None,None,None,None,/home/pbermejo/GeneticImprovement/magpie/_magpie_logs/pngOptim_1781634267_FOLD3.log,/home/pbermejo/GeneticImprovement/magpie/_magpie_logs/pngOptim_1781805623_FOLD3-val_1781634267_GeneticProgrammingUniformConcat.log
pngOptim,FirstImprovement,None,500,Perf<Cycles>,3,None,383195932289.0,21116585874.0,-94.489,2331193421.0,467280055.0,-79.955,6,399.25601666666665,0.494,0.560,None,None,None,None,None,/home/pbermejo/GeneticImprovement/magpie/_magpie_logs/pngOptim_1781636120_FOLD3.log,/home/pbermejo/GeneticImprovement/magpie/_magpie_logs/pngOptim_1781805674_FOLD3-val_1781636120_FirstImprovement.log
pngOptim,UMDAAlgorithm,50,500,Perf<Cycles>,5,None,244200642407.0,212304589317.0,-13.061,141005853003.0,128955216523.0,-8.546,1,234.89358333333334,0.676,0.716,None,None,None,None,None,/home/pbermejo/GeneticImprovement/magpie/_magpie_logs/pngOptim_1782215049_FOLD5.log,/home/pbermejo/GeneticImprovement/magpie/_magpie_logs/pngOptim_1782372938_FOLD5-val_1782215049_UMDAAlgorithm_None.log
pngOptim,FirstImprovement,None,500,Perf<Cycles>,2,None,297458906090.0,14795027763.0,-95.026,91031716377.0,6861084282.0,-92.463,4,458.1157666666667,0.408,0.478,None,None,None,None,None,/home/pbermejo/GeneticImprovement/magpie/_magpie_logs/pngOptim_1781635470_FOLD2.log,/home/pbermejo/GeneticImprovement/magpie/_magpie_logs/pngOptim_1781805641_FOLD2-val_1781635470_FirstImprovement.log
pngOptim,FirstImprovement,None,750,Perf<Cycles>,4,None,245065722320.0,11687327016.0,-95.231,141621908721.0,7217561458.0,-94.904,4,255.34324999999998,0.385,0.456,None,None,None,None,None,/home/pbermejo/GeneticImprovement/magpie/_magpie_logs/pngOptim_1781649664_FOLD4.log,/home/pbermejo/GeneticImprovement/magpie/_magpie_logs/pngOptim_1781805937_FOLD4-val_1781649664_FirstImprovement.log
pngOptim,UMDAAlgorithm,50,500,Perf<Cycles>,1,None,371275929984.0,15642992270.0,-95.787,16756500451.0,1317601364.0,-92.137,2,467.7506333333333,0.654,0.696,None,None,None,None,None,/home/pbermejo/GeneticImprovement/magpie/_magpie_logs/pngOptim_1781638469_FOLD1.log,/home/pbermejo/GeneticImprovement/magpie/_magpie_logs/pngOptim_1781805669_FOLD1-val_1781638469_UMDAAlgorithm_None.log
pngOptim,UMDAAlgorithm,50,750,Perf<Cycles>,5,None,244142970586.0,88870131023.0,-63.599,141155356896.0,53237390488.0,-62.285,2,362.99108333333334,0.673,0.723,None,None,None,None,None,/home/pbermejo/GeneticImprovement/magpie/_magpie_logs/pngOptim_1782215050_FOLD5.log,/home/pbermejo/GeneticImprovement/magpie/_magpie_logs/pngOptim_1782372939_FOLD5-val_1782215050_UMDAAlgorithm_None.log
pngOptim,GeneticProgrammingUniformConcat,50,750,Perf<Cycles>,4,None,245242136060.0,11719038540.0,-95.221,141846559009.0,7247523361.0,-94.891,2,403.5688333333334,0.815,0.840,None,None,None,None,None,/home/pbermejo/GeneticImprovement/magpie/_magpie_logs/pngOptim_1781645879_FOLD4.log,/home/pbermejo/GeneticImprovement/magpie/_magpie_logs/pngOptim_1781805934_FOLD4-val_1781645879_GeneticProgrammingUniformConcat.log
pngOptim,UMDAAlgorithm,50,500,Perf<Cycles>,3,None,385305252707.0,324427027026.0,-15.8,2330947143.0,1726383537.0,-25.936,2,536.5552,0.662,0.708,None,None,None,None,None,/home/pbermejo/GeneticImprovement/magpie/_magpie_logs/pngOptim_1781639309_FOLD3.log,/home/pbermejo/GeneticImprovement/magpie/_magpie_logs/pngOptim_1781805670_FOLD3-val_1781639309_UMDAAlgorithm_None.log
pngOptim,FirstImprovement,None,1000,Perf<Cycles>,4,None,245210211939.0,2030976561.0,-99.172,141387389249.0,1141050667.0,-99.193,5,45.22260000000001,0.382,0.464,None,None,None,None,None,/home/pbermejo/GeneticImprovement/magpie/_magpie_logs/pngOptim_1781670933_FOLD4.log,/home/pbermejo/GeneticImprovement/magpie/_magpie_logs/pngOptim_1781806298_FOLD4-val_1781670933_FirstImprovement.log
pngOptim,GeneticProgrammingUniformConcat,50,750,Perf<Cycles>,3,None,383144598683.0,341005201635.0,-10.998,2331643049.0,2260714721.0,-3.042,3,543.0228333333333,0.829,0.859,None,None,None,None,None,/home/pbermejo/GeneticImprovement/magpie/_magpie_logs/pngOptim_1781643066_FOLD3.log,/home/pbermejo/GeneticImprovement/magpie/_magpie_logs/pngOptim_1781805932_FOLD3-val_1781643066_GeneticProgrammingUniformConcat.log
pngOptim,GeneticProgrammingUniformConcat,50,750,Perf<Cycles>,2,None,297357315479.0,15009732150.0,-94.952,91096790112.0,7169751520.0,-92.13,4,524.4229666666666,0.820,0.840,None,None,None,None,None,/home/pbermejo/GeneticImprovement/magpie/_magpie_logs/pngOptim_1781642780_FOLD2.log,/home/pbermejo/GeneticImprovement/magpie/_magpie_logs/pngOptim_1781805667_FOLD2-val_1781642780_GeneticProgrammingUniformConcat.log
pngOptim,FirstImprovement,None,750,Perf<Cycles>,5,None,244238423280.0,83553959358.0,-65.79,142620567232.0,55530397878.0,-61.064,8,414.6323333333333,0.441,0.529,None,None,None,None,None,/home/pbermejo/GeneticImprovement/magpie/_magpie_logs/pngOptim_1781649785_FOLD5.log,/home/pbermejo/GeneticImprovement/magpie/_magpie_logs/pngOptim_1781805660_FOLD5-val_1781649785_FirstImprovement.log
pngOptim,GeneticProgrammingUniformConcat,50,750,Perf<Cycles>,1,None,371294732567.0,137394583927.0,-62.996,16761108886.0,6794879046.0,-59.46,2,617.5912333333333,0.829,0.849,None,None,None,None,None,/home/pbermejo/GeneticImprovement/magpie/_magpie_logs/pngOptim_1781642299_FOLD1.log,/home/pbermejo/GeneticImprovement/magpie/_magpie_logs/pngOptim_1781805665_FOLD1-val_1781642299_GeneticProgrammingUniformConcat.log
pngOptim,FirstImprovement,None,750,Perf<Cycles>,2,None,297445530092.0,13162434872.0,-95.575,90548603063.0,6834215454.0,-92.452,7,515.1158333333334,0.407,0.491,None,None,None,None,None,/home/pbermejo/GeneticImprovement/magpie/_magpie_logs/pngOptim_1781647182_FOLD2.log,/home/pbermejo/GeneticImprovement/magpie/_magpie_logs/pngOptim_1781805931_FOLD2-val_1781647182_FirstImprovement.log
pngOptim,RandomSearch,None,750,Perf<Cycles>,2,None,297339674277.0,238111382030.0,-19.919,90872116189.0,67972710459.0,-25.2,1,382.5455666666667,0.341,0.420,None,None,None,None,None,/home/pbermejo/GeneticImprovement/magpie/_magpie_logs/pngOptim_1781656915_FOLD2.log,/home/pbermejo/GeneticImprovement/magpie/_magpie_logs/pngOptim_1781805659_FOLD2-val_1781656915_RandomSearch.log
pngOptim,FirstImprovement,None,750,Perf<Cycles>,1,None,371397676251.0,134106815867.0,-63.891,16753942863.0,0,0,6,548.6473833333333,0.441,0.525,None,None,None,None,None,/home/pbermejo/GeneticImprovement/magpie/_magpie_logs/pngOptim_1781646051_FOLD1.log,/home/pbermejo/GeneticImprovement/magpie/_magpie_logs/pngOptim_1781805936_FOLD1-val_1781646051_FirstImprovement.log
pngOptim,RandomSearch,None,750,Perf<Cycles>,5,None,244371576926.0,None,0,None,0,0,0,None,None,None,None,None,None,None,None,/home/pbermejo/GeneticImprovement/magpie/_magpie_logs/pngOptim_1782215048_FOLD5.log,None
pngOptim,UMDAAlgorithm,50,750,Perf<Cycles>,1,None,371256820022.0,15670360688.0,-95.779,16723637904.0,1320917616.0,-92.101,2,497.02633333333335,0.673,0.717,None,None,None,None,None,/home/pbermejo/GeneticImprovement/magpie/_magpie_logs/pngOptim_1781652827_FOLD1.log,/home/pbermejo/GeneticImprovement/magpie/_magpie_logs/pngOptim_1781805657_FOLD1-val_1781652827_UMDAAlgorithm_None.log
pngOptim,FirstImprovement,None,750,Perf<Cycles>,3,None,383107898949.0,20214267127.0,-94.724,2332097843.0,0,0,7,608.27245,0.435,0.508,None,None,None,None,None,/home/pbermejo/GeneticImprovement/magpie/_magpie_logs/pngOptim_1781647588_FOLD3.log,/home/pbermejo/GeneticImprovement/magpie/_magpie_logs/pngOptim_1781805933_FOLD3-val_1781647588_FirstImprovement.log
pngOptim,UMDAAlgorithm,50,750,Perf<Cycles>,2,None,297365324133.0,10761187707.0,-96.381,90850474177.0,8895436856.0,-90.209,1,532.66845,0.681,0.723,None,None,None,None,None,/home/pbermejo/GeneticImprovement/magpie/_magpie_logs/pngOptim_1781653449_FOLD2.log,/home/pbermejo/GeneticImprovement/magpie/_magpie_logs/pngOptim_1781805650_FOLD2-val_1781653449_UMDAAlgorithm_None.log
pngOptim,UMDAAlgorithm,50,750,Perf<Cycles>,4,None,245174896136.0,11731448959.0,-95.215,141481768194.0,7349849260.0,-94.805,1,520.7386666666666,0.679,0.724,None,None,None,None,None,/home/pbermejo/GeneticImprovement/magpie/_magpie_logs/pngOptim_1781655634_FOLD4.log,/home/pbermejo/GeneticImprovement/magpie/_magpie_logs/pngOptim_1781805648_FOLD4-val_1781655634_UMDAAlgorithm_None.log
pngOptim,RandomSearch,None,750,Perf<Cycles>,1,None,371394027397.0,15885580910.0,-95.723,16750360293.0,1322818636.0,-92.103,1,567.4359833333333,0.413,0.500,None,None,None,None,None,/home/pbermejo/GeneticImprovement/magpie/_magpie_logs/pngOptim_1781656312_FOLD1.log,/home/pbermejo/GeneticImprovement/magpie/_magpie_logs/pngOptim_1781805653_FOLD1-val_1781656312_RandomSearch.log
pngOptim,GeneticProgrammingUniformConcat,50,1000,Perf<Cycles>,5,None,243996150534.0,13988452875.0,-94.267,142527023337.0,7474148278.0,-94.756,6,420.32658333333336,0.852,0.874,None,None,None,None,None,/home/pbermejo/GeneticImprovement/magpie/_magpie_logs/pngOptim_1781664616_FOLD5.log,/home/pbermejo/GeneticImprovement/magpie/_magpie_logs/pngOptim_1781806304_FOLD5-val_1781664616_GeneticProgrammingUniformConcat.log
pngOptim,FirstImprovement,None,1000,Perf<Cycles>,5,None,244107411492.0,13981024689.0,-94.273,142879486216.0,7452991393.0,-94.784,9,361.25488333333334,0.438,0.516,None,None,None,None,None,/home/pbermejo/GeneticImprovement/magpie/_magpie_logs/pngOptim_1781672121_FOLD5.log,/home/pbermejo/GeneticImprovement/magpie/_magpie_logs/pngOptim_1781806300_FOLD5-val_1781672121_FirstImprovement.log
pngOptim,GeneticProgrammingUniformConcat,50,1000,Perf<Cycles>,4,None,245244120656.0,1999947172.0,-99.185,141486823606.0,1130690652.0,-99.201,4,530.16255,0.818,0.842,None,None,None,None,None,/home/pbermejo/GeneticImprovement/magpie/_magpie_logs/pngOptim_1781662710_FOLD4.log,/home/pbermejo/GeneticImprovement/magpie/_magpie_logs/pngOptim_1781806310_FOLD4-val_1781662710_GeneticProgrammingUniformConcat.log
pngOptim,UMDAAlgorithm,50,750,Perf<Cycles>,3,None,383088848347.0,317627996776.0,-17.088,2344998665.0,1932352275.0,-17.597,2,677.5134166666667,0.679,0.717,None,None,None,None,None,/home/pbermejo/GeneticImprovement/magpie/_magpie_logs/pngOptim_1781653630_FOLD3.log,/home/pbermejo/GeneticImprovement/magpie/_magpie_logs/pngOptim_1781805658_FOLD3-val_1781653630_UMDAAlgorithm_None.log
pngOptim,RandomSearch,None,750,Perf<Cycles>,4,None,245201405614.0,11914770677.0,-95.141,141911819678.0,7317543885.0,-94.844,1,565.9237833333334,0.396,0.475,None,None,None,None,None,/home/pbermejo/GeneticImprovement/magpie/_magpie_logs/pngOptim_1781660949_FOLD4.log,/home/pbermejo/GeneticImprovement/magpie/_magpie_logs/pngOptim_1781805661_FOLD4-val_1781660949_RandomSearch.log
pngOptim,UMDAAlgorithm,50,1000,Perf<Cycles>,4,None,245246582784.0,11784420546.0,-95.195,141465204665.0,7320203472.0,-94.825,2,408.96485,0.665,0.711,None,None,None,None,None,/home/pbermejo/GeneticImprovement/magpie/_magpie_logs/pngOptim_1781676025_FOLD4.log,/home/pbermejo/GeneticImprovement/magpie/_magpie_logs/pngOptim_1781806296_FOLD4-val_1781676025_UMDAAlgorithm_None.log
pngOptim,FirstImprovement,None,1000,Perf<Cycles>,2,None,297418456759.0,13147029292.0,-95.58,90856516289.0,6869475548.0,-92.439,7,517.3574333333333,0.420,0.505,None,None,None,None,None,/home/pbermejo/GeneticImprovement/magpie/_magpie_logs/pngOptim_1781668048_FOLD2.log,/home/pbermejo/GeneticImprovement/magpie/_magpie_logs/pngOptim_1781806305_FOLD2-val_1781668048_FirstImprovement.log
pngOptim,RandomSearch,None,750,Perf<Cycles>,3,None,383176876557.0,20317437791.0,-94.698,2332501411.0,359326643.0,-84.595,1,712.1876333333333,0.381,0.480,None,None,None,None,None,/home/pbermejo/GeneticImprovement/magpie/_magpie_logs/pngOptim_1781660523_FOLD3.log,/home/pbermejo/GeneticImprovement/magpie/_magpie_logs/pngOptim_1781805662_FOLD3-val_1781660523_RandomSearch.log
pngOptim,FirstImprovement,None,1000,Perf<Cycles>,1,None,371385074401.0,134010377730.0,-63.916,16766528736.0,0,0,7,635.8610666666666,0.437,0.520,None,None,None,None,None,/home/pbermejo/GeneticImprovement/magpie/_magpie_logs/pngOptim_1781667000_FOLD1.log,/home/pbermejo/GeneticImprovement/magpie/_magpie_logs/pngOptim_1781806303_FOLD1-val_1781667000_FirstImprovement.log
pngOptim,FirstImprovement,None,1000,Perf<Cycles>,3,None,383123782606.0,20204281040.0,-94.726,2326435691.0,0,0,7,645.2574333333334,0.476,0.540,None,None,None,None,None,/home/pbermejo/GeneticImprovement/magpie/_magpie_logs/pngOptim_1781668595_FOLD3.log,/home/pbermejo/GeneticImprovement/magpie/_magpie_logs/pngOptim_1781806309_FOLD3-val_1781668595_FirstImprovement.log
pngOptim,RandomSearch,None,1000,Perf<Cycles>,4,None,245105063948.0,11929578960.0,-95.133,141586257978.0,7336997493.0,-94.818,1,484.50598333333335,0.395,0.479,None,None,None,None,None,/home/pbermejo/GeneticImprovement/magpie/_magpie_logs/pngOptim_1781680164_FOLD4.log,/home/pbermejo/GeneticImprovement/magpie/_magpie_logs/pngOptim_1781805682_FOLD4-val_1781680164_RandomSearch.log
pngOptim,GeneticProgrammingUniformConcat,50,1000,Perf<Cycles>,2,None,297290760008.0,258238559515.0,-13.136,90889770054.0,86537784973.0,-4.788,5,779.51915,0.834,0.855,None,None,None,None,None,/home/pbermejo/GeneticImprovement/magpie/_magpie_logs/pngOptim_1781661699_FOLD2.log,/home/pbermejo/GeneticImprovement/magpie/_magpie_logs/pngOptim_1781806308_FOLD2-val_1781661699_GeneticProgrammingUniformConcat.log
pngOptim,RandomSearch,None,1000,Perf<Cycles>,5,None,244134874107.0,None,0,None,0,0,0,None,None,None,None,None,None,None,None,/home/pbermejo/GeneticImprovement/magpie/_magpie_logs/pngOptim_1782215047_FOLD5.log,None
pngOptim,RandomSearch,None,1000,Perf<Cycles>,2,None,297407965457.0,10766081547.0,-96.38,91086323488.0,8891800279.0,-90.238,1,535.2152333333333,0.360,0.444,None,None,None,None,None,/home/pbermejo/GeneticImprovement/magpie/_magpie_logs/pngOptim_1781679720_FOLD2.log,/home/pbermejo/GeneticImprovement/magpie/_magpie_logs/pngOptim_1781805681_FOLD2-val_1781679720_RandomSearch.log
pngOptim,GeneticProgrammingUniformConcat,50,1000,Perf<Cycles>,3,None,383182439031.0,336316384399.0,-12.231,2330496627.0,0,0,4,853.6627000000001,0.836,0.868,None,None,None,None,None,/home/pbermejo/GeneticImprovement/magpie/_magpie_logs/pngOptim_1781662245_FOLD3.log,/home/pbermejo/GeneticImprovement/magpie/_magpie_logs/pngOptim_1781806306_FOLD3-val_1781662245_GeneticProgrammingUniformConcat.log
pngOptim,UMDAAlgorithm,50,1000,Perf<Cycles>,5,None,244244418768.0,215079282820.0,-11.941,142530358870.0,143939786911.0,0.989,2,600.39905,0.674,0.716,None,None,None,None,None,/home/pbermejo/GeneticImprovement/magpie/_magpie_logs/pngOptim_1781676267_FOLD5.log,/home/pbermejo/GeneticImprovement/magpie/_magpie_logs/pngOptim_1781806299_FOLD5-val_1781676267_UMDAAlgorithm_None.log
pngOptim,UMDAAlgorithm,50,1000,Perf<Cycles>,3,None,383055306266.0,21224270500.0,-94.459,2205571987.0,390087065.0,-82.314,2,683.5373166666667,0.681,0.729,None,None,None,None,None,/home/pbermejo/GeneticImprovement/magpie/_magpie_logs/pngOptim_1781673894_FOLD3.log,/home/pbermejo/GeneticImprovement/magpie/_magpie_logs/pngOptim_1782118422_FOLD3-val_1781673894_UMDAAlgorithm_None.log
pngOptim,UMDAAlgorithm,50,1000,Perf<Cycles>,2,None,297405325647.0,14857318105.0,-95.004,91111072678.0,6792909035.0,-92.544,2,690.3111833333334,0.681,0.734,None,None,None,None,None,/home/pbermejo/GeneticImprovement/magpie/_magpie_logs/pngOptim_1781673638_FOLD2.log,/home/pbermejo/GeneticImprovement/magpie/_magpie_logs/pngOptim_1781806302_FOLD2-val_1781673638_UMDAAlgorithm_None.log
weka,UMDAAlgorithm,50,100,Perf<Cycles>,4,llama3.2:3b,None,None,0,None,0,0,0,None,0.000,0.000,None,None,None,None,None,/home/pbermejo/GeneticImprovement/magpie/_magpie_logs/weka_1781717182_FOLD4.log,None
weka,UMDAAlgorithm,50,100,Perf<Cycles>,5,llama3.2:3b,None,None,0,None,0,0,0,None,0.000,0.000,None,None,None,None,None,/home/pbermejo/GeneticImprovement/magpie/_magpie_logs/weka_1781717181_FOLD5.log,None
weka,UMDAAlgorithm,50,100,Perf<Cycles>,3,llama3.2:3b,92834204930.0,91906965251.0,-0.999,32940035030.0,32197886574.0,-2.253,1,20.355816666666666,0.320,0.320,49,0,49,0.0,1.0,/home/pbermejo/GeneticImprovement/magpie/_magpie_logs/weka_1781717179_FOLD3.log,/home/pbermejo/GeneticImprovement/magpie/_magpie_logs/weka_1782122023_FOLD3-val_1781717179_UMDAAlgorithm_llama3.2:3b.log
weka,UMDAAlgorithm,50,100,Perf<Cycles>,1,llama3.2:3b,94328092659.0,92802642389.0,-1.617,31337462421.0,30552451164.0,-2.505,1,20.633633333333332,0.320,0.320,49,0,49,0.0,1.0,/home/pbermejo/GeneticImprovement/magpie/_magpie_logs/weka_1781717178_FOLD1.log,/home/pbermejo/GeneticImprovement/magpie/_magpie_logs/weka_1782122021_FOLD1-val_1781717178_UMDAAlgorithm_llama3.2:3b.log
weka,UMDAAlgorithm,50,100,Perf<Cycles>,2,llama3.2:3b,102498227809.0,100050921420.0,-2.388,24214278550.0,23838860270.0,-1.55,1,21.809383333333336,0.320,0.320,49,0,49,0.0,1.0,/home/pbermejo/GeneticImprovement/magpie/_magpie_logs/weka_1781717177_FOLD2.log,/home/pbermejo/GeneticImprovement/magpie/_magpie_logs/weka_1782122022_FOLD2-val_1781717177_UMDAAlgorithm_llama3.2:3b.log
weka,UMDAAlgorithm,50,250,Perf<Cycles>,3,llama3.2:3b,92994439080.0,91692734827.0,-1.4,31354656659.0,32360959015.0,3.209,1,47.989016666666664,0.344,0.348,196,78,100,0.398,0.51,/home/pbermejo/GeneticImprovement/magpie/_magpie_logs/weka_1781718515_FOLD3.log,/home/pbermejo/GeneticImprovement/magpie/_magpie_logs/weka_1782122028_FOLD3-val_1781718515_UMDAAlgorithm_llama3.2:3b.log
weka,UMDAAlgorithm,50,250,Perf<Cycles>,5,llama3.2:3b,103764339807.0,100690916922.0,-2.962,23204369944.0,22669958330.0,-2.303,1,50.594883333333335,0.308,0.308,196,0,196,0.0,1.0,/home/pbermejo/GeneticImprovement/magpie/_magpie_logs/weka_1781718635_FOLD5.log,/home/pbermejo/GeneticImprovement/magpie/_magpie_logs/weka_1782122030_FOLD5-val_1781718635_UMDAAlgorithm_llama3.2:3b.log
pngOptim,UMDAAlgorithm,50,100,Perf<Cycles>,5,llama3.2:3b,244221091850.0,215498419096.0,-11.761,141105737383.0,127754133569.0,-9.462,1,47.968849999999996,0.260,0.310,49,12,0,0.245,0.0,/home/pbermejo/GeneticImprovement/magpie/_magpie_logs/pngOptim_1781717182_FOLD5.log,/home/pbermejo/GeneticImprovement/magpie/_magpie_logs/pngOptim_1782109462_FOLD5-val_1781717182_UMDAAlgorithm_llama3.2:3b.log
weka,UMDAAlgorithm,50,250,Perf<Cycles>,4,llama3.2:3b,110144599537.0,107148070162.0,-2.721,15644276341.0,15399552825.0,-1.564,1,54.29681666666667,0.312,0.312,196,0,196,0.0,1.0,/home/pbermejo/GeneticImprovement/magpie/_magpie_logs/weka_1781718545_FOLD4.log,/home/pbermejo/GeneticImprovement/magpie/_magpie_logs/weka_1782122026_FOLD4-val_1781718545_UMDAAlgorithm_llama3.2:3b.log
sat4j,UMDAAlgorithm,50,100,Perf<Cycles>,5,llama3.2:3b,43343602795.0,41706990756.0,-3.776,41793737248.0,44524952975.0,6.535,1,56.994683333333334,0.250,0.310,49,0,49,0.0,1.0,/home/pbermejo/GeneticImprovement/magpie/_magpie_logs/sat4j_1781717183_FOLD5.log,/home/pbermejo/GeneticImprovement/magpie/_magpie_logs/sat4j_1782122243_FOLD5-val_1781717183_UMDAAlgorithm_llama3.2:3b.log
pngOptim,GeneticProgrammingUniformConcat,50,1000,Perf<Cycles>,1,None,371371049234.0,330876112545.0,-10.904,16758580297.0,0,0,1,978.2944666666666,0.835,0.852,None,None,None,None,None,/home/pbermejo/GeneticImprovement/magpie/_magpie_logs/pngOptim_1781661394_FOLD1.log,/home/pbermejo/GeneticImprovement/magpie/_magpie_logs/pngOptim_1781806307_FOLD1-val_1781661394_GeneticProgrammingUniformConcat.log
sat4j,UMDAAlgorithm,50,100,Perf<Cycles>,1,llama3.2:3b,78390925283.0,74073857445.0,-5.507,8387283244.0,8432701073.0,0.542,1,60.80596666666667,0.380,0.430,49,3,0,0.061,0.0,/home/pbermejo/GeneticImprovement/magpie/_magpie_logs/sat4j_1781717182_FOLD1.log,/home/pbermejo/GeneticImprovement/magpie/_magpie_logs/sat4j_1782122246_FOLD1-val_1781717182_UMDAAlgorithm_llama3.2:3b.log
sat4j,UMDAAlgorithm,50,100,Perf<Cycles>,3,llama3.2:3b,67693693372.0,63004379688.0,-6.927,20451395293.0,19485111870.0,-4.725,1,61.4118,0.250,0.310,49,0,49,0.0,1.0,/home/pbermejo/GeneticImprovement/magpie/_magpie_logs/sat4j_1781717184_FOLD3.log,/home/pbermejo/GeneticImprovement/magpie/_magpie_logs/sat4j_1782122247_FOLD3-val_1781717184_UMDAAlgorithm_llama3.2:3b.log
pngOptim,UMDAAlgorithm,50,1000,Perf<Cycles>,1,None,373278442569.0,21041042097.0,-94.363,13964245300.0,1159784681.0,-91.695,2,779.72065,0.653,0.707,None,None,None,None,None,/home/pbermejo/GeneticImprovement/magpie/_magpie_logs/pngOptim_1781673614_FOLD1.log,/home/pbermejo/GeneticImprovement/magpie/_magpie_logs/pngOptim_1782118423_FOLD1-val_1781673614_UMDAAlgorithm_None.log
sat4j,UMDAAlgorithm,50,100,Perf<Cycles>,4,llama3.2:3b,79160311738.0,77098271143.0,-2.605,5961131602.0,5977467864.0,0.274,1,65.32383333333333,0.250,0.310,49,0,49,0.0,1.0,/home/pbermejo/GeneticImprovement/magpie/_magpie_logs/sat4j_1781717185_FOLD4.log,/home/pbermejo/GeneticImprovement/magpie/_magpie_logs/sat4j_1782122244_FOLD4-val_1781717185_UMDAAlgorithm_llama3.2:3b.log
sat4j,UMDAAlgorithm,50,100,Perf<Cycles>,2,llama3.2:3b,76582952291.0,74656838555.0,-2.515,8326986568.0,8311049787.0,-0.191,1,65.44365,0.250,0.310,49,0,49,0.0,1.0,/home/pbermejo/GeneticImprovement/magpie/_magpie_logs/sat4j_1781717181_FOLD2.log,/home/pbermejo/GeneticImprovement/magpie/_magpie_logs/sat4j_1782122245_FOLD2-val_1781717181_UMDAAlgorithm_llama3.2:3b.log
sat4j,UMDAAlgorithm,50,250,Perf<Cycles>,3,llama3.2:3b,65597404293.0,63016831286.0,-3.934,21125103500.0,20050996895.0,-5.085,1,38.33148333333334,0.260,0.308,196,0,196,0.0,1.0,/home/pbermejo/GeneticImprovement/magpie/_magpie_logs/sat4j_1781720704_FOLD3.log,/home/pbermejo/GeneticImprovement/magpie/_magpie_logs/sat4j_1782122250_FOLD3-val_1781720704_UMDAAlgorithm_llama3.2:3b.log
pngOptim,UMDAAlgorithm,50,100,Perf<Cycles>,2,llama3.2:3b,297369908184.0,268331646307.0,-9.765,87961605301.0,74786324420.0,-14.978,1,68.27890000000001,0.320,0.340,49,0,0,0.0,0.0,/home/pbermejo/GeneticImprovement/magpie/_magpie_logs/pngOptim_1781717183_FOLD2.log,/home/pbermejo/GeneticImprovement/magpie/_magpie_logs/pngOptim_1782109465_FOLD2-val_1781717183_UMDAAlgorithm_llama3.2:3b.log
sat4j,UMDAAlgorithm,50,250,Perf<Cycles>,5,llama3.2:3b,41883438151.0,41044800030.0,-2.002,42486043505.0,43689459191.0,2.832,1,31.76631666666667,0.260,0.308,196,0,196,0.0,1.0,/home/pbermejo/GeneticImprovement/magpie/_magpie_logs/sat4j_1781721304_FOLD5.log,/home/pbermejo/GeneticImprovement/magpie/_magpie_logs/sat4j_1782122252_FOLD5-val_1781721304_UMDAAlgorithm_llama3.2:3b.log
sat4j,UMDAAlgorithm,50,250,Perf<Cycles>,2,llama3.2:3b,76895117712.0,74599278004.0,-2.986,8095457280.0,8072545987.0,-0.283,1,46.10616666666667,0.296,0.336,196,0,148,0.0,0.755,/home/pbermejo/GeneticImprovement/magpie/_magpie_logs/sat4j_1781720644_FOLD2.log,/home/pbermejo/GeneticImprovement/magpie/_magpie_logs/sat4j_1782122253_FOLD2-val_1781720644_UMDAAlgorithm_llama3.2:3b.log
sat4j,UMDAAlgorithm,50,250,Perf<Cycles>,4,llama3.2:3b,79537879409.0,76957222147.0,-3.245,6000194162.0,5982388363.0,-0.297,1,43.190000000000005,0.260,0.308,196,0,196,0.0,1.0,/home/pbermejo/GeneticImprovement/magpie/_magpie_logs/sat4j_1781720854_FOLD4.log,/home/pbermejo/GeneticImprovement/magpie/_magpie_logs/sat4j_1782122251_FOLD4-val_1781720854_UMDAAlgorithm_llama3.2:3b.log
sat4j,UMDAAlgorithm,50,250,Perf<Cycles>,1,llama3.2:3b,74451171218.0,73908911831.0,-0.728,8352315920.0,8272322702.0,-0.958,1,60.116816666666665,0.388,0.432,196,49,98,0.25,0.5,/home/pbermejo/GeneticImprovement/magpie/_magpie_logs/sat4j_1781719949_FOLD1.log,/home/pbermejo/GeneticImprovement/magpie/_magpie_logs/sat4j_1782122254_FOLD1-val_1781719949_UMDAAlgorithm_llama3.2:3b.log
pngOptim,UMDAAlgorithm,50,100,Perf<Cycles>,4,llama3.2:3b,245187416129.0,216019723557.0,-11.896,141129678682.0,133201237419.0,-5.618,1,85.57585,0.470,0.520,49,0,49,0.0,1.0,/home/pbermejo/GeneticImprovement/magpie/_magpie_logs/pngOptim_1781717185_FOLD4.log,/home/pbermejo/GeneticImprovement/magpie/_magpie_logs/pngOptim_1782109467_FOLD4-val_1781717185_UMDAAlgorithm_llama3.2:3b.log
weka,UMDAAlgorithm,50,500,Perf<Cycles>,1,llama3.2:3b,None,None,0,None,0,0,0,None,0.000,0.000,None,None,None,None,None,/home/pbermejo/GeneticImprovement/magpie/_magpie_logs/weka_1781722735_FOLD1.log,None
pngOptim,UMDAAlgorithm,50,100,Perf<Cycles>,1,llama3.2:3b,371269915916.0,331220651258.0,-10.787,13965339174.0,11822019483.0,-15.347,1,88.36603333333333,0.520,0.580,49,9,0,0.184,0.0,/home/pbermejo/GeneticImprovement/magpie/_magpie_logs/pngOptim_1781717181_FOLD1.log,/home/pbermejo/GeneticImprovement/magpie/_magpie_logs/pngOptim_1782109463_FOLD1-val_1781717181_UMDAAlgorithm_llama3.2:3b.log
weka,UMDAAlgorithm,50,500,Perf<Cycles>,3,llama3.2:3b,None,None,0,None,0,0,0,None,0.000,0.000,None,None,None,None,None,/home/pbermejo/GeneticImprovement/magpie/_magpie_logs/weka_1781723329_FOLD3.log,None
pngOptim,UMDAAlgorithm,50,100,Perf<Cycles>,3,llama3.2:3b,383046124542.0,341126549341.0,-10.944,2204762660.0,1843634237.0,-16.379,1,119.2813,0.470,0.520,49,0,49,0.0,1.0,/home/pbermejo/GeneticImprovement/magpie/_magpie_logs/pngOptim_1781717184_FOLD3.log,/home/pbermejo/GeneticImprovement/magpie/_magpie_logs/pngOptim_1782109464_FOLD3-val_1781717184_UMDAAlgorithm_llama3.2:3b.log
pngOptim,UMDAAlgorithm,50,250,Perf<Cycles>,4,llama3.2:3b,245286574540.0,89365677409.0,-63.567,140102694502.0,53061694472.0,-62.127,1,100.07666666666667,0.372,0.480,196,54,98,0.276,0.5,/home/pbermejo/GeneticImprovement/magpie/_magpie_logs/pngOptim_1781721934_FOLD4.log,/home/pbermejo/GeneticImprovement/magpie/_magpie_logs/pngOptim_1782109469_FOLD4-val_1781721934_UMDAAlgorithm_llama3.2:3b.log
weka,UMDAAlgorithm,50,500,Perf<Cycles>,2,llama3.2:3b,100239112823.0,99695352029.0,-0.542,24120039591.0,23865307057.0,-1.056,3,93.386,0.336,0.344,441,28,345,0.063,0.782,/home/pbermejo/GeneticImprovement/magpie/_magpie_logs/weka_1781723104_FOLD2.log,/home/pbermejo/GeneticImprovement/magpie/_magpie_logs/weka_1782122027_FOLD2-val_1781723104_UMDAAlgorithm_llama3.2:3b.log
sat4j,UMDAAlgorithm,50,500,Perf<Cycles>,1,llama3.2:3b,76760658904.0,64911625940.0,-15.436,8400637758.0,8530481066.0,1.546,1,91.83361666666666,0.266,0.314,441,49,343,0.111,0.778,/home/pbermejo/GeneticImprovement/magpie/_magpie_logs/sat4j_1781723569_FOLD1.log,/home/pbermejo/GeneticImprovement/magpie/_magpie_logs/sat4j_1782122256_FOLD1-val_1781723569_UMDAAlgorithm_llama3.2:3b.log
weka,UMDAAlgorithm,50,500,Perf<Cycles>,5,llama3.2:3b,103000755054.0,101075512677.0,-1.869,23026728890.0,23035323657.0,0.037,1,95.65833333333333,0.292,0.302,441,71,247,0.161,0.56,/home/pbermejo/GeneticImprovement/magpie/_magpie_logs/weka_1781723539_FOLD5.log,/home/pbermejo/GeneticImprovement/magpie/_magpie_logs/weka_1782122024_FOLD5-val_1781723539_UMDAAlgorithm_llama3.2:3b.log
weka,UMDAAlgorithm,50,500,Perf<Cycles>,4,llama3.2:3b,110607408448.0,108026488926.0,-2.333,16340398908.0,16190866464.0,-0.915,1,100.14776666666667,0.312,0.322,441,0,345,0.0,0.782,/home/pbermejo/GeneticImprovement/magpie/_magpie_logs/weka_1781723314_FOLD4.log,/home/pbermejo/GeneticImprovement/magpie/_magpie_logs/weka_1782122031_FOLD4-val_1781723314_UMDAAlgorithm_llama3.2:3b.log
pngOptim,UMDAAlgorithm,50,250,Perf<Cycles>,2,llama3.2:3b,297438056603.0,10753500721.0,-96.385,87877765382.0,5852254148.0,-93.34,1,127.20656666666667,0.352,0.440,196,11,151,0.056,0.77,/home/pbermejo/GeneticImprovement/magpie/_magpie_logs/pngOptim_1781721814_FOLD2.log,/home/pbermejo/GeneticImprovement/magpie/_magpie_logs/pngOptim_1782109466_FOLD2-val_1781721814_UMDAAlgorithm_llama3.2:3b.log
sat4j,UMDAAlgorithm,50,500,Perf<Cycles>,2,llama3.2:3b,76128047929.0,63908544665.0,-16.051,8415203854.0,8901780498.0,5.782,2,104.8974,0.318,0.374,441,0,392,0.0,0.889,/home/pbermejo/GeneticImprovement/magpie/_magpie_logs/sat4j_1781723674_FOLD2.log,/home/pbermejo/GeneticImprovement/magpie/_magpie_logs/sat4j_1782122255_FOLD2-val_1781723674_UMDAAlgorithm_llama3.2:3b.log
pngOptim,UMDAAlgorithm,50,250,Perf<Cycles>,5,llama3.2:3b,244232805725.0,89037727343.0,-63.544,141098527342.0,53342675627.0,-62.195,1,133.63001666666668,0.292,0.356,196,21,49,0.107,0.25,/home/pbermejo/GeneticImprovement/magpie/_magpie_logs/pngOptim_1781722182_FOLD5.log,/home/pbermejo/GeneticImprovement/magpie/_magpie_logs/pngOptim_1782109478_FOLD5-val_1781722182_UMDAAlgorithm_llama3.2:3b.log
pngOptim,UMDAAlgorithm,50,250,Perf<Cycles>,1,llama3.2:3b,371449589962.0,15681122782.0,-95.778,13968107272.0,889543690.0,-93.632,1,184.0843,0.456,0.528,196,26,50,0.133,0.255,/home/pbermejo/GeneticImprovement/magpie/_magpie_logs/pngOptim_1781721514_FOLD1.log,/home/pbermejo/GeneticImprovement/magpie/_magpie_logs/pngOptim_1782109468_FOLD1-val_1781721514_UMDAAlgorithm_llama3.2:3b.log
pngOptim,RandomSearch,None,1000,Perf<Cycles>,1,None,371410568288.0,15655533790.0,-95.785,16752965909.0,1320032710.0,-92.121,1,949.6748833333334,0.405,0.490,None,None,None,None,None,/home/pbermejo/GeneticImprovement/magpie/_magpie_logs/pngOptim_1781676554_FOLD1.log,/home/pbermejo/GeneticImprovement/magpie/_magpie_logs/pngOptim_1781805677_FOLD1-val_1781676554_RandomSearch.log
pngOptim,RandomSearch,None,1000,Perf<Cycles>,3,None,383017888462.0,20323212820.0,-94.694,2341376534.0,359958954.0,-84.626,1,895.5832166666667,0.381,0.479,None,None,None,None,None,/home/pbermejo/GeneticImprovement/magpie/_magpie_logs/pngOptim_1781680223_FOLD3.log,/home/pbermejo/GeneticImprovement/magpie/_magpie_logs/pngOptim_1781805680_FOLD3-val_1781680223_RandomSearch.log
weka,UMDAAlgorithm,50,750,Perf<Cycles>,2,llama3.2:3b,None,None,0,None,0,0,0,None,0.000,0.000,None,None,None,None,None,/home/pbermejo/GeneticImprovement/magpie/_magpie_logs/weka_1781735664_FOLD2.log,None
weka,UMDAAlgorithm,50,750,Perf<Cycles>,3,llama3.2:3b,None,None,0,None,0,0,0,None,0.000,0.000,None,None,None,None,None,/home/pbermejo/GeneticImprovement/magpie/_magpie_logs/weka_1781736080_FOLD3.log,None
weka,UMDAAlgorithm,50,750,Perf<Cycles>,5,llama3.2:3b,None,None,0,None,0,0,0,None,0.000,0.000,None,None,None,None,None,/home/pbermejo/GeneticImprovement/magpie/_magpie_logs/weka_1781737027_FOLD5.log,None
weka,UMDAAlgorithm,50,750,Perf<Cycles>,1,llama3.2:3b,94310510250.0,92269899385.0,-2.164,31131596629.0,30738598512.0,-1.262,1,129.44836666666666,0.320,0.329,686,46,494,0.067,0.72,/home/pbermejo/GeneticImprovement/magpie/_magpie_logs/weka_1781732944_FOLD1.log,/home/pbermejo/GeneticImprovement/magpie/_magpie_logs/weka_1782122025_FOLD1-val_1781732944_UMDAAlgorithm_llama3.2:3b.log
pngOptim,UMDAAlgorithm,50,500,Perf<Cycles>,4,llama3.2:3b,245284809581.0,213709206059.0,-12.873,140072839100.0,128370024516.0,-8.355,1,202.9088,0.334,0.374,441,55,150,0.125,0.34,/home/pbermejo/GeneticImprovement/magpie/_magpie_logs/pngOptim_1781728834_FOLD4.log,/home/pbermejo/GeneticImprovement/magpie/_magpie_logs/pngOptim_1782109477_FOLD4-val_1781728834_UMDAAlgorithm_llama3.2:3b.log
pngOptim,UMDAAlgorithm,50,250,Perf<Cycles>,3,llama3.2:3b,383152814003.0,341125347786.0,-10.969,2205014473.0,1845154668.0,-16.32,1,322.93721666666664,0.612,0.660,196,15,0,0.077,0.0,/home/pbermejo/GeneticImprovement/magpie/_magpie_logs/pngOptim_1781721992_FOLD3.log,/home/pbermejo/GeneticImprovement/magpie/_magpie_logs/pngOptim_1782200787_FOLD3-val_1781721992_UMDAAlgorithm_llama3.2:3b.log
pngOptim,UMDAAlgorithm,50,500,Perf<Cycles>,5,llama3.2:3b,244164535590.0,215224098158.0,-11.853,141094067159.0,127978777935.0,-9.295,1,265.77645,0.602,0.660,441,52,98,0.118,0.222,/home/pbermejo/GeneticImprovement/magpie/_magpie_logs/pngOptim_1781729195_FOLD5.log,/home/pbermejo/GeneticImprovement/magpie/_magpie_logs/pngOptim_1782109483_FOLD5-val_1781729195_UMDAAlgorithm_llama3.2:3b.log
sat4j,UMDAAlgorithm,50,750,Perf<Cycles>,5,llama3.2:3b,43312445551.0,40081174561.0,-7.46,42261757933.0,42706977053.0,1.053,1,115.00296666666667,0.316,0.365,686,48,589,0.07,0.859,/home/pbermejo/GeneticImprovement/magpie/_magpie_logs/sat4j_1781738540_FOLD5.log,/home/pbermejo/GeneticImprovement/magpie/_magpie_logs/sat4j_1782122295_FOLD5-val_1781738540_UMDAAlgorithm_llama3.2:3b.log
weka,UMDAAlgorithm,50,750,Perf<Cycles>,4,llama3.2:3b,109724287035.0,106588161880.0,-2.858,16276600163.0,16163790784.0,-0.693,1,151.12036666666665,0.333,0.345,686,126,400,0.184,0.583,/home/pbermejo/GeneticImprovement/magpie/_magpie_logs/weka_1781736665_FOLD4.log,/home/pbermejo/GeneticImprovement/magpie/_magpie_logs/weka_1782122034_FOLD4-val_1781736665_UMDAAlgorithm_llama3.2:3b.log
sat4j,UMDAAlgorithm,50,750,Perf<Cycles>,2,llama3.2:3b,77353010112.0,65751935371.0,-14.998,8257876120.0,8616279523.0,4.34,1,137.72223333333335,0.292,0.344,686,25,540,0.036,0.787,/home/pbermejo/GeneticImprovement/magpie/_magpie_logs/sat4j_1781737594_FOLD2.log,/home/pbermejo/GeneticImprovement/magpie/_magpie_logs/sat4j_1782122290_FOLD2-val_1781737594_UMDAAlgorithm_llama3.2:3b.log
sat4j,UMDAAlgorithm,50,750,Perf<Cycles>,3,llama3.2:3b,66363468526.0,50397620773.0,-24.058,19503165528.0,22437286066.0,15.044,2,145.76184999999998,0.348,0.393,686,51,539,0.074,0.786,/home/pbermejo/GeneticImprovement/magpie/_magpie_logs/sat4j_1781737775_FOLD3.log,/home/pbermejo/GeneticImprovement/magpie/_magpie_logs/sat4j_1782122292_FOLD3-val_1781737775_UMDAAlgorithm_llama3.2:3b.log
sat4j,UMDAAlgorithm,50,500,Perf<Cycles>,5,llama3.2:3b,42016509530.0,40881109760.0,-2.702,42404476106.0,44706235458.0,5.428,1,344.4173166666667,0.338,0.402,441,66,260,0.15,0.59,/home/pbermejo/GeneticImprovement/magpie/_magpie_logs/sat4j_1781724557_FOLD5.log,/home/pbermejo/GeneticImprovement/magpie/_magpie_logs/sat4j_1782122287_FOLD5-val_1781724557_UMDAAlgorithm_llama3.2:3b.log
sat4j,UMDAAlgorithm,50,500,Perf<Cycles>,4,llama3.2:3b,80749422312.0,32176100966.0,-60.153,6003596703.0,5621292015.0,-6.368,2,364.03345,0.368,0.402,441,39,179,0.088,0.406,/home/pbermejo/GeneticImprovement/magpie/_magpie_logs/sat4j_1781724331_FOLD4.log,/home/pbermejo/GeneticImprovement/magpie/_magpie_logs/sat4j_1782122258_FOLD4-val_1781724331_UMDAAlgorithm_llama3.2:3b.log
weka,UMDAAlgorithm,50,250,Perf<Cycles>,1,llama3.2:3b,95848187957.0,93416098981.0,-2.537,30969813216.0,30827761125.0,-0.459,1,496.58160000000004,0.264,0.308,196,0,196,0.0,1.0,/home/pbermejo/GeneticImprovement/magpie/_magpie_logs/weka_1781718523_FOLD1.log,/home/pbermejo/GeneticImprovement/magpie/_magpie_logs/weka_1782122029_FOLD1-val_1781718523_UMDAAlgorithm_llama3.2:3b.log
weka,UMDAAlgorithm,50,250,Perf<Cycles>,2,llama3.2:3b,102898123871.0,100570048773.0,-2.263,23905447159.0,23527086280.0,-1.583,1,505.7495833333333,0.244,0.312,196,4,147,0.02,0.75,/home/pbermejo/GeneticImprovement/magpie/_magpie_logs/weka_1781718522_FOLD2.log,/home/pbermejo/GeneticImprovement/magpie/_magpie_logs/weka_1782122032_FOLD2-val_1781718522_UMDAAlgorithm_llama3.2:3b.log
pngOptim,UMDAAlgorithm,50,500,Perf<Cycles>,2,llama3.2:3b,297336518611.0,268225479442.0,-9.791,87991030150.0,74655525275.0,-15.156,1,373.07964999999996,0.414,0.494,441,20,245,0.045,0.556,/home/pbermejo/GeneticImprovement/magpie/_magpie_logs/pngOptim_1781726436_FOLD2.log,/home/pbermejo/GeneticImprovement/magpie/_magpie_logs/pngOptim_1782109474_FOLD2-val_1781726436_UMDAAlgorithm_llama3.2:3b.log
sat4j,UMDAAlgorithm,50,500,Perf<Cycles>,3,llama3.2:3b,65690510873.0,62319554378.0,-5.132,20415554065.0,21502759810.0,5.325,1,447.5873833333333,0.512,0.554,441,54,101,0.122,0.229,/home/pbermejo/GeneticImprovement/magpie/_magpie_logs/sat4j_1781724252_FOLD3.log,/home/pbermejo/GeneticImprovement/magpie/_magpie_logs/sat4j_1782122257_FOLD3-val_1781724252_UMDAAlgorithm_llama3.2:3b.log
pngOptim,UMDAAlgorithm,50,500,Perf<Cycles>,3,llama3.2:3b,383104838508.0,16459005309.0,-95.704,2209539471.0,265375968.0,-87.99,1,407.3360166666667,0.476,0.546,441,16,349,0.036,0.791,/home/pbermejo/GeneticImprovement/magpie/_magpie_logs/pngOptim_1781728234_FOLD3.log,/home/pbermejo/GeneticImprovement/magpie/_magpie_logs/pngOptim_1782200788_FOLD3-val_1781728234_UMDAAlgorithm_llama3.2:3b.log
pngOptim,UMDAAlgorithm,50,500,Perf<Cycles>,1,llama3.2:3b,371362307137.0,15790670809.0,-95.748,13981702655.0,879814587.0,-93.707,1,479.1745166666667,0.506,0.568,441,45,148,0.102,0.336,/home/pbermejo/GeneticImprovement/magpie/_magpie_logs/pngOptim_1781724834_FOLD1.log,/home/pbermejo/GeneticImprovement/magpie/_magpie_logs/pngOptim_1782200786_FOLD1-val_1781724834_UMDAAlgorithm_llama3.2:3b.log
weka,UMDAAlgorithm,50,1000,Perf<Cycles>,3,llama3.2:3b,93045190268.0,91322042440.0,-1.852,32604924276.0,33188469883.0,1.79,1,178.02346666666665,0.305,0.311,931,141,547,0.151,0.588,/home/pbermejo/GeneticImprovement/magpie/_magpie_logs/weka_1781746639_FOLD3.log,/home/pbermejo/GeneticImprovement/magpie/_magpie_logs/weka_1782122036_FOLD3-val_1781746639_UMDAAlgorithm_llama3.2:3b.log
weka,UMDAAlgorithm,50,1000,Perf<Cycles>,1,llama3.2:3b,93426088620.0,92174394152.0,-1.34,30701558497.0,31222226244.0,1.696,1,195.35725,0.374,0.379,931,50,735,0.054,0.789,/home/pbermejo/GeneticImprovement/magpie/_magpie_logs/weka_1781745874_FOLD1.log,/home/pbermejo/GeneticImprovement/magpie/_magpie_logs/weka_1782122033_FOLD1-val_1781745874_UMDAAlgorithm_llama3.2:3b.log
weka,UMDAAlgorithm,50,1000,Perf<Cycles>,2,llama3.2:3b,101054446379.0,100025276809.0,-1.018,24278419668.0,24043197513.0,-0.969,1,200.88465,0.455,0.464,931,152,356,0.163,0.382,/home/pbermejo/GeneticImprovement/magpie/_magpie_logs/weka_1781745994_FOLD2.log,/home/pbermejo/GeneticImprovement/magpie/_magpie_logs/weka_1782122035_FOLD2-val_1781745994_UMDAAlgorithm_llama3.2:3b.log
pngOptim,UMDAAlgorithm,50,1000,Perf<Cycles>,2,llama3.2:3b,297361074232.0,None,0,None,0,0,0,None,0.380,0.420,0,0,0,0.0,0.0,/home/pbermejo/GeneticImprovement/magpie/_magpie_logs/pngOptim_1782215160_FOLD2.log,None
sat4j,UMDAAlgorithm,50,1000,Perf<Cycles>,5,llama3.2:3b,41611583758.0,24049965409.0,-42.204,42343296638.0,10344641893.0,-75.57,2,150.3667,0.347,0.393,931,2,628,0.002,0.675,/home/pbermejo/GeneticImprovement/magpie/_magpie_logs/sat4j_1781752894_FOLD5.log,/home/pbermejo/GeneticImprovement/magpie/_magpie_logs/sat4j_1782122304_FOLD5-val_1781752894_UMDAAlgorithm_llama3.2:3b.log
weka,UMDAAlgorithm,50,100,Perf<Cycles>,1,qwen2.5-coder:7b,94029920852.0,92292125491.0,-1.848,31100645097.0,30368262754.0,-2.355,1,22.354533333333332,0.460,0.460,49,0,0,0.0,0.0,/home/pbermejo/GeneticImprovement/magpie/_magpie_logs/weka_1781762017_FOLD1.log,/home/pbermejo/GeneticImprovement/magpie/_magpie_logs/weka_1782122064_FOLD1-val_1781762017_UMDAAlgorithm_qwen2.5-coder:7b.log
weka,UMDAAlgorithm,50,100,Perf<Cycles>,2,qwen2.5-coder:7b,101587513259.0,99657135106.0,-1.9,23704073264.0,23268523051.0,-1.837,1,22.375999999999998,0.340,0.340,49,46,0,0.939,0.0,/home/pbermejo/GeneticImprovement/magpie/_magpie_logs/weka_1781762197_FOLD2.log,/home/pbermejo/GeneticImprovement/magpie/_magpie_logs/weka_1782122068_FOLD2-val_1781762197_UMDAAlgorithm_qwen2.5-coder:7b.log
weka,UMDAAlgorithm,50,100,Perf<Cycles>,4,qwen2.5-coder:7b,109605823210.0,107954398938.0,-1.507,16358290338.0,15674633027.0,-4.179,1,16.6056,0.220,0.230,49,1,0,0.02,0.0,/home/pbermejo/GeneticImprovement/magpie/_magpie_logs/weka_1781763666_FOLD4.log,/home/pbermejo/GeneticImprovement/magpie/_magpie_logs/weka_1782122073_FOLD4-val_1781763666_UMDAAlgorithm_qwen2.5-coder:7b.log
weka,UMDAAlgorithm,50,100,Perf<Cycles>,3,qwen2.5-coder:7b,92307737124.0,91082387287.0,-1.327,32822483902.0,32461035663.0,-1.101,3,20.433833333333332,0.320,0.330,49,0,0,0.0,0.0,/home/pbermejo/GeneticImprovement/magpie/_magpie_logs/weka_1781763499_FOLD3.log,/home/pbermejo/GeneticImprovement/magpie/_magpie_logs/weka_1782122072_FOLD3-val_1781763499_UMDAAlgorithm_qwen2.5-coder:7b.log
weka,UMDAAlgorithm,50,100,Perf<Cycles>,5,qwen2.5-coder:7b,None,None,0,None,0,0,0,None,0.000,0.000,None,None,None,None,None,/home/pbermejo/GeneticImprovement/magpie/_magpie_logs/weka_1781764525_FOLD5.log,None
sat4j,UMDAAlgorithm,50,100,Perf<Cycles>,2,qwen2.5-coder:7b,76558137348.0,73448050695.0,-4.062,8171758499.0,8205120257.0,0.408,1,18.14421666666667,0.430,0.460,49,1,0,0.02,0.0,/home/pbermejo/GeneticImprovement/magpie/_magpie_logs/sat4j_1781764867_FOLD2.log,/home/pbermejo/GeneticImprovement/magpie/_magpie_logs/sat4j_1782122310_FOLD2-val_1781764867_UMDAAlgorithm_qwen2.5-coder:7b.log
pngOptim,UMDAAlgorithm,50,750,Perf<Cycles>,2,llama3.2:3b,297288418131.0,10715244745.0,-96.396,87943117965.0,5869158711.0,-93.326,1,412.08520000000004,0.412,0.504,686,3,491,0.004,0.716,/home/pbermejo/GeneticImprovement/magpie/_magpie_logs/pngOptim_1781741257_FOLD2.log,/home/pbermejo/GeneticImprovement/magpie/_magpie_logs/pngOptim_1782109484_FOLD2-val_1781741257_UMDAAlgorithm_llama3.2:3b.log
sat4j,UMDAAlgorithm,50,100,Perf<Cycles>,1,qwen2.5-coder:7b,74378231687.0,73229515950.0,-1.544,8247737968.0,8224666559.0,-0.28,1,25.045333333333335,0.410,0.440,49,0,0,0.0,0.0,/home/pbermejo/GeneticImprovement/magpie/_magpie_logs/sat4j_1781764807_FOLD1.log,/home/pbermejo/GeneticImprovement/magpie/_magpie_logs/sat4j_1782122307_FOLD1-val_1781764807_UMDAAlgorithm_qwen2.5-coder:7b.log
sat4j,UMDAAlgorithm,50,100,Perf<Cycles>,5,qwen2.5-coder:7b,42714197920.0,40499845255.0,-5.184,42346027042.0,42690737623.0,0.814,1,13.729733333333334,0.300,0.330,49,42,0,0.857,0.0,/home/pbermejo/GeneticImprovement/magpie/_magpie_logs/sat4j_1781766097_FOLD5.log,/home/pbermejo/GeneticImprovement/magpie/_magpie_logs/sat4j_1782200941_FOLD5-val_1781766097_UMDAAlgorithm_qwen2.5-coder:7b.log
pngOptim,UMDAAlgorithm,50,100,Perf<Cycles>,1,qwen2.5-coder:7b,371239487271.0,331163346129.0,-10.795,13981727705.0,11835542236.0,-15.35,1,50.0371,0.270,0.290,49,2,0,0.041,0.0,/home/pbermejo/GeneticImprovement/magpie/_magpie_logs/pngOptim_1781766306_FOLD1.log,/home/pbermejo/GeneticImprovement/magpie/_magpie_logs/pngOptim_1782200806_FOLD1-val_1781766306_UMDAAlgorithm_qwen2.5-coder:7b.log
pngOptim,UMDAAlgorithm,50,750,Perf<Cycles>,1,llama3.2:3b,371321745856.0,309181356399.0,-16.735,13985434167.0,8498710031.0,-39.232,2,478.1451333333333,0.552,0.600,686,35,102,0.051,0.149,/home/pbermejo/GeneticImprovement/magpie/_magpie_logs/pngOptim_1781740834_FOLD1.log,/home/pbermejo/GeneticImprovement/magpie/_magpie_logs/pngOptim_1782200789_FOLD1-val_1781740834_UMDAAlgorithm_llama3.2:3b.log
pngOptim,UMDAAlgorithm,50,100,Perf<Cycles>,2,qwen2.5-coder:7b,298973268987.0,281728805043.0,-5.768,87982396326.0,74718676772.0,-15.075,1,55.55261666666667,0.370,0.450,49,27,0,0.551,0.0,/home/pbermejo/GeneticImprovement/magpie/_magpie_logs/pngOptim_1781766456_FOLD2.log,/home/pbermejo/GeneticImprovement/magpie/_magpie_logs/pngOptim_1782109490_FOLD2-val_1781766456_UMDAAlgorithm_qwen2.5-coder:7b.log
sat4j,UMDAAlgorithm,50,100,Perf<Cycles>,3,qwen2.5-coder:7b,64666368330.0,62743800967.0,-2.973,19891052351.0,21826087397.0,9.728,3,71.22696666666667,0.350,0.400,49,0,0,0.0,0.0,/home/pbermejo/GeneticImprovement/magpie/_magpie_logs/sat4j_1781765050_FOLD3.log,/home/pbermejo/GeneticImprovement/magpie/_magpie_logs/sat4j_1782200916_FOLD3-val_1781765050_UMDAAlgorithm_qwen2.5-coder:7b.log
pngOptim,UMDAAlgorithm,50,100,Perf<Cycles>,3,qwen2.5-coder:7b,383182737346.0,341079933206.0,-10.988,2205586521.0,1833326475.0,-16.878,1,77.80253333333333,0.420,0.540,49,34,0,0.694,0.0,/home/pbermejo/GeneticImprovement/magpie/_magpie_logs/pngOptim_1781767026_FOLD3.log,/home/pbermejo/GeneticImprovement/magpie/_magpie_logs/pngOptim_1782200807_FOLD3-val_1781767026_UMDAAlgorithm_qwen2.5-coder:7b.log
pngOptim,UMDAAlgorithm,50,100,Perf<Cycles>,5,qwen2.5-coder:7b,244045909458.0,215143159161.0,-11.843,141121832865.0,127804306537.0,-9.437,1,39.28071666666666,0.430,0.480,49,5,0,0.102,0.0,/home/pbermejo/GeneticImprovement/magpie/_magpie_logs/pngOptim_1781769906_FOLD5.log,/home/pbermejo/GeneticImprovement/magpie/_magpie_logs/pngOptim_1782109493_FOLD5-val_1781769906_UMDAAlgorithm_qwen2.5-coder:7b.log
pngOptim,UMDAAlgorithm,50,100,Perf<Cycles>,4,qwen2.5-coder:7b,245147364090.0,216112961603.0,-11.844,140099695445.0,127135161214.0,-9.254,1,47.178250000000006,0.380,0.430,49,18,0,0.367,0.0,/home/pbermejo/GeneticImprovement/magpie/_magpie_logs/pngOptim_1781769696_FOLD4.log,/home/pbermejo/GeneticImprovement/magpie/_magpie_logs/pngOptim_1782109497_FOLD4-val_1781769696_UMDAAlgorithm_qwen2.5-coder:7b.log
sat4j,UMDAAlgorithm,50,100,Perf<Cycles>,4,qwen2.5-coder:7b,79206763371.0,76725294592.0,-3.133,5884721538.0,5813056330.0,-1.218,1,108.13566666666667,0.520,0.560,49,0,0,0.0,0.0,/home/pbermejo/GeneticImprovement/magpie/_magpie_logs/sat4j_1781765835_FOLD4.log,/home/pbermejo/GeneticImprovement/magpie/_magpie_logs/sat4j_1782200938_FOLD4-val_1781765835_UMDAAlgorithm_qwen2.5-coder:7b.log
sat4j,UMDAAlgorithm,50,750,Perf<Cycles>,4,llama3.2:3b,79836410433.0,65332033737.0,-18.168,6031397468.0,5843043887.0,-3.123,2,568.2802333333333,0.368,0.411,686,42,492,0.061,0.717,/home/pbermejo/GeneticImprovement/magpie/_magpie_logs/sat4j_1781738396_FOLD4.log,/home/pbermejo/GeneticImprovement/magpie/_magpie_logs/sat4j_1782122294_FOLD4-val_1781738396_UMDAAlgorithm_llama3.2:3b.log
sat4j,UMDAAlgorithm,50,750,Perf<Cycles>,1,llama3.2:3b,76439702269.0,63419040880.0,-17.034,8509061339.0,8235014647.0,-3.221,2,594.3672833333333,0.407,0.451,686,0,442,0.0,0.644,/home/pbermejo/GeneticImprovement/magpie/_magpie_logs/sat4j_1781737458_FOLD1.log,/home/pbermejo/GeneticImprovement/magpie/_magpie_logs/sat4j_1782122291_FOLD1-val_1781737458_UMDAAlgorithm_llama3.2:3b.log
pngOptim,UMDAAlgorithm,50,750,Perf<Cycles>,4,llama3.2:3b,245186262494.0,11849156722.0,-95.167,140089104860.0,4778481437.0,-96.589,1,514.8858,0.423,0.507,686,11,588,0.016,0.857,/home/pbermejo/GeneticImprovement/magpie/_magpie_logs/pngOptim_1781743618_FOLD4.log,/home/pbermejo/GeneticImprovement/magpie/_magpie_logs/pngOptim_1782109489_FOLD4-val_1781743618_UMDAAlgorithm_llama3.2:3b.log
weka,UMDAAlgorithm,50,250,Perf<Cycles>,1,qwen2.5-coder:7b,97357331177.0,92721665692.0,-4.761,30890893753.0,31232131301.0,1.105,3,66.23255,0.512,0.516,196,5,39,0.026,0.199,/home/pbermejo/GeneticImprovement/magpie/_magpie_logs/weka_1781773536_FOLD1.log,/home/pbermejo/GeneticImprovement/magpie/_magpie_logs/weka_1782122074_FOLD1-val_1781773536_UMDAAlgorithm_qwen2.5-coder:7b.log
sat4j,UMDAAlgorithm,50,250,Perf<Cycles>,1,qwen2.5-coder:7b,77851991955.0,None,0,None,0,0,0,47.332166666666666,0.340,0.384,196,0,0,0.0,0.0,/home/pbermejo/GeneticImprovement/magpie/_magpie_logs/sat4j_1781775051_FOLD1.log,None
pngOptim,UMDAAlgorithm,50,750,Perf<Cycles>,5,llama3.2:3b,244273720781.0,214949216609.0,-12.005,141096888856.0,127837107993.0,-9.398,1,548.9661833333333,0.552,0.620,686,37,345,0.054,0.503,/home/pbermejo/GeneticImprovement/magpie/_magpie_logs/pngOptim_1781743684_FOLD5.log,/home/pbermejo/GeneticImprovement/magpie/_magpie_logs/pngOptim_1782109488_FOLD5-val_1781743684_UMDAAlgorithm_llama3.2:3b.log
weka,UMDAAlgorithm,50,250,Perf<Cycles>,5,qwen2.5-coder:7b,101760246159.0,99577089855.0,-2.145,23114550464.0,23133465488.0,0.082,3,59.171283333333335,0.504,0.520,196,0,39,0.0,0.199,/home/pbermejo/GeneticImprovement/magpie/_magpie_logs/weka_1781774796_FOLD5.log,/home/pbermejo/GeneticImprovement/magpie/_magpie_logs/weka_1782122083_FOLD5-val_1781774796_UMDAAlgorithm_qwen2.5-coder:7b.log
sat4j,UMDAAlgorithm,50,250,Perf<Cycles>,2,qwen2.5-coder:7b,78068454084.0,69160764248.0,-11.41,8303576637.0,9749089623.0,17.408,2,71.4779,0.492,0.516,196,0,0,0.0,0.0,/home/pbermejo/GeneticImprovement/magpie/_magpie_logs/sat4j_1781775486_FOLD2.log,/home/pbermejo/GeneticImprovement/magpie/_magpie_logs/sat4j_1782200947_FOLD2-val_1781775486_UMDAAlgorithm_qwen2.5-coder:7b.log
sat4j,UMDAAlgorithm,50,250,Perf<Cycles>,5,qwen2.5-coder:7b,41247738399.0,40387437362.0,-2.086,41955521029.0,42678362238.0,1.723,1,41.83873333333334,0.448,0.480,196,0,48,0.0,0.245,/home/pbermejo/GeneticImprovement/magpie/_magpie_logs/sat4j_1781778051_FOLD5.log,/home/pbermejo/GeneticImprovement/magpie/_magpie_logs/sat4j_1782122338_FOLD5-val_1781778051_UMDAAlgorithm_qwen2.5-coder:7b.log
sat4j,UMDAAlgorithm,50,250,Perf<Cycles>,4,qwen2.5-coder:7b,78995532093.0,74891185557.0,-5.196,5954295867.0,5979152089.0,0.417,1,51.25448333333333,0.368,0.420,196,0,96,0.0,0.49,/home/pbermejo/GeneticImprovement/magpie/_magpie_logs/sat4j_1781777673_FOLD4.log,/home/pbermejo/GeneticImprovement/magpie/_magpie_logs/sat4j_1782122336_FOLD4-val_1781777673_UMDAAlgorithm_qwen2.5-coder:7b.log
sat4j,UMDAAlgorithm,50,250,Perf<Cycles>,3,qwen2.5-coder:7b,66882056542.0,64384570125.0,-3.734,19711923694.0,20523943557.0,4.119,1,107.1694,0.132,0.172,196,2,0,0.01,0.0,/home/pbermejo/GeneticImprovement/magpie/_magpie_logs/sat4j_1781776367_FOLD3.log,/home/pbermejo/GeneticImprovement/magpie/_magpie_logs/sat4j_1782200954_FOLD3-val_1781776367_UMDAAlgorithm_qwen2.5-coder:7b.log
pngOptim,UMDAAlgorithm,50,750,Perf<Cycles>,3,llama3.2:3b,383053747507.0,141639154484.0,-63.024,2206884029.0,763718416.0,-65.394,1,672.7500833333332,0.447,0.517,686,21,464,0.031,0.676,/home/pbermejo/GeneticImprovement/magpie/_magpie_logs/pngOptim_1781741841_FOLD3.log,/home/pbermejo/GeneticImprovement/magpie/_magpie_logs/pngOptim_1782200791_FOLD3-val_1781741841_UMDAAlgorithm_llama3.2:3b.log
pngOptim,UMDAAlgorithm,50,1000,Perf<Cycles>,5,llama3.2:3b,244064100068.0,89031670740.0,-63.521,141028166821.0,53352850896.0,-62.169,2,444.49326666666667,0.396,0.474,931,68,541,0.073,0.581,/home/pbermejo/GeneticImprovement/magpie/_magpie_logs/pngOptim_1781757739_FOLD5.log,/home/pbermejo/GeneticImprovement/magpie/_magpie_logs/pngOptim_1782109485_FOLD5-val_1781757739_UMDAAlgorithm_llama3.2:3b.log
pngOptim,UMDAAlgorithm,50,250,Perf<Cycles>,4,qwen2.5-coder:7b,245185614944.0,None,0,None,0,0,0,None,0.380,0.420,0,0,0,0.0,0.0,/home/pbermejo/GeneticImprovement/magpie/_magpie_logs/pngOptim_1782215161_FOLD4.log,None
pngOptim,UMDAAlgorithm,50,250,Perf<Cycles>,5,qwen2.5-coder:7b,244288762036.0,215266001681.0,-11.881,141058140674.0,127925224923.0,-9.31,1,97.65106666666667,0.572,0.616,196,95,0,0.485,0.0,/home/pbermejo/GeneticImprovement/magpie/_magpie_logs/pngOptim_1781780677_FOLD5.log,/home/pbermejo/GeneticImprovement/magpie/_magpie_logs/pngOptim_1782109549_FOLD5-val_1781780677_UMDAAlgorithm_qwen2.5-coder:7b.log
pngOptim,UMDAAlgorithm,50,1000,Perf<Cycles>,4,llama3.2:3b,245257531451.0,11802005278.0,-95.188,140112173054.0,4732190203.0,-96.623,2,493.60586666666666,0.513,0.581,931,41,492,0.044,0.528,/home/pbermejo/GeneticImprovement/magpie/_magpie_logs/pngOptim_1781757455_FOLD4.log,/home/pbermejo/GeneticImprovement/magpie/_magpie_logs/pngOptim_1782109491_FOLD4-val_1781757455_UMDAAlgorithm_llama3.2:3b.log
pngOptim,UMDAAlgorithm,50,250,Perf<Cycles>,2,qwen2.5-coder:7b,297442343204.0,267919101386.0,-9.926,87959675415.0,74715774834.0,-15.057,2,182.32011666666668,0.524,0.596,196,24,0,0.122,0.0,/home/pbermejo/GeneticImprovement/magpie/_magpie_logs/pngOptim_1781778487_FOLD2.log,/home/pbermejo/GeneticImprovement/magpie/_magpie_logs/pngOptim_1782109498_FOLD2-val_1781778487_UMDAAlgorithm_qwen2.5-coder:7b.log
pngOptim,UMDAAlgorithm,50,250,Perf<Cycles>,3,qwen2.5-coder:7b,382995054446.0,337062677939.0,-11.993,2202911422.0,1733443133.0,-21.311,2,184.97145,0.408,0.532,196,130,0,0.663,0.0,/home/pbermejo/GeneticImprovement/magpie/_magpie_logs/pngOptim_1781779900_FOLD3.log,/home/pbermejo/GeneticImprovement/magpie/_magpie_logs/pngOptim_1782109529_FOLD3-val_1781779900_UMDAAlgorithm_qwen2.5-coder:7b.log
weka,UMDAAlgorithm,50,500,Perf<Cycles>,2,qwen2.5-coder:7b,99653359143.0,98838380775.0,-0.818,23936203272.0,23852607660.0,-0.349,3,121.12989999999999,0.386,0.390,441,24,68,0.054,0.154,/home/pbermejo/GeneticImprovement/magpie/_magpie_logs/weka_1781784660_FOLD2.log,/home/pbermejo/GeneticImprovement/magpie/_magpie_logs/weka_1782122086_FOLD2-val_1781784660_UMDAAlgorithm_qwen2.5-coder:7b.log
weka,UMDAAlgorithm,50,500,Perf<Cycles>,4,qwen2.5-coder:7b,107851777354.0,105866460570.0,-1.841,15679151575.0,15918038626.0,1.524,1,93.1849,0.312,0.312,441,93,78,0.211,0.177,/home/pbermejo/GeneticImprovement/magpie/_magpie_logs/weka_1781786797_FOLD4.log,/home/pbermejo/GeneticImprovement/magpie/_magpie_logs/weka_1782122087_FOLD4-val_1781786797_UMDAAlgorithm_qwen2.5-coder:7b.log
sat4j,UMDAAlgorithm,50,1000,Perf<Cycles>,3,llama3.2:3b,65416061619.0,30651613288.0,-53.144,20518736065.0,7605802545.0,-62.932,1,682.4862666666667,0.342,0.395,931,121,539,0.13,0.579,/home/pbermejo/GeneticImprovement/magpie/_magpie_logs/sat4j_1781750629_FOLD3.log,/home/pbermejo/GeneticImprovement/magpie/_magpie_logs/sat4j_1782122296_FOLD3-val_1781750629_UMDAAlgorithm_llama3.2:3b.log
weka,UMDAAlgorithm,50,250,Perf<Cycles>,3,qwen2.5-coder:7b,96125157887.0,94894340157.0,-1.28,32643265855.0,33117884658.0,1.454,2,308.7597666666667,0.192,0.204,196,71,0,0.362,0.0,/home/pbermejo/GeneticImprovement/magpie/_magpie_logs/weka_1781773806_FOLD3.log,/home/pbermejo/GeneticImprovement/magpie/_magpie_logs/weka_1782122075_FOLD3-val_1781773806_UMDAAlgorithm_qwen2.5-coder:7b.log
weka,UMDAAlgorithm,50,500,Perf<Cycles>,5,qwen2.5-coder:7b,101543961128.0,99791927437.0,-1.725,23180668185.0,23065246565.0,-0.498,2,110.56793333333333,0.400,0.402,441,47,109,0.107,0.247,/home/pbermejo/GeneticImprovement/magpie/_magpie_logs/weka_1781787337_FOLD5.log,/home/pbermejo/GeneticImprovement/magpie/_magpie_logs/weka_1782122088_FOLD5-val_1781787337_UMDAAlgorithm_qwen2.5-coder:7b.log
sat4j,UMDAAlgorithm,50,500,Perf<Cycles>,1,qwen2.5-coder:7b,78005742598.0,29125885286.0,-62.662,8371973076.0,8121212114.0,-2.995,1,108.97051666666667,0.358,0.398,441,45,129,0.102,0.293,/home/pbermejo/GeneticImprovement/magpie/_magpie_logs/sat4j_1781787666_FOLD1.log,/home/pbermejo/GeneticImprovement/magpie/_magpie_logs/sat4j_1782122337_FOLD1-val_1781787666_UMDAAlgorithm_qwen2.5-coder:7b.log
sat4j,UMDAAlgorithm,50,1000,Perf<Cycles>,2,llama3.2:3b,76653723683.0,32375736732.0,-57.764,8260693750.0,6517636418.0,-21.101,1,718.3617333333333,0.354,0.407,931,30,639,0.032,0.686,/home/pbermejo/GeneticImprovement/magpie/_magpie_logs/sat4j_1781750522_FOLD2.log,/home/pbermejo/GeneticImprovement/magpie/_magpie_logs/sat4j_1782122297_FOLD2-val_1781750522_UMDAAlgorithm_llama3.2:3b.log
sat4j,UMDAAlgorithm,50,1000,Perf<Cycles>,4,llama3.2:3b,81212552653.0,66013938758.0,-18.715,6128460093.0,6003849779.0,-2.033,2,703.8785666666666,0.317,0.365,931,130,548,0.14,0.589,/home/pbermejo/GeneticImprovement/magpie/_magpie_logs/sat4j_1781752788_FOLD4.log,/home/pbermejo/GeneticImprovement/magpie/_magpie_logs/sat4j_1782122298_FOLD4-val_1781752788_UMDAAlgorithm_llama3.2:3b.log
sat4j,UMDAAlgorithm,50,500,Perf<Cycles>,2,qwen2.5-coder:7b,77672122781.0,72709981961.0,-6.389,8318842126.0,8332409972.0,0.163,1,110.40918333333335,0.418,0.456,441,17,78,0.039,0.177,/home/pbermejo/GeneticImprovement/magpie/_magpie_logs/sat4j_1781789736_FOLD2.log,/home/pbermejo/GeneticImprovement/magpie/_magpie_logs/sat4j_1782122340_FOLD2-val_1781789736_UMDAAlgorithm_qwen2.5-coder:7b.log
sat4j,UMDAAlgorithm,50,500,Perf<Cycles>,5,qwen2.5-coder:7b,41942355583.0,38941580818.0,-7.155,43583278624.0,42000620990.0,-3.631,1,80.8088,0.388,0.432,441,0,170,0.0,0.385,/home/pbermejo/GeneticImprovement/magpie/_magpie_logs/sat4j_1781792540_FOLD5.log,/home/pbermejo/GeneticImprovement/magpie/_magpie_logs/sat4j_1782122341_FOLD5-val_1781792540_UMDAAlgorithm_qwen2.5-coder:7b.log
sat4j,UMDAAlgorithm,50,500,Perf<Cycles>,3,qwen2.5-coder:7b,63848144368.0,30630308143.0,-52.026,21855637903.0,6676169129.0,-69.453,2,102.45758333333333,0.372,0.410,441,41,98,0.093,0.222,/home/pbermejo/GeneticImprovement/magpie/_magpie_logs/sat4j_1781791378_FOLD3.log,/home/pbermejo/GeneticImprovement/magpie/_magpie_logs/sat4j_1782122339_FOLD3-val_1781791378_UMDAAlgorithm_qwen2.5-coder:7b.log
pngOptim,UMDAAlgorithm,50,250,Perf<Cycles>,1,qwen2.5-coder:7b,371360511418.0,331466634994.0,-10.743,13965599051.0,11841584410.0,-15.209,2,299.40226666666666,0.492,0.600,196,92,0,0.469,0.0,/home/pbermejo/GeneticImprovement/magpie/_magpie_logs/pngOptim_1781778426_FOLD1.log,/home/pbermejo/GeneticImprovement/magpie/_magpie_logs/pngOptim_1782109496_FOLD1-val_1781778426_UMDAAlgorithm_qwen2.5-coder:7b.log
sat4j,UMDAAlgorithm,50,500,Perf<Cycles>,4,qwen2.5-coder:7b,77963257716.0,65193909754.0,-16.379,5956178958.0,5839970627.0,-1.951,3,132.60565,0.500,0.536,441,12,164,0.027,0.372,/home/pbermejo/GeneticImprovement/magpie/_magpie_logs/sat4j_1781792076_FOLD4.log,/home/pbermejo/GeneticImprovement/magpie/_magpie_logs/sat4j_1782122342_FOLD4-val_1781792076_UMDAAlgorithm_qwen2.5-coder:7b.log
pngOptim,UMDAAlgorithm,50,1000,Perf<Cycles>,1,llama3.2:3b,371272891748.0,15743109619.0,-95.76,13980302190.0,901706328.0,-93.55,2,780.2183333333334,0.542,0.602,931,158,245,0.17,0.263,/home/pbermejo/GeneticImprovement/magpie/_magpie_logs/pngOptim_1781753074_FOLD1.log,/home/pbermejo/GeneticImprovement/magpie/_magpie_logs/pngOptim_1782200790_FOLD1-val_1781753074_UMDAAlgorithm_llama3.2:3b.log
sat4j,UMDAAlgorithm,50,1000,Perf<Cycles>,1,llama3.2:3b,75732252113.0,29883657486.0,-60.54,8440512938.0,8264695089.0,-2.083,3,819.1474,0.382,0.439,931,89,588,0.096,0.632,/home/pbermejo/GeneticImprovement/magpie/_magpie_logs/sat4j_1781749974_FOLD1.log,/home/pbermejo/GeneticImprovement/magpie/_magpie_logs/sat4j_1782122293_FOLD1-val_1781749974_UMDAAlgorithm_llama3.2:3b.log
pngOptim,UMDAAlgorithm,50,1000,Perf<Cycles>,3,llama3.2:3b,383052604043.0,340930756601.0,-10.996,2205311602.0,1834863659.0,-16.798,2,771.8564666666666,0.477,0.547,931,105,541,0.113,0.581,/home/pbermejo/GeneticImprovement/magpie/_magpie_logs/pngOptim_1781755895_FOLD3.log,/home/pbermejo/GeneticImprovement/magpie/_magpie_logs/pngOptim_1782200803_FOLD3-val_1781755895_UMDAAlgorithm_llama3.2:3b.log
weka,UMDAAlgorithm,50,250,Perf<Cycles>,2,qwen2.5-coder:7b,106051087939.0,102261206458.0,-3.574,23616145538.0,23419553589.0,-0.832,3,490.61806666666666,0.276,0.356,196,0,0,0.0,0.0,/home/pbermejo/GeneticImprovement/magpie/_magpie_logs/weka_1781773704_FOLD2.log,/home/pbermejo/GeneticImprovement/magpie/_magpie_logs/weka_1782122076_FOLD2-val_1781773704_UMDAAlgorithm_qwen2.5-coder:7b.log
pngOptim,UMDAAlgorithm,50,500,Perf<Cycles>,4,qwen2.5-coder:7b,246412269852.0,224342027534.0,-8.957,140117228921.0,129156843673.0,-7.822,2,223.55246666666665,0.362,0.420,441,238,0,0.54,0.0,/home/pbermejo/GeneticImprovement/magpie/_magpie_logs/pngOptim_1781794325_FOLD4.log,/home/pbermejo/GeneticImprovement/magpie/_magpie_logs/pngOptim_1782109620_FOLD4-val_1781794325_UMDAAlgorithm_qwen2.5-coder:7b.log
weka,UMDAAlgorithm,50,750,Perf<Cycles>,3,qwen2.5-coder:7b,91903940358.0,90430056596.0,-1.604,32841191027.0,32676822027.0,-0.5,2,143.22633333333334,0.495,0.504,686,0,0,0.0,0.0,/home/pbermejo/GeneticImprovement/magpie/_magpie_logs/weka_1781800273_FOLD3.log,/home/pbermejo/GeneticImprovement/magpie/_magpie_logs/weka_1782122109_FOLD3-val_1781800273_UMDAAlgorithm_qwen2.5-coder:7b.log
weka,UMDAAlgorithm,50,250,Perf<Cycles>,4,qwen2.5-coder:7b,114808859849.0,109748047925.0,-4.408,16218946794.0,15762580958.0,-2.814,3,573.1009333333333,0.268,0.380,196,0,0,0.0,0.0,/home/pbermejo/GeneticImprovement/magpie/_magpie_logs/weka_1781774551_FOLD4.log,/home/pbermejo/GeneticImprovement/magpie/_magpie_logs/weka_1782122079_FOLD4-val_1781774551_UMDAAlgorithm_qwen2.5-coder:7b.log
weka,UMDAAlgorithm,50,750,Perf<Cycles>,2,qwen2.5-coder:7b,100119161667.0,99303509315.0,-0.815,23564251142.0,24025848880.0,1.959,3,212.09596666666667,0.507,0.517,686,4,4,0.006,0.006,/home/pbermejo/GeneticImprovement/magpie/_magpie_logs/weka_1781800213_FOLD2.log,/home/pbermejo/GeneticImprovement/magpie/_magpie_logs/weka_1782122110_FOLD2-val_1781800213_UMDAAlgorithm_qwen2.5-coder:7b.log
sat4j,UMDAAlgorithm,50,750,Perf<Cycles>,3,qwen2.5-coder:7b,65697405017.0,28356246135.0,-56.838,19268884750.0,7610371728.0,-60.504,2,139.21928333333332,0.344,0.401,686,27,2,0.039,0.003,/home/pbermejo/GeneticImprovement/magpie/_magpie_logs/sat4j_1781805217_FOLD3.log,/home/pbermejo/GeneticImprovement/magpie/_magpie_logs/sat4j_1782200960_FOLD3-val_1781805217_UMDAAlgorithm_qwen2.5-coder:7b.log
sat4j,UMDAAlgorithm,50,750,Perf<Cycles>,1,qwen2.5-coder:7b,74913658693.0,28408257614.0,-62.079,8368380720.0,8082476179.0,-3.416,10,197.56513333333334,0.407,0.465,686,10,98,0.015,0.143,/home/pbermejo/GeneticImprovement/magpie/_magpie_logs/sat4j_1781803297_FOLD1.log,/home/pbermejo/GeneticImprovement/magpie/_magpie_logs/sat4j_1782122343_FOLD1-val_1781803297_UMDAAlgorithm_qwen2.5-coder:7b.log
weka,UMDAAlgorithm,50,750,Perf<Cycles>,5,qwen2.5-coder:7b,101174797121.0,99172494277.0,-1.979,23199168170.0,23195842163.0,-0.014,2,231.4888,0.537,0.559,686,0,2,0.0,0.003,/home/pbermejo/GeneticImprovement/magpie/_magpie_logs/weka_1781802599_FOLD5.log,/home/pbermejo/GeneticImprovement/magpie/_magpie_logs/weka_1782122118_FOLD5-val_1781802599_UMDAAlgorithm_qwen2.5-coder:7b.log
sat4j,UMDAAlgorithm,50,750,Perf<Cycles>,4,qwen2.5-coder:7b,75959325716.0,64153434310.0,-15.542,5979908162.0,6049682566.0,1.167,2,184.75961666666666,0.443,0.476,686,0,89,0.0,0.13,/home/pbermejo/GeneticImprovement/magpie/_magpie_logs/sat4j_1781805637_FOLD4.log,/home/pbermejo/GeneticImprovement/magpie/_magpie_logs/sat4j_1782201052_FOLD4-val_1781805637_UMDAAlgorithm_qwen2.5-coder:7b.log
pngOptim,UMDAAlgorithm,50,500,Perf<Cycles>,5,qwen2.5-coder:7b,244159487071.0,196579499488.0,-19.487,140944708663.0,120745528281.0,-14.331,3,383.6234666666667,0.464,0.526,441,109,39,0.247,0.088,/home/pbermejo/GeneticImprovement/magpie/_magpie_logs/pngOptim_1781795076_FOLD5.log,/home/pbermejo/GeneticImprovement/magpie/_magpie_logs/pngOptim_1782109623_FOLD5-val_1781795076_UMDAAlgorithm_qwen2.5-coder:7b.log
pngOptim,UMDAAlgorithm,50,500,Perf<Cycles>,3,qwen2.5-coder:7b,383185502393.0,20356548134.0,-94.688,2204764495.0,291831169.0,-86.764,2,440.5774333333333,0.498,0.578,441,174,0,0.395,0.0,/home/pbermejo/GeneticImprovement/magpie/_magpie_logs/pngOptim_1781794150_FOLD3.log,/home/pbermejo/GeneticImprovement/magpie/_magpie_logs/pngOptim_1782109603_FOLD3-val_1781794150_UMDAAlgorithm_qwen2.5-coder:7b.log
pngOptim,UMDAAlgorithm,50,500,Perf<Cycles>,2,qwen2.5-coder:7b,297329681850.0,249054962491.0,-16.236,87954388636.0,66134477791.0,-24.808,2,466.1525833333333,0.454,0.516,441,167,4,0.379,0.009,/home/pbermejo/GeneticImprovement/magpie/_magpie_logs/pngOptim_1781793882_FOLD2.log,/home/pbermejo/GeneticImprovement/magpie/_magpie_logs/pngOptim_1782109587_FOLD2-val_1781793882_UMDAAlgorithm_qwen2.5-coder:7b.log
pngOptim,UMDAAlgorithm,50,750,Perf<Cycles>,4,qwen2.5-coder:7b,245181613599.0,11805896806.0,-95.185,140160912733.0,4800515887.0,-96.575,2,363.56595,0.436,0.504,686,204,0,0.297,0.0,/home/pbermejo/GeneticImprovement/magpie/_magpie_logs/pngOptim_1781808997_FOLD4.log,/home/pbermejo/GeneticImprovement/magpie/_magpie_logs/pngOptim_1782109663_FOLD4-val_1781808997_UMDAAlgorithm_qwen2.5-coder:7b.log
pngOptim,UMDAAlgorithm,50,500,Perf<Cycles>,1,qwen2.5-coder:7b,371360523217.0,304705007159.0,-17.949,13976476435.0,10296104270.0,-26.333,4,605.7180833333333,0.510,0.578,441,117,0,0.265,0.0,/home/pbermejo/GeneticImprovement/magpie/_magpie_logs/pngOptim_1781792899_FOLD1.log,/home/pbermejo/GeneticImprovement/magpie/_magpie_logs/pngOptim_1782109570_FOLD1-val_1781792899_UMDAAlgorithm_qwen2.5-coder:7b.log
pngOptim,UMDAAlgorithm,50,750,Perf<Cycles>,2,qwen2.5-coder:7b,298928564138.0,14479170886.0,-95.156,87955347382.0,5806392647.0,-93.398,1,507.1050833333333,0.453,0.524,686,217,18,0.316,0.026,/home/pbermejo/GeneticImprovement/magpie/_magpie_logs/pngOptim_1781808007_FOLD2.log,/home/pbermejo/GeneticImprovement/magpie/_magpie_logs/pngOptim_1782109653_FOLD2-val_1781808007_UMDAAlgorithm_qwen2.5-coder:7b.log
weka,UMDAAlgorithm,50,1000,Perf<Cycles>,4,qwen2.5-coder:7b,108267270819.0,106920430305.0,-1.244,15578206567.0,15982798154.0,2.597,3,238.98363333333333,0.399,0.407,931,23,31,0.025,0.033,/home/pbermejo/GeneticImprovement/magpie/_magpie_logs/weka_1781824868_FOLD4.log,/home/pbermejo/GeneticImprovement/magpie/_magpie_logs/weka_1782122131_FOLD4-val_1781824868_UMDAAlgorithm_qwen2.5-coder:7b.log
sat4j,UMDAAlgorithm,50,1000,Perf<Cycles>,1,qwen2.5-coder:7b,76093681635.0,59808299808.0,-21.402,8258705446.0,8152411450.0,-1.287,3,239.55166666666668,0.400,0.460,931,40,176,0.043,0.189,/home/pbermejo/GeneticImprovement/magpie/_magpie_logs/sat4j_1781825078_FOLD1.log,/home/pbermejo/GeneticImprovement/magpie/_magpie_logs/sat4j_1782200981_FOLD1-val_1781825078_UMDAAlgorithm_qwen2.5-coder:7b.log
sat4j,UMDAAlgorithm,50,1000,Perf<Cycles>,3,qwen2.5-coder:7b,63483147132.0,49973679886.0,-21.28,20561206197.0,22460723940.0,9.238,3,203.47648333333333,0.374,0.409,931,48,177,0.052,0.19,/home/pbermejo/GeneticImprovement/magpie/_magpie_logs/sat4j_1781827779_FOLD3.log,/home/pbermejo/GeneticImprovement/magpie/_magpie_logs/sat4j_1782200994_FOLD3-val_1781827779_UMDAAlgorithm_qwen2.5-coder:7b.log
weka,UMDAAlgorithm,50,1000,Perf<Cycles>,5,qwen2.5-coder:7b,101662433231.0,98975394872.0,-2.643,23047615680.0,22947664264.0,-0.434,2,251.59798333333336,0.480,0.481,931,16,78,0.017,0.084,/home/pbermejo/GeneticImprovement/magpie/_magpie_logs/weka_1781824928_FOLD5.log,/home/pbermejo/GeneticImprovement/magpie/_magpie_logs/weka_1782122130_FOLD5-val_1781824928_UMDAAlgorithm_qwen2.5-coder:7b.log
weka,UMDAAlgorithm,50,1000,Perf<Cycles>,2,qwen2.5-coder:7b,102274285693.0,99627703073.0,-2.588,24104211756.0,23558861145.0,-2.262,2,332.4926,0.567,0.573,931,64,0,0.069,0.0,/home/pbermejo/GeneticImprovement/magpie/_magpie_logs/weka_1781820968_FOLD2.log,/home/pbermejo/GeneticImprovement/magpie/_magpie_logs/weka_1782122123_FOLD2-val_1781820968_UMDAAlgorithm_qwen2.5-coder:7b.log
minisat_hack,UMDAAlgorithm,50,100,Perf<Cycles>,1,llama3.1:8b,49969504529.0,41172013625.0,-17.606,293126454.0,300818551.0,2.624,2,20.453016666666667,0.510,0.610,49,0,0,0.0,0.0,/home/pbermejo/GeneticImprovement/magpie/_magpie_logs/minisat_hack_1781840108_FOLD1.log,/home/pbermejo/GeneticImprovement/magpie/_magpie_logs/minisat_hack_1782121898_FOLD1-val_1781840108_UMDAAlgorithm_llama3.1:8b.log
minisat_hack,UMDAAlgorithm,50,100,Perf<Cycles>,2,llama3.1:8b,48537736267.0,40450275990.0,-16.662,1246473074.0,1165343051.0,-6.509,2,19.76498333333333,0.520,0.600,49,0,0,0.0,0.0,/home/pbermejo/GeneticImprovement/magpie/_magpie_logs/minisat_hack_1781840168_FOLD2.log,/home/pbermejo/GeneticImprovement/magpie/_magpie_logs/minisat_hack_1782121900_FOLD2-val_1781840168_UMDAAlgorithm_llama3.1:8b.log
sat4j,UMDAAlgorithm,50,1000,Perf<Cycles>,2,qwen2.5-coder:7b,76666472477.0,28720149802.0,-62.539,7858415707.0,5565784389.0,-29.174,2,250.91976666666667,0.460,0.510,931,33,225,0.035,0.242,/home/pbermejo/GeneticImprovement/magpie/_magpie_logs/sat4j_1781826667_FOLD2.log,/home/pbermejo/GeneticImprovement/magpie/_magpie_logs/sat4j_1782200993_FOLD2-val_1781826667_UMDAAlgorithm_qwen2.5-coder:7b.log
minisat_hack,UMDAAlgorithm,50,100,Perf<Cycles>,5,llama3.1:8b,13507607341.0,13056606812.0,-3.339,36239876598.0,36143720346.0,-0.265,1,10.600733333333332,0.520,0.600,49,0,0,0.0,0.0,/home/pbermejo/GeneticImprovement/magpie/_magpie_logs/minisat_hack_1781841428_FOLD5.log,/home/pbermejo/GeneticImprovement/magpie/_magpie_logs/minisat_hack_1782121903_FOLD5-val_1781841428_UMDAAlgorithm_llama3.1:8b.log
minisat_hack,UMDAAlgorithm,50,100,Perf<Cycles>,3,llama3.1:8b,38299778583.0,30216376929.0,-21.106,11669091888.0,11668147588.0,-0.008,1,23.796499999999998,0.520,0.600,49,0,0,0.0,0.0,/home/pbermejo/GeneticImprovement/magpie/_magpie_logs/minisat_hack_1781841097_FOLD3.log,/home/pbermejo/GeneticImprovement/magpie/_magpie_logs/minisat_hack_1782121901_FOLD3-val_1781841097_UMDAAlgorithm_llama3.1:8b.log
minisat_hack,UMDAAlgorithm,50,100,Perf<Cycles>,4,llama3.1:8b,49825428840.0,41727485178.0,-16.253,286799073.0,44649388.0,-84.432,1,21.77648333333333,0.530,0.630,49,0,0,0.0,0.0,/home/pbermejo/GeneticImprovement/magpie/_magpie_logs/minisat_hack_1781841429_FOLD4.log,/home/pbermejo/GeneticImprovement/magpie/_magpie_logs/minisat_hack_1782121904_FOLD4-val_1781841429_UMDAAlgorithm_llama3.1:8b.log
weka,UMDAAlgorithm,50,100,Perf<Cycles>,2,llama3.1:8b,99909577713.0,98855410067.0,-1.055,24044878254.0,23584397077.0,-1.915,1,19.541800000000002,0.410,0.410,49,1,0,0.02,0.0,/home/pbermejo/GeneticImprovement/magpie/_magpie_logs/weka_1781842118_FOLD2.log,/home/pbermejo/GeneticImprovement/magpie/_magpie_logs/weka_1782122132_FOLD2-val_1781842118_UMDAAlgorithm_llama3.1:8b.log
weka,UMDAAlgorithm,50,500,Perf<Cycles>,1,qwen2.5-coder:7b,96539469097.0,92865942086.0,-3.805,31702353620.0,30931834059.0,-2.43,3,958.2829,0.236,0.320,441,1,0,0.002,0.0,/home/pbermejo/GeneticImprovement/magpie/_magpie_logs/weka_1781784060_FOLD1.log,/home/pbermejo/GeneticImprovement/magpie/_magpie_logs/weka_1782122085_FOLD1-val_1781784060_UMDAAlgorithm_qwen2.5-coder:7b.log
weka,UMDAAlgorithm,50,100,Perf<Cycles>,1,llama3.1:8b,93046245794.0,91824003435.0,-1.314,30452614454.0,30784828298.0,1.091,1,28.408283333333333,0.490,0.490,49,0,0,0.0,0.0,/home/pbermejo/GeneticImprovement/magpie/_magpie_logs/weka_1781841848_FOLD1.log,/home/pbermejo/GeneticImprovement/magpie/_magpie_logs/weka_1782122133_FOLD1-val_1781841848_UMDAAlgorithm_llama3.1:8b.log
weka,UMDAAlgorithm,50,100,Perf<Cycles>,3,llama3.1:8b,92358983235.0,91650515483.0,-0.767,32897963969.0,32467296369.0,-1.309,1,19.6646,0.320,0.320,49,5,0,0.102,0.0,/home/pbermejo/GeneticImprovement/magpie/_magpie_logs/weka_1781842598_FOLD3.log,/home/pbermejo/GeneticImprovement/magpie/_magpie_logs/weka_1782122135_FOLD3-val_1781842598_UMDAAlgorithm_llama3.1:8b.log
weka,UMDAAlgorithm,50,100,Perf<Cycles>,4,llama3.1:8b,107697395178.0,107437826464.0,-0.241,16020548530.0,16426149597.0,2.532,1,25.629833333333334,0.410,0.420,49,0,0,0.0,0.0,/home/pbermejo/GeneticImprovement/magpie/_magpie_logs/weka_1781842808_FOLD4.log,/home/pbermejo/GeneticImprovement/magpie/_magpie_logs/weka_1782122138_FOLD4-val_1781842808_UMDAAlgorithm_llama3.1:8b.log
weka,UMDAAlgorithm,50,100,Perf<Cycles>,5,llama3.1:8b,101491031458.0,99992763146.0,-1.476,22778370395.0,23358197030.0,2.546,1,20.004,0.290,0.300,49,6,0,0.122,0.0,/home/pbermejo/GeneticImprovement/magpie/_magpie_logs/weka_1781843438_FOLD5.log,/home/pbermejo/GeneticImprovement/magpie/_magpie_logs/weka_1782122141_FOLD5-val_1781843438_UMDAAlgorithm_llama3.1:8b.log
sat4j,UMDAAlgorithm,50,100,Perf<Cycles>,2,llama3.1:8b,76077641124.0,73366277196.0,-3.564,8431272234.0,8470756527.0,0.468,1,21.853650000000002,0.480,0.500,49,0,0,0.0,0.0,/home/pbermejo/GeneticImprovement/magpie/_magpie_logs/sat4j_1781843679_FOLD2.log,/home/pbermejo/GeneticImprovement/magpie/_magpie_logs/sat4j_1782122344_FOLD2-val_1781843679_UMDAAlgorithm_llama3.1:8b.log
sat4j,UMDAAlgorithm,50,100,Perf<Cycles>,3,llama3.1:8b,62726080963.0,62191241830.0,-0.853,20143554314.0,19529687971.0,-3.047,2,18.58223333333333,0.410,0.450,49,0,0,0.0,0.0,/home/pbermejo/GeneticImprovement/magpie/_magpie_logs/sat4j_1781843896_FOLD3.log,/home/pbermejo/GeneticImprovement/magpie/_magpie_logs/sat4j_1782200816_FOLD3-val_1781843896_UMDAAlgorithm_llama3.1:8b.log
sat4j,UMDAAlgorithm,50,100,Perf<Cycles>,5,llama3.1:8b,42759537690.0,40696877661.0,-4.824,42511740930.0,43032572435.0,1.225,2,10.711083333333333,0.370,0.420,49,22,0,0.449,0.0,/home/pbermejo/GeneticImprovement/magpie/_magpie_logs/sat4j_1781844786_FOLD5.log,/home/pbermejo/GeneticImprovement/magpie/_magpie_logs/sat4j_1782200819_FOLD5-val_1781844786_UMDAAlgorithm_llama3.1:8b.log
sat4j,UMDAAlgorithm,50,1000,Perf<Cycles>,4,qwen2.5-coder:7b,78588411495.0,30878785793.0,-60.708,6028918034.0,6189171203.0,2.658,1,241.42813333333334,0.407,0.455,931,44,177,0.047,0.19,/home/pbermejo/GeneticImprovement/magpie/_magpie_logs/sat4j_1781831078_FOLD4.log,/home/pbermejo/GeneticImprovement/magpie/_magpie_logs/sat4j_1782201084_FOLD4-val_1781831078_UMDAAlgorithm_qwen2.5-coder:7b.log
sat4j,UMDAAlgorithm,50,100,Perf<Cycles>,4,llama3.1:8b,79637350956.0,75118379697.0,-5.674,5909854262.0,5846198370.0,-1.077,2,25.099683333333335,0.400,0.440,49,0,0,0.0,0.0,/home/pbermejo/GeneticImprovement/magpie/_magpie_logs/sat4j_1781844488_FOLD4.log,/home/pbermejo/GeneticImprovement/magpie/_magpie_logs/sat4j_1782200818_FOLD4-val_1781844488_UMDAAlgorithm_llama3.1:8b.log
pngOptim,UMDAAlgorithm,50,750,Perf<Cycles>,5,qwen2.5-coder:7b,244237758676.0,88844759038.0,-63.624,141131122489.0,53197279494.0,-62.306,3,576.8074666666666,0.477,0.577,686,275,78,0.401,0.114,/home/pbermejo/GeneticImprovement/magpie/_magpie_logs/pngOptim_1781810246_FOLD5.log,/home/pbermejo/GeneticImprovement/magpie/_magpie_logs/pngOptim_1782109673_FOLD5-val_1781810246_UMDAAlgorithm_qwen2.5-coder:7b.log
pngOptim,UMDAAlgorithm,50,100,Perf<Cycles>,2,llama3.1:8b,297265453972.0,268304342777.0,-9.743,87876879285.0,74802310455.0,-14.878,2,47.08658333333334,0.490,0.560,49,2,0,0.041,0.0,/home/pbermejo/GeneticImprovement/magpie/_magpie_logs/pngOptim_1781845129_FOLD2.log,/home/pbermejo/GeneticImprovement/magpie/_magpie_logs/pngOptim_1782109754_FOLD2-val_1781845129_UMDAAlgorithm_llama3.1:8b.log
pngOptim,UMDAAlgorithm,50,100,Perf<Cycles>,5,llama3.1:8b,244280959089.0,196208456461.0,-19.679,141128986834.0,118955579106.0,-15.711,1,34.03521666666667,0.420,0.450,49,3,0,0.061,0.0,/home/pbermejo/GeneticImprovement/magpie/_magpie_logs/pngOptim_1781846139_FOLD5.log,/home/pbermejo/GeneticImprovement/magpie/_magpie_logs/pngOptim_1782109817_FOLD5-val_1781846139_UMDAAlgorithm_llama3.1:8b.log
pngOptim,UMDAAlgorithm,50,100,Perf<Cycles>,4,llama3.1:8b,245106598542.0,216018529052.0,-11.868,139985952999.0,127010634345.0,-9.269,1,47.35366666666666,0.390,0.440,49,49,0,1.0,0.0,/home/pbermejo/GeneticImprovement/magpie/_magpie_logs/pngOptim_1781845683_FOLD4.log,/home/pbermejo/GeneticImprovement/magpie/_magpie_logs/pngOptim_1782109813_FOLD4-val_1781845683_UMDAAlgorithm_llama3.1:8b.log
pngOptim,UMDAAlgorithm,50,100,Perf<Cycles>,3,llama3.1:8b,383170475517.0,341237961398.0,-10.944,2205199849.0,1841640663.0,-16.486,1,58.51306666666667,0.490,0.530,49,13,0,0.265,0.0,/home/pbermejo/GeneticImprovement/magpie/_magpie_logs/pngOptim_1781845508_FOLD3.log,/home/pbermejo/GeneticImprovement/magpie/_magpie_logs/pngOptim_1782109811_FOLD3-val_1781845508_UMDAAlgorithm_llama3.1:8b.log
pngOptim,UMDAAlgorithm,50,100,Perf<Cycles>,1,llama3.1:8b,371186340027.0,331239220168.0,-10.762,13978353906.0,11834469767.0,-15.337,1,70.19605,0.370,0.490,49,11,0,0.224,0.0,/home/pbermejo/GeneticImprovement/magpie/_magpie_logs/pngOptim_1781845130_FOLD1.log,/home/pbermejo/GeneticImprovement/magpie/_magpie_logs/pngOptim_1782109810_FOLD1-val_1781845130_UMDAAlgorithm_llama3.1:8b.log
sat4j,UMDAAlgorithm,50,100,Perf<Cycles>,1,llama3.1:8b,77425734181.0,65141212521.0,-15.866,8617285850.0,8453860289.0,-1.896,2,84.70689999999999,0.440,0.460,49,0,0,0.0,0.0,/home/pbermejo/GeneticImprovement/magpie/_magpie_logs/sat4j_1781843585_FOLD1.log,/home/pbermejo/GeneticImprovement/magpie/_magpie_logs/sat4j_1782200815_FOLD1-val_1781843585_UMDAAlgorithm_llama3.1:8b.log
minisat_hack,UMDAAlgorithm,50,250,Perf<Cycles>,3,llama3.1:8b,38111156620.0,30250267155.0,-20.626,11694443938.0,11682233007.0,-0.104,1,35.23263333333333,0.732,0.792,196,0,0,0.0,0.0,/home/pbermejo/GeneticImprovement/magpie/_magpie_logs/minisat_hack_1781848432_FOLD3.log,/home/pbermejo/GeneticImprovement/magpie/_magpie_logs/minisat_hack_1782121909_FOLD3-val_1781848432_UMDAAlgorithm_llama3.1:8b.log
minisat_hack,UMDAAlgorithm,50,250,Perf<Cycles>,2,llama3.1:8b,48414368342.0,9258990634.0,-80.876,1247562476.0,1168678584.0,-6.323,3,41.065266666666666,0.580,0.660,196,0,0,0.0,0.0,/home/pbermejo/GeneticImprovement/magpie/_magpie_logs/minisat_hack_1781848268_FOLD2.log,/home/pbermejo/GeneticImprovement/magpie/_magpie_logs/minisat_hack_1782121910_FOLD2-val_1781848268_UMDAAlgorithm_llama3.1:8b.log
minisat_hack,UMDAAlgorithm,50,250,Perf<Cycles>,5,llama3.1:8b,13520552444.0,12894934512.0,-4.627,36416727448.0,35970158431.0,-1.226,2,29.814316666666667,0.736,0.784,196,0,0,0.0,0.0,/home/pbermejo/GeneticImprovement/magpie/_magpie_logs/minisat_hack_1781849403_FOLD5.log,/home/pbermejo/GeneticImprovement/magpie/_magpie_logs/minisat_hack_1782121913_FOLD5-val_1781849403_UMDAAlgorithm_llama3.1:8b.log
minisat_hack,UMDAAlgorithm,50,250,Perf<Cycles>,4,llama3.1:8b,49661733361.0,30254294105.0,-39.079,287305309.0,252202305.0,-12.218,3,53.02461666666667,0.480,0.576,196,0,0,0.0,0.0,/home/pbermejo/GeneticImprovement/magpie/_magpie_logs/minisat_hack_1781848809_FOLD4.log,/home/pbermejo/GeneticImprovement/magpie/_magpie_logs/minisat_hack_1782121912_FOLD4-val_1781848809_UMDAAlgorithm_llama3.1:8b.log
weka,UMDAAlgorithm,50,250,Perf<Cycles>,1,llama3.1:8b,93095112104.0,92423937920.0,-0.721,31035272268.0,31069634401.0,0.111,1,52.025666666666666,0.372,0.372,196,33,0,0.168,0.0,/home/pbermejo/GeneticImprovement/magpie/_magpie_logs/weka_1781849738_FOLD1.log,/home/pbermejo/GeneticImprovement/magpie/_magpie_logs/weka_1782122144_FOLD1-val_1781849738_UMDAAlgorithm_llama3.1:8b.log
pngOptim,UMDAAlgorithm,50,750,Perf<Cycles>,1,qwen2.5-coder:7b,371376258388.0,15762800664.0,-95.756,13969684820.0,897021145.0,-93.579,6,726.3801666666666,0.473,0.541,686,164,41,0.239,0.06,/home/pbermejo/GeneticImprovement/magpie/_magpie_logs/pngOptim_1781807776_FOLD1.log,/home/pbermejo/GeneticImprovement/magpie/_magpie_logs/pngOptim_1782109632_FOLD1-val_1781807776_UMDAAlgorithm_qwen2.5-coder:7b.log
sat4j,UMDAAlgorithm,50,750,Perf<Cycles>,2,qwen2.5-coder:7b,75948954884.0,61757456584.0,-18.686,8065893097.0,8412970586.0,4.303,3,796.109,0.405,0.447,686,49,96,0.071,0.14,/home/pbermejo/GeneticImprovement/magpie/_magpie_logs/sat4j_1781804770_FOLD2.log,/home/pbermejo/GeneticImprovement/magpie/_magpie_logs/sat4j_1782200957_FOLD2-val_1781804770_UMDAAlgorithm_qwen2.5-coder:7b.log
weka,UMDAAlgorithm,50,250,Perf<Cycles>,5,llama3.1:8b,101074918977.0,99622969814.0,-1.437,22678596803.0,23530445000.0,3.756,1,48.296416666666666,0.428,0.428,196,1,0,0.005,0.0,/home/pbermejo/GeneticImprovement/magpie/_magpie_logs/weka_1781851239_FOLD5.log,/home/pbermejo/GeneticImprovement/magpie/_magpie_logs/weka_1782122166_FOLD5-val_1781851239_UMDAAlgorithm_llama3.1:8b.log
weka,UMDAAlgorithm,50,250,Perf<Cycles>,3,llama3.1:8b,91927287352.0,90687316721.0,-1.349,32832038221.0,32037945685.0,-2.419,2,72.83973333333333,0.516,0.516,196,22,0,0.112,0.0,/home/pbermejo/GeneticImprovement/magpie/_magpie_logs/weka_1781850608_FOLD3.log,/home/pbermejo/GeneticImprovement/magpie/_magpie_logs/weka_1782122157_FOLD3-val_1781850608_UMDAAlgorithm_llama3.1:8b.log
sat4j,UMDAAlgorithm,50,250,Perf<Cycles>,1,llama3.1:8b,75380011196.0,73399904870.0,-2.627,8230373733.0,8155808921.0,-0.906,3,64.24388333333333,0.676,0.688,196,2,0,0.01,0.0,/home/pbermejo/GeneticImprovement/magpie/_magpie_logs/sat4j_1781852078_FOLD1.log,/home/pbermejo/GeneticImprovement/magpie/_magpie_logs/sat4j_1782200821_FOLD1-val_1781852078_UMDAAlgorithm_llama3.1:8b.log
weka,UMDAAlgorithm,50,250,Perf<Cycles>,4,llama3.1:8b,106953003579.0,106465760035.0,-0.456,16263599247.0,16126008525.0,-0.846,3,84.99451666666667,0.548,0.548,196,2,0,0.01,0.0,/home/pbermejo/GeneticImprovement/magpie/_magpie_logs/weka_1781850818_FOLD4.log,/home/pbermejo/GeneticImprovement/magpie/_magpie_logs/weka_1782122158_FOLD4-val_1781850818_UMDAAlgorithm_llama3.1:8b.log
weka,UMDAAlgorithm,50,750,Perf<Cycles>,4,qwen2.5-coder:7b,110202065357.0,108669917069.0,-1.39,15859244521.0,15516356532.0,-2.162,1,2035.1496166666666,0.396,0.496,686,57,0,0.083,0.0,/home/pbermejo/GeneticImprovement/magpie/_magpie_logs/weka_1781800648_FOLD4.log,/home/pbermejo/GeneticImprovement/magpie/_magpie_logs/weka_1782122115_FOLD4-val_1781800648_UMDAAlgorithm_qwen2.5-coder:7b.log
weka,UMDAAlgorithm,50,500,Perf<Cycles>,3,qwen2.5-coder:7b,96647418863.0,92297025248.0,-4.501,31503073902.0,32590929484.0,3.453,2,1195.8242666666667,0.548,0.656,441,15,0,0.034,0.0,/home/pbermejo/GeneticImprovement/magpie/_magpie_logs/weka_1781785715_FOLD3.log,/home/pbermejo/GeneticImprovement/magpie/_magpie_logs/weka_1782122084_FOLD3-val_1781785715_UMDAAlgorithm_qwen2.5-coder:7b.log
weka,UMDAAlgorithm,50,1000,Perf<Cycles>,5,llama3.2:3b,103498946743.0,100470511960.0,-2.926,23895351791.0,22997924032.0,-3.756,1,2088.9622,0.267,0.331,931,143,690,0.154,0.741,/home/pbermejo/GeneticImprovement/magpie/_magpie_logs/weka_1781747785_FOLD5.log,/home/pbermejo/GeneticImprovement/magpie/_magpie_logs/weka_1782122061_FOLD5-val_1781747785_UMDAAlgorithm_llama3.2:3b.log
sat4j,UMDAAlgorithm,50,250,Perf<Cycles>,2,llama3.1:8b,77679709332.0,72817497082.0,-6.259,8157837678.0,8237833174.0,0.981,2,55.98753333333333,0.548,0.580,196,0,0,0.0,0.0,/home/pbermejo/GeneticImprovement/magpie/_magpie_logs/sat4j_1781852978_FOLD2.log,/home/pbermejo/GeneticImprovement/magpie/_magpie_logs/sat4j_1782200824_FOLD2-val_1781852978_UMDAAlgorithm_llama3.1:8b.log
weka,UMDAAlgorithm,50,250,Perf<Cycles>,2,llama3.1:8b,101865792641.0,101175138691.0,-0.678,24250738394.0,23155497078.0,-4.516,1,614.6209666666667,0.348,0.476,196,21,0,0.107,0.0,/home/pbermejo/GeneticImprovement/magpie/_magpie_logs/weka_1781850323_FOLD2.log,/home/pbermejo/GeneticImprovement/magpie/_magpie_logs/weka_1782122152_FOLD2-val_1781850323_UMDAAlgorithm_llama3.1:8b.log
weka,UMDAAlgorithm,50,1000,Perf<Cycles>,4,llama3.2:3b,110675410866.0,109311138540.0,-1.233,16010238628.0,16282839872.0,1.703,1,2183.873433333333,0.286,0.356,931,128,500,0.137,0.537,/home/pbermejo/GeneticImprovement/magpie/_magpie_logs/weka_1781746822_FOLD4.log,/home/pbermejo/GeneticImprovement/magpie/_magpie_logs/weka_1782122062_FOLD4-val_1781746822_UMDAAlgorithm_llama3.2:3b.log
sat4j,UMDAAlgorithm,50,250,Perf<Cycles>,3,llama3.1:8b,65279532202.0,61905605581.0,-5.168,19465688178.0,19610858869.0,0.746,1,253.58836666666667,0.704,0.724,196,15,0,0.077,0.0,/home/pbermejo/GeneticImprovement/magpie/_magpie_logs/sat4j_1781853673_FOLD3.log,/home/pbermejo/GeneticImprovement/magpie/_magpie_logs/sat4j_1782200838_FOLD3-val_1781853673_UMDAAlgorithm_llama3.1:8b.log
sat4j,UMDAAlgorithm,50,750,Perf<Cycles>,5,qwen2.5-coder:7b,43103033144.0,40348528417.0,-6.391,43875442962.0,42604033239.0,-2.898,2,810.5125166666666,0.513,0.533,686,0,39,0.0,0.057,/home/pbermejo/GeneticImprovement/magpie/_magpie_logs/sat4j_1781807043_FOLD5.log,/home/pbermejo/GeneticImprovement/magpie/_magpie_logs/sat4j_1782200978_FOLD5-val_1781807043_UMDAAlgorithm_qwen2.5-coder:7b.log
pngOptim,UMDAAlgorithm,50,1000,Perf<Cycles>,1,qwen2.5-coder:7b,371105945962.0,328293694044.0,-11.536,13964137118.0,10439334865.0,-25.242,2,1012.8629833333333,0.441,0.509,931,186,0,0.2,0.0,/home/pbermejo/GeneticImprovement/magpie/_magpie_logs/pngOptim_1781831873_FOLD1.log,/home/pbermejo/GeneticImprovement/magpie/_magpie_logs/pngOptim_1782109677_FOLD1-val_1781831873_UMDAAlgorithm_qwen2.5-coder:7b.log
weka,UMDAAlgorithm,50,750,Perf<Cycles>,1,qwen2.5-coder:7b,96041517349.0,93402292448.0,-2.748,31337941983.0,30986686517.0,-1.121,3,1600.7895833333334,0.264,0.353,686,1,106,0.001,0.155,/home/pbermejo/GeneticImprovement/magpie/_magpie_logs/weka_1781798120_FOLD1.log,/home/pbermejo/GeneticImprovement/magpie/_magpie_logs/weka_1782122098_FOLD1-val_1781798120_UMDAAlgorithm_qwen2.5-coder:7b.log
pngOptim,UMDAAlgorithm,50,250,Perf<Cycles>,3,llama3.1:8b,383195789980.0,314145703036.0,-18.02,2207284208.0,1471774378.0,-33.322,2,223.27079999999998,0.524,0.636,196,34,0,0.173,0.0,/home/pbermejo/GeneticImprovement/magpie/_magpie_logs/pngOptim_1781856073_FOLD3.log,/home/pbermejo/GeneticImprovement/magpie/_magpie_logs/pngOptim_1782109844_FOLD3-val_1781856073_UMDAAlgorithm_llama3.1:8b.log
pngOptim,UMDAAlgorithm,50,1000,Perf<Cycles>,2,qwen2.5-coder:7b,297363627539.0,112172868556.0,-62.278,87795495061.0,30254089519.0,-65.54,1,950.88975,0.458,0.529,931,195,0,0.209,0.0,/home/pbermejo/GeneticImprovement/magpie/_magpie_logs/pngOptim_1781834164_FOLD2.log,/home/pbermejo/GeneticImprovement/magpie/_magpie_logs/pngOptim_1782109707_FOLD2-val_1781834164_UMDAAlgorithm_qwen2.5-coder:7b.log
pngOptim,UMDAAlgorithm,50,250,Perf<Cycles>,4,llama3.1:8b,245279734215.0,197288181442.0,-19.566,140106594406.0,121443137492.0,-13.321,3,159.16665,0.572,0.648,196,6,0,0.031,0.0,/home/pbermejo/GeneticImprovement/magpie/_magpie_logs/pngOptim_1781856518_FOLD4.log,/home/pbermejo/GeneticImprovement/magpie/_magpie_logs/pngOptim_1782109864_FOLD4-val_1781856518_UMDAAlgorithm_llama3.1:8b.log
pngOptim,UMDAAlgorithm,50,250,Perf<Cycles>,2,llama3.1:8b,297336631005.0,252371729610.0,-15.123,87964094391.0,65414956096.0,-25.634,3,182.77705,0.544,0.604,196,14,0,0.071,0.0,/home/pbermejo/GeneticImprovement/magpie/_magpie_logs/pngOptim_1781856044_FOLD2.log,/home/pbermejo/GeneticImprovement/magpie/_magpie_logs/pngOptim_1782109839_FOLD2-val_1781856044_UMDAAlgorithm_llama3.1:8b.log
minisat_hack,UMDAAlgorithm,50,250,Perf<Cycles>,1,llama3.1:8b,48904726768.0,34641523269.0,-29.165,292481965.0,264364618.0,-9.613,2,196.63278333333335,0.568,0.664,196,0,0,0.0,0.0,/home/pbermejo/GeneticImprovement/magpie/_magpie_logs/minisat_hack_1781846791_FOLD1.log,/home/pbermejo/GeneticImprovement/magpie/_magpie_logs/minisat_hack_1782121906_FOLD1-val_1781846791_UMDAAlgorithm_llama3.1:8b.log
weka,UMDAAlgorithm,50,1000,Perf<Cycles>,3,qwen2.5-coder:7b,93492085033.0,92680227213.0,-0.868,32353889749.0,32876219745.0,1.614,3,1836.31925,0.316,0.395,931,75,32,0.081,0.034,/home/pbermejo/GeneticImprovement/magpie/_magpie_logs/weka_1781823888_FOLD3.log,/home/pbermejo/GeneticImprovement/magpie/_magpie_logs/weka_1782122124_FOLD3-val_1781823888_UMDAAlgorithm_qwen2.5-coder:7b.log
pngOptim,UMDAAlgorithm,50,1000,Perf<Cycles>,3,qwen2.5-coder:7b,384953583490.0,2943095095.0,-99.235,2209945629.0,41563986.0,-98.119,3,794.5452333333334,0.500,0.594,931,326,0,0.35,0.0,/home/pbermejo/GeneticImprovement/magpie/_magpie_logs/pngOptim_1781838756_FOLD3.log,/home/pbermejo/GeneticImprovement/magpie/_magpie_logs/pngOptim_1782109711_FOLD3-val_1781838756_UMDAAlgorithm_qwen2.5-coder:7b.log
pngOptim,UMDAAlgorithm,50,250,Perf<Cycles>,1,llama3.1:8b,371156626308.0,328780775154.0,-11.417,13968144310.0,9604666096.0,-31.239,3,171.98588333333333,0.484,0.556,196,67,0,0.342,0.0,/home/pbermejo/GeneticImprovement/magpie/_magpie_logs/pngOptim_1781855109_FOLD1.log,/home/pbermejo/GeneticImprovement/magpie/_magpie_logs/pngOptim_1782109830_FOLD1-val_1781855109_UMDAAlgorithm_llama3.1:8b.log
sat4j,UMDAAlgorithm,50,250,Perf<Cycles>,4,llama3.1:8b,77513609504.0,64928636778.0,-16.236,5768878799.0,5765025028.0,-0.067,3,188.14356666666666,0.448,0.472,196,0,0,0.0,0.0,/home/pbermejo/GeneticImprovement/magpie/_magpie_logs/sat4j_1781854202_FOLD4.log,/home/pbermejo/GeneticImprovement/magpie/_magpie_logs/sat4j_1782200860_FOLD4-val_1781854202_UMDAAlgorithm_llama3.1:8b.log
pngOptim,UMDAAlgorithm,50,1000,Perf<Cycles>,5,qwen2.5-coder:7b,244152359825.0,88907893028.0,-63.585,141126970919.0,53252429938.0,-62.266,3,417.35771666666665,0.450,0.535,931,251,70,0.27,0.075,/home/pbermejo/GeneticImprovement/magpie/_magpie_logs/pngOptim_1781839568_FOLD5.log,/home/pbermejo/GeneticImprovement/magpie/_magpie_logs/pngOptim_1782109739_FOLD5-val_1781839568_UMDAAlgorithm_qwen2.5-coder:7b.log
pngOptim,UMDAAlgorithm,50,1000,Perf<Cycles>,4,qwen2.5-coder:7b,245165672418.0,12261921421.0,-94.999,140887095988.0,6409949669.0,-95.45,2,544.4352333333334,0.534,0.601,931,103,0,0.111,0.0,/home/pbermejo/GeneticImprovement/magpie/_magpie_logs/pngOptim_1781839340_FOLD4.log,/home/pbermejo/GeneticImprovement/magpie/_magpie_logs/pngOptim_1782109730_FOLD4-val_1781839340_UMDAAlgorithm_qwen2.5-coder:7b.log
sat4j,UMDAAlgorithm,50,1000,Perf<Cycles>,5,qwen2.5-coder:7b,42477417456.0,40948500102.0,-3.599,42841977591.0,40967491377.0,-4.375,1,1065.2433333333333,0.440,0.489,931,130,98,0.14,0.105,/home/pbermejo/GeneticImprovement/magpie/_magpie_logs/sat4j_1781831387_FOLD5.log,/home/pbermejo/GeneticImprovement/magpie/_magpie_logs/sat4j_1782201082_FOLD5-val_1781831387_UMDAAlgorithm_qwen2.5-coder:7b.log
sat4j,UMDAAlgorithm,50,250,Perf<Cycles>,5,llama3.1:8b,41431719610.0,40604503038.0,-1.997,42848342912.0,42793226820.0,-0.129,3,41.480533333333334,0.536,0.552,196,0,0,0.0,0.0,/home/pbermejo/GeneticImprovement/magpie/_magpie_logs/sat4j_1781854326_FOLD5.log,/home/pbermejo/GeneticImprovement/magpie/_magpie_logs/sat4j_1782200863_FOLD5-val_1781854326_UMDAAlgorithm_llama3.1:8b.log
weka,UMDAAlgorithm,50,1000,Perf<Cycles>,1,qwen2.5-coder:7b,95401789467.0,92822906859.0,-2.703,31798099735.0,31226492940.0,-1.798,2,1847.4609666666665,0.333,0.396,931,26,47,0.028,0.05,/home/pbermejo/GeneticImprovement/magpie/_magpie_logs/weka_1781820198_FOLD1.log,/home/pbermejo/GeneticImprovement/magpie/_magpie_logs/weka_1782122122_FOLD1-val_1781820198_UMDAAlgorithm_qwen2.5-coder:7b.log
pngOptim,UMDAAlgorithm,50,750,Perf<Cycles>,3,qwen2.5-coder:7b,383168911736.0,293470312076.0,-23.41,2215196935.0,1706946041.0,-22.944,3,838.1821666666667,0.508,0.584,686,104,41,0.152,0.06,/home/pbermejo/GeneticImprovement/magpie/_magpie_logs/pngOptim_1781808348_FOLD3.log,/home/pbermejo/GeneticImprovement/magpie/_magpie_logs/pngOptim_1782109657_FOLD3-val_1781808348_UMDAAlgorithm_qwen2.5-coder:7b.log
pngOptim,RandomSearch,None,500,Perf<Cycles>,2,None,303051713443.0,253064113666.0,-16.495,88326529085.0,62046473836.0,-29.753,1,395.4644833333333,0.352,0.432,None,None,None,None,None,/home/pbermejo/GeneticImprovement/magpie/_magpie_logs/pngOptim_1781858117_FOLD2.log,/home/pbermejo/GeneticImprovement/magpie/_magpie_logs/pngOptim_1782109881_FOLD2-val_1781858117_RandomSearch.log
pngOptim,RandomSearch,None,500,Perf<Cycles>,5,None,251407795367.0,16491753476.0,-93.44,141141669018.0,6587072914.0,-95.333,1,378.07065,0.404,0.478,None,None,None,None,None,/home/pbermejo/GeneticImprovement/magpie/_magpie_logs/pngOptim_1781858119_FOLD5.log,/home/pbermejo/GeneticImprovement/magpie/_magpie_logs/pngOptim_1782109907_FOLD5-val_1781858119_RandomSearch.log
pngOptim,RandomSearch,None,500,Perf<Cycles>,3,None,391294076917.0,23570900055.0,-93.976,2207502194.0,297163139.0,-86.538,1,524.7076333333333,0.374,0.470,None,None,None,None,None,/home/pbermejo/GeneticImprovement/magpie/_magpie_logs/pngOptim_1781858116_FOLD3.log,/home/pbermejo/GeneticImprovement/magpie/_magpie_logs/pngOptim_1782109878_FOLD3-val_1781858116_RandomSearch.log
pngOptim,RandomSearch,None,500,Perf<Cycles>,4,None,252517159475.0,18113255711.0,-92.827,140158790649.0,4761395561.0,-96.603,1,386.71756666666664,0.408,0.480,None,None,None,None,None,/home/pbermejo/GeneticImprovement/magpie/_magpie_logs/pngOptim_1781858118_FOLD4.log,/home/pbermejo/GeneticImprovement/magpie/_magpie_logs/pngOptim_1782109898_FOLD4-val_1781858118_RandomSearch.log
pngOptim,RandomSearch,None,500,Perf<Cycles>,1,None,377065878766.0,24066622776.0,-93.617,13968426746.0,847418485.0,-93.933,1,557.2266166666667,0.404,0.492,None,None,None,None,None,/home/pbermejo/GeneticImprovement/magpie/_magpie_logs/pngOptim_1781858120_FOLD1.log,/home/pbermejo/GeneticImprovement/magpie/_magpie_logs/pngOptim_1782109959_FOLD1-val_1781858120_RandomSearch.log
pngOptim,UMDAAlgorithm,50,250,Perf<Cycles>,5,llama3.1:8b,244252131873.0,215276160644.0,-11.863,141114609795.0,127931038310.0,-9.342,2,117.64518333333334,0.508,0.552,196,8,0,0.041,0.0,/home/pbermejo/GeneticImprovement/magpie/_magpie_logs/pngOptim_1781856909_FOLD5.log,/home/pbermejo/GeneticImprovement/magpie/_magpie_logs/pngOptim_1782109867_FOLD5-val_1781856909_UMDAAlgorithm_llama3.1:8b.log
minisat_hack,UMDAAlgorithm,50,500,Perf<Cycles>,5,llama3.1:8b,13514656204.0,935462477.0,-93.078,35929219302.0,458595473.0,-98.724,3,56.817683333333335,0.644,0.706,441,0,0,0.0,0.0,/home/pbermejo/GeneticImprovement/magpie/_magpie_logs/minisat_hack_1781864240_FOLD5.log,/home/pbermejo/GeneticImprovement/magpie/_magpie_logs/minisat_hack_1782121925_FOLD5-val_1781864240_UMDAAlgorithm_llama3.1:8b.log
weka,UMDAAlgorithm,50,500,Perf<Cycles>,1,llama3.1:8b,91450745054.0,91123796017.0,-0.358,31324960432.0,30597946223.0,-2.321,1,108.28604999999999,0.550,0.552,441,22,0,0.05,0.0,/home/pbermejo/GeneticImprovement/magpie/_magpie_logs/weka_1781864872_FOLD1.log,/home/pbermejo/GeneticImprovement/magpie/_magpie_logs/weka_1782122169_FOLD1-val_1781864872_UMDAAlgorithm_llama3.1:8b.log
sat4j,UMDAAlgorithm,50,500,Perf<Cycles>,1,llama3.1:8b,77732367215.0,73892651985.0,-4.94,8290343290.0,8138986156.0,-1.826,1,63.32958333333333,0.700,0.716,441,2,0,0.005,0.0,/home/pbermejo/GeneticImprovement/magpie/_magpie_logs/sat4j_1781867686_FOLD1.log,/home/pbermejo/GeneticImprovement/magpie/_magpie_logs/sat4j_1782200866_FOLD1-val_1781867686_UMDAAlgorithm_llama3.1:8b.log
weka,UMDAAlgorithm,50,500,Perf<Cycles>,2,llama3.1:8b,99354375830.0,97901971919.0,-1.462,23447369434.0,23746275495.0,1.275,1,123.11791666666666,0.486,0.492,441,4,0,0.009,0.0,/home/pbermejo/GeneticImprovement/magpie/_magpie_logs/weka_1781865819_FOLD2.log,/home/pbermejo/GeneticImprovement/magpie/_magpie_logs/weka_1782122170_FOLD2-val_1781865819_UMDAAlgorithm_llama3.1:8b.log
weka,UMDAAlgorithm,50,500,Perf<Cycles>,3,llama3.1:8b,92500864101.0,91349278828.0,-1.245,32862178515.0,31671344842.0,-3.624,3,125.44335,0.640,0.642,441,3,0,0.007,0.0,/home/pbermejo/GeneticImprovement/magpie/_magpie_logs/weka_1781866479_FOLD3.log,/home/pbermejo/GeneticImprovement/magpie/_magpie_logs/weka_1782122171_FOLD3-val_1781866479_UMDAAlgorithm_llama3.1:8b.log
weka,UMDAAlgorithm,50,500,Perf<Cycles>,5,llama3.1:8b,101172384293.0,99531770660.0,-1.622,22803467984.0,23584298999.0,3.424,2,130.98241666666667,0.584,0.592,441,2,0,0.005,0.0,/home/pbermejo/GeneticImprovement/magpie/_magpie_logs/weka_1781867378_FOLD5.log,/home/pbermejo/GeneticImprovement/magpie/_magpie_logs/weka_1782122178_FOLD5-val_1781867378_UMDAAlgorithm_llama3.1:8b.log
sat4j,UMDAAlgorithm,50,500,Perf<Cycles>,5,llama3.1:8b,42664665870.0,40479405699.0,-5.122,42949489069.0,42243188538.0,-1.644,3,85.49391666666666,0.528,0.566,441,0,0,0.0,0.0,/home/pbermejo/GeneticImprovement/magpie/_magpie_logs/sat4j_1781871609_FOLD5.log,/home/pbermejo/GeneticImprovement/magpie/_magpie_logs/sat4j_1782200902_FOLD5-val_1781871609_UMDAAlgorithm_llama3.1:8b.log
sat4j,UMDAAlgorithm,50,500,Perf<Cycles>,2,llama3.1:8b,75860313838.0,64157562872.0,-15.427,8470074986.0,8406923823.0,-0.746,3,114.09915,0.640,0.660,441,1,0,0.002,0.0,/home/pbermejo/GeneticImprovement/magpie/_magpie_logs/sat4j_1781869898_FOLD2.log,/home/pbermejo/GeneticImprovement/magpie/_magpie_logs/sat4j_1782200869_FOLD2-val_1781869898_UMDAAlgorithm_llama3.1:8b.log
sat4j,UMDAAlgorithm,50,500,Perf<Cycles>,4,llama3.1:8b,75595175630.0,64113756565.0,-15.188,5859029463.0,5820068458.0,-0.665,3,94.87486666666668,0.600,0.616,441,42,0,0.095,0.0,/home/pbermejo/GeneticImprovement/magpie/_magpie_logs/sat4j_1781871488_FOLD4.log,/home/pbermejo/GeneticImprovement/magpie/_magpie_logs/sat4j_1782200899_FOLD4-val_1781871488_UMDAAlgorithm_llama3.1:8b.log
minisat_hack,UMDAAlgorithm,50,500,Perf<Cycles>,1,llama3.1:8b,48966729702.0,27861909606.0,-43.1,292959678.0,299341231.0,2.178,3,355.8450666666667,0.558,0.644,441,0,0,0.0,0.0,/home/pbermejo/GeneticImprovement/magpie/_magpie_logs/minisat_hack_1781857450_FOLD1.log,/home/pbermejo/GeneticImprovement/magpie/_magpie_logs/minisat_hack_1782121916_FOLD1-val_1781857450_UMDAAlgorithm_llama3.1:8b.log
minisat_hack,UMDAAlgorithm,50,500,Perf<Cycles>,2,llama3.1:8b,48458662829.0,9215889943.0,-80.982,1249361097.0,1165181499.0,-6.738,2,347.7008666666667,0.620,0.700,441,0,0,0.0,0.0,/home/pbermejo/GeneticImprovement/magpie/_magpie_logs/minisat_hack_1781859414_FOLD2.log,/home/pbermejo/GeneticImprovement/magpie/_magpie_logs/minisat_hack_1782121919_FOLD2-val_1781859414_UMDAAlgorithm_llama3.1:8b.log
minisat_hack,UMDAAlgorithm,50,500,Perf<Cycles>,3,llama3.1:8b,38164108571.0,1091467005.0,-97.14,11699823491.0,310382198.0,-97.347,1,354.5743166666667,0.548,0.672,441,19,0,0.043,0.0,/home/pbermejo/GeneticImprovement/magpie/_magpie_logs/minisat_hack_1781859594_FOLD3.log,/home/pbermejo/GeneticImprovement/magpie/_magpie_logs/minisat_hack_1782121923_FOLD3-val_1781859594_UMDAAlgorithm_llama3.1:8b.log
weka,UMDAAlgorithm,50,750,Perf<Cycles>,1,llama3.1:8b,None,None,0,None,0,0,0,None,0.000,0.000,None,None,None,None,None,/home/pbermejo/GeneticImprovement/magpie/_magpie_logs/weka_1781881313_FOLD1.log,None
weka,UMDAAlgorithm,50,750,Perf<Cycles>,2,llama3.1:8b,None,None,0,None,0,0,0,None,0.000,0.000,None,None,None,None,None,/home/pbermejo/GeneticImprovement/magpie/_magpie_logs/weka_1781881865_FOLD2.log,None
minisat_hack,UMDAAlgorithm,50,750,Perf<Cycles>,3,llama3.1:8b,38143914722.0,1031734066.0,-97.295,11682687404.0,315618160.0,-97.298,3,111.18638333333334,0.547,0.639,686,0,0,0.0,0.0,/home/pbermejo/GeneticImprovement/magpie/_magpie_logs/minisat_hack_1781877291_FOLD3.log,/home/pbermejo/GeneticImprovement/magpie/_magpie_logs/minisat_hack_1782121932_FOLD3-val_1781877291_UMDAAlgorithm_llama3.1:8b.log
minisat_hack,UMDAAlgorithm,50,500,Perf<Cycles>,4,llama3.1:8b,49013190228.0,7821479298.0,-84.042,287006042.0,286251087.0,-0.263,3,371.34323333333333,0.622,0.704,441,0,0,0.0,0.0,/home/pbermejo/GeneticImprovement/magpie/_magpie_logs/minisat_hack_1781860932_FOLD4.log,/home/pbermejo/GeneticImprovement/magpie/_magpie_logs/minisat_hack_1782121922_FOLD4-val_1781860932_UMDAAlgorithm_llama3.1:8b.log
weka,UMDAAlgorithm,50,750,Perf<Cycles>,3,llama3.1:8b,None,None,0,None,0,0,0,None,0.000,0.000,None,None,None,None,None,/home/pbermejo/GeneticImprovement/magpie/_magpie_logs/weka_1781882839_FOLD3.log,None
weka,UMDAAlgorithm,50,750,Perf<Cycles>,4,llama3.1:8b,None,None,0,None,0,0,0,None,0.000,0.000,None,None,None,None,None,/home/pbermejo/GeneticImprovement/magpie/_magpie_logs/weka_1781883375_FOLD4.log,None
minisat_hack,UMDAAlgorithm,50,750,Perf<Cycles>,2,llama3.1:8b,48585411694.0,1191979064.0,-97.547,1248446998.0,197540300.0,-84.177,3,139.74585,0.567,0.648,686,0,0,0.0,0.0,/home/pbermejo/GeneticImprovement/magpie/_magpie_logs/minisat_hack_1781876857_FOLD2.log,/home/pbermejo/GeneticImprovement/magpie/_magpie_logs/minisat_hack_1782121928_FOLD2-val_1781876857_UMDAAlgorithm_llama3.1:8b.log
minisat_hack,UMDAAlgorithm,50,750,Perf<Cycles>,1,llama3.1:8b,49627420671.0,991000035.0,-98.003,292731228.0,366125653.0,25.072,3,156.08440000000002,0.593,0.673,686,0,0,0.0,0.0,/home/pbermejo/GeneticImprovement/magpie/_magpie_logs/minisat_hack_1781876828_FOLD1.log,/home/pbermejo/GeneticImprovement/magpie/_magpie_logs/minisat_hack_1782121929_FOLD1-val_1781876828_UMDAAlgorithm_llama3.1:8b.log
pngOptim,UMDAAlgorithm,50,500,Perf<Cycles>,2,llama3.1:8b,297371271365.0,268176296065.0,-9.818,88381042831.0,80604200805.0,-8.799,1,287.7953166666667,0.590,0.624,441,91,0,0.206,0.0,/home/pbermejo/GeneticImprovement/magpie/_magpie_logs/pngOptim_1781873326_FOLD2.log,/home/pbermejo/GeneticImprovement/magpie/_magpie_logs/pngOptim_1782110002_FOLD2-val_1781873326_UMDAAlgorithm_llama3.1:8b.log
pngOptim,UMDAAlgorithm,50,500,Perf<Cycles>,5,llama3.1:8b,244270974115.0,215180669140.0,-11.909,141108602248.0,127742314178.0,-9.472,2,271.68826666666666,0.592,0.616,441,32,0,0.073,0.0,/home/pbermejo/GeneticImprovement/magpie/_magpie_logs/pngOptim_1781875370_FOLD5.log,/home/pbermejo/GeneticImprovement/magpie/_magpie_logs/pngOptim_1782110021_FOLD5-val_1781875370_UMDAAlgorithm_llama3.1:8b.log
sat4j,UMDAAlgorithm,50,750,Perf<Cycles>,5,llama3.1:8b,42182767522.0,40308497562.0,-4.443,43109097425.0,43083773907.0,-0.059,2,133.5277,0.545,0.593,686,0,0,0.0,0.0,/home/pbermejo/GeneticImprovement/magpie/_magpie_logs/sat4j_1781886279_FOLD5.log,/home/pbermejo/GeneticImprovement/magpie/_magpie_logs/sat4j_1782122372_FOLD5-val_1781886279_UMDAAlgorithm_llama3.1:8b.log
sat4j,UMDAAlgorithm,50,750,Perf<Cycles>,4,llama3.1:8b,80174865843.0,74701908447.0,-6.826,5842739959.0,5854221156.0,0.197,2,201.06105,0.597,0.624,686,0,0,0.0,0.0,/home/pbermejo/GeneticImprovement/magpie/_magpie_logs/sat4j_1781885318_FOLD4.log,/home/pbermejo/GeneticImprovement/magpie/_magpie_logs/sat4j_1782122354_FOLD4-val_1781885318_UMDAAlgorithm_llama3.1:8b.log
pngOptim,UMDAAlgorithm,50,500,Perf<Cycles>,3,llama3.1:8b,383106643304.0,340984198615.0,-10.995,2206669880.0,1841097036.0,-16.567,1,388.4039166666667,0.552,0.602,441,45,0,0.102,0.0,/home/pbermejo/GeneticImprovement/magpie/_magpie_logs/pngOptim_1781874140_FOLD3.log,/home/pbermejo/GeneticImprovement/magpie/_magpie_logs/pngOptim_1782110003_FOLD3-val_1781874140_UMDAAlgorithm_llama3.1:8b.log
weka,UMDAAlgorithm,50,750,Perf<Cycles>,5,llama3.1:8b,99507055588.0,98843772758.0,-0.667,23037378626.0,22857110432.0,-0.783,1,243.35998333333333,0.605,0.608,686,36,0,0.052,0.0,/home/pbermejo/GeneticImprovement/magpie/_magpie_logs/weka_1781884118_FOLD5.log,/home/pbermejo/GeneticImprovement/magpie/_magpie_logs/weka_1782122185_FOLD5-val_1781884118_UMDAAlgorithm_llama3.1:8b.log
pngOptim,UMDAAlgorithm,50,500,Perf<Cycles>,4,llama3.1:8b,245325840602.0,14195232915.0,-94.214,140096184816.0,6532896502.0,-95.337,2,369.5655,0.564,0.592,441,60,0,0.136,0.0,/home/pbermejo/GeneticImprovement/magpie/_magpie_logs/pngOptim_1781874948_FOLD4.log,/home/pbermejo/GeneticImprovement/magpie/_magpie_logs/pngOptim_1782110006_FOLD4-val_1781874948_UMDAAlgorithm_llama3.1:8b.log
pngOptim,UMDAAlgorithm,50,500,Perf<Cycles>,1,llama3.1:8b,371273318612.0,309513651574.0,-16.635,13975960046.0,8494866845.0,-39.218,2,470.4541,0.620,0.680,441,65,0,0.147,0.0,/home/pbermejo/GeneticImprovement/magpie/_magpie_logs/pngOptim_1781872268_FOLD1.log,/home/pbermejo/GeneticImprovement/magpie/_magpie_logs/pngOptim_1782109989_FOLD1-val_1781872268_UMDAAlgorithm_llama3.1:8b.log
sat4j,UMDAAlgorithm,50,500,Perf<Cycles>,3,llama3.1:8b,64691975799.0,51785850783.0,-19.95,20629813287.0,21783415558.0,5.592,2,497.6017333333333,0.548,0.580,441,0,0,0.0,0.0,/home/pbermejo/GeneticImprovement/magpie/_magpie_logs/sat4j_1781870803_FOLD3.log,/home/pbermejo/GeneticImprovement/magpie/_magpie_logs/sat4j_1782200876_FOLD3-val_1781870803_UMDAAlgorithm_llama3.1:8b.log
minisat_hack,UMDAAlgorithm,50,1000,Perf<Cycles>,5,llama3.1:8b,13549419840.0,8223391763.0,-39.308,36539922804.0,27370105913.0,-25.095,3,113.47476666666667,0.671,0.746,931,0,0,0.0,0.0,/home/pbermejo/GeneticImprovement/magpie/_magpie_logs/minisat_hack_1781897530_FOLD5.log,/home/pbermejo/GeneticImprovement/magpie/_magpie_logs/minisat_hack_1782121948_FOLD5-val_1781897530_UMDAAlgorithm_llama3.1:8b.log
minisat_hack,UMDAAlgorithm,50,1000,Perf<Cycles>,1,llama3.1:8b,49464884854.0,989539965.0,-98.0,292201888.0,363353043.0,24.35,2,180.43765,0.577,0.672,931,0,0,0.0,0.0,/home/pbermejo/GeneticImprovement/magpie/_magpie_logs/minisat_hack_1781894381_FOLD1.log,/home/pbermejo/GeneticImprovement/magpie/_magpie_logs/minisat_hack_1782121938_FOLD1-val_1781894381_UMDAAlgorithm_llama3.1:8b.log
minisat_hack,UMDAAlgorithm,50,750,Perf<Cycles>,4,llama3.1:8b,49422671793.0,29391846604.0,-40.53,285980834.0,44109588.0,-84.576,3,434.0979,0.535,0.637,686,0,0,0.0,0.0,/home/pbermejo/GeneticImprovement/magpie/_magpie_logs/minisat_hack_1781879899_FOLD4.log,/home/pbermejo/GeneticImprovement/magpie/_magpie_logs/minisat_hack_1782121935_FOLD4-val_1781879899_UMDAAlgorithm_llama3.1:8b.log
minisat_hack,UMDAAlgorithm,50,750,Perf<Cycles>,5,llama3.1:8b,13494711050.0,3169513504.0,-76.513,36526380566.0,5096424940.0,-86.047,3,466.3444166666667,0.677,0.745,686,49,0,0.071,0.0,/home/pbermejo/GeneticImprovement/magpie/_magpie_logs/minisat_hack_1781880014_FOLD5.log,/home/pbermejo/GeneticImprovement/magpie/_magpie_logs/minisat_hack_1782121934_FOLD5-val_1781880014_UMDAAlgorithm_llama3.1:8b.log
weka,UMDAAlgorithm,50,1000,Perf<Cycles>,2,llama3.1:8b,101805638482.0,98457549374.0,-3.289,23783190916.0,23025397646.0,-3.186,3,251.71118333333334,0.556,0.560,931,17,0,0.018,0.0,/home/pbermejo/GeneticImprovement/magpie/_magpie_logs/weka_1781898850_FOLD2.log,/home/pbermejo/GeneticImprovement/magpie/_magpie_logs/weka_1782122189_FOLD2-val_1781898850_UMDAAlgorithm_llama3.1:8b.log
weka,UMDAAlgorithm,50,1000,Perf<Cycles>,1,llama3.1:8b,93034453946.0,92103359630.0,-1.001,31388482312.0,31035071620.0,-1.126,3,272.89503333333334,0.566,0.569,931,36,0,0.039,0.0,/home/pbermejo/GeneticImprovement/magpie/_magpie_logs/weka_1781897840_FOLD1.log,/home/pbermejo/GeneticImprovement/magpie/_magpie_logs/weka_1782122188_FOLD1-val_1781897840_UMDAAlgorithm_llama3.1:8b.log
sat4j,UMDAAlgorithm,50,1000,Perf<Cycles>,2,llama3.1:8b,74600423330.0,29832089332.0,-60.011,8338414121.0,6931810191.0,-16.869,2,176.1899,0.578,0.603,931,49,0,0.053,0.0,/home/pbermejo/GeneticImprovement/magpie/_magpie_logs/sat4j_1781905301_FOLD2.log,/home/pbermejo/GeneticImprovement/magpie/_magpie_logs/sat4j_1782122386_FOLD2-val_1781905301_UMDAAlgorithm_llama3.1:8b.log
sat4j,UMDAAlgorithm,50,1000,Perf<Cycles>,1,llama3.1:8b,74409858336.0,61348334796.0,-17.553,8243262201.0,8129540133.0,-1.38,1,210.39015,0.482,0.532,931,0,0,0.0,0.0,/home/pbermejo/GeneticImprovement/magpie/_magpie_logs/sat4j_1781904402_FOLD1.log,/home/pbermejo/GeneticImprovement/magpie/_magpie_logs/sat4j_1782200913_FOLD1-val_1781904402_UMDAAlgorithm_llama3.1:8b.log
pngOptim,UMDAAlgorithm,50,750,Perf<Cycles>,4,llama3.1:8b,245219491936.0,89529373269.0,-63.49,139995958747.0,53252564577.0,-61.961,3,441.32525,0.592,0.639,686,59,0,0.086,0.0,/home/pbermejo/GeneticImprovement/magpie/_magpie_logs/pngOptim_1781891929_FOLD4.log,/home/pbermejo/GeneticImprovement/magpie/_magpie_logs/pngOptim_1782110057_FOLD4-val_1781891929_UMDAAlgorithm_llama3.1:8b.log
weka,UMDAAlgorithm,50,1000,Perf<Cycles>,4,llama3.1:8b,107170772480.0,105953118042.0,-1.136,15727571427.0,15923603460.0,1.246,2,319.91298333333333,0.653,0.654,931,31,0,0.033,0.0,/home/pbermejo/GeneticImprovement/magpie/_magpie_logs/weka_1781900921_FOLD4.log,/home/pbermejo/GeneticImprovement/magpie/_magpie_logs/weka_1782122192_FOLD4-val_1781900921_UMDAAlgorithm_llama3.1:8b.log
pngOptim,UMDAAlgorithm,50,750,Perf<Cycles>,3,llama3.1:8b,383042736300.0,313227129069.0,-18.227,2207901754.0,1520409983.0,-31.138,3,516.6499833333334,0.623,0.668,686,75,0,0.109,0.0,/home/pbermejo/GeneticImprovement/magpie/_magpie_logs/pngOptim_1781890929_FOLD3.log,/home/pbermejo/GeneticImprovement/magpie/_magpie_logs/pngOptim_1782110052_FOLD3-val_1781890929_UMDAAlgorithm_llama3.1:8b.log
sat4j,UMDAAlgorithm,50,750,Perf<Cycles>,1,llama3.1:8b,77730864833.0,63375846388.0,-18.468,8217029428.0,8350527683.0,1.625,3,613.1179,0.552,0.580,686,0,0,0.0,0.0,/home/pbermejo/GeneticImprovement/magpie/_magpie_logs/sat4j_1781884243_FOLD1.log,/home/pbermejo/GeneticImprovement/magpie/_magpie_logs/sat4j_1782200910_FOLD1-val_1781884243_UMDAAlgorithm_llama3.1:8b.log
minisat_hack,UMDAAlgorithm,50,1000,Perf<Cycles>,2,llama3.1:8b,48608631447.0,1088341314.0,-97.761,1246758298.0,189733037.0,-84.782,3,456.2599666666667,0.695,0.746,931,51,0,0.055,0.0,/home/pbermejo/GeneticImprovement/magpie/_magpie_logs/minisat_hack_1781894933_FOLD2.log,/home/pbermejo/GeneticImprovement/magpie/_magpie_logs/minisat_hack_1782121939_FOLD2-val_1781894933_UMDAAlgorithm_llama3.1:8b.log
sat4j,UMDAAlgorithm,50,1000,Perf<Cycles>,5,llama3.1:8b,43197987340.0,27398417411.0,-36.575,43397300049.0,9212678728.0,-78.771,2,164.23485,0.602,0.626,931,7,0,0.008,0.0,/home/pbermejo/GeneticImprovement/magpie/_magpie_logs/sat4j_1781914073_FOLD5.log,/home/pbermejo/GeneticImprovement/magpie/_magpie_logs/sat4j_1782122390_FOLD5-val_1781914073_UMDAAlgorithm_llama3.1:8b.log
sat4j,UMDAAlgorithm,50,750,Perf<Cycles>,2,llama3.1:8b,74814140144.0,31161400235.0,-58.348,8248120327.0,6927329321.0,-16.013,3,683.0996666666667,0.556,0.592,686,34,0,0.05,0.0,/home/pbermejo/GeneticImprovement/magpie/_magpie_logs/sat4j_1781884374_FOLD2.log,/home/pbermejo/GeneticImprovement/magpie/_magpie_logs/sat4j_1782122351_FOLD2-val_1781884374_UMDAAlgorithm_llama3.1:8b.log
sat4j,UMDAAlgorithm,50,750,Perf<Cycles>,3,llama3.1:8b,63379176688.0,62021463767.0,-2.142,19660262160.0,21239568659.0,8.033,1,723.0964333333334,0.569,0.599,686,0,0,0.0,0.0,/home/pbermejo/GeneticImprovement/magpie/_magpie_logs/sat4j_1781884963_FOLD3.log,/home/pbermejo/GeneticImprovement/magpie/_magpie_logs/sat4j_1782122355_FOLD3-val_1781884963_UMDAAlgorithm_llama3.1:8b.log
pngOptim,UMDAAlgorithm,50,750,Perf<Cycles>,1,llama3.1:8b,373389663978.0,346642817034.0,-7.163,13971289007.0,9575623279.0,-31.462,3,731.9925000000001,0.637,0.668,686,62,0,0.09,0.0,/home/pbermejo/GeneticImprovement/magpie/_magpie_logs/pngOptim_1781886848_FOLD1.log,/home/pbermejo/GeneticImprovement/magpie/_magpie_logs/pngOptim_1782110024_FOLD1-val_1781886848_UMDAAlgorithm_llama3.1:8b.log
pngOptim,UMDAAlgorithm,50,750,Perf<Cycles>,5,llama3.1:8b,244305863589.0,11691061734.0,-95.215,141144938578.0,4914656232.0,-96.518,1,624.385,0.612,0.668,686,38,0,0.055,0.0,/home/pbermejo/GeneticImprovement/magpie/_magpie_logs/pngOptim_1781893243_FOLD5.log,/home/pbermejo/GeneticImprovement/magpie/_magpie_logs/pngOptim_1782110059_FOLD5-val_1781893243_UMDAAlgorithm_llama3.1:8b.log
minisat_hack,UMDAAlgorithm,50,1000,Perf<Cycles>,3,llama3.1:8b,38027782386.0,16988962827.0,-55.325,11689981963.0,11275043051.0,-3.55,3,599.62255,0.698,0.756,931,0,0,0.0,0.0,/home/pbermejo/GeneticImprovement/magpie/_magpie_logs/minisat_hack_1781896319_FOLD3.log,/home/pbermejo/GeneticImprovement/magpie/_magpie_logs/minisat_hack_1782121942_FOLD3-val_1781896319_UMDAAlgorithm_llama3.1:8b.log
minisat_hack,UMDAAlgorithm,50,1000,Perf<Cycles>,4,llama3.1:8b,49787916309.0,1237673253.0,-97.514,286551209.0,156887713.0,-45.25,2,601.5405833333333,0.557,0.635,931,49,0,0.053,0.0,/home/pbermejo/GeneticImprovement/magpie/_magpie_logs/minisat_hack_1781897143_FOLD4.log,/home/pbermejo/GeneticImprovement/magpie/_magpie_logs/minisat_hack_1782121945_FOLD4-val_1781897143_UMDAAlgorithm_llama3.1:8b.log
weka,UMDAAlgorithm,50,500,Perf<Cycles>,4,llama3.1:8b,110938245285.0,109900890625.0,-0.935,16289973510.0,16066957522.0,-1.369,1,1078.5965,0.450,0.522,441,3,0,0.007,0.0,/home/pbermejo/GeneticImprovement/magpie/_magpie_logs/weka_1781867297_FOLD4.log,/home/pbermejo/GeneticImprovement/magpie/_magpie_logs/weka_1782122177_FOLD4-val_1781867297_UMDAAlgorithm_llama3.1:8b.log
pngOptim,UMDAAlgorithm,50,1000,Perf<Cycles>,5,llama3.1:8b,244353731736.0,15417669497.0,-93.69,141814856087.0,7573609255.0,-94.66,3,311.8958,0.513,0.597,931,68,0,0.073,0.0,/home/pbermejo/GeneticImprovement/magpie/_magpie_logs/pngOptim_1781920244_FOLD5.log,/home/pbermejo/GeneticImprovement/magpie/_magpie_logs/pngOptim_1782110128_FOLD5-val_1781920244_UMDAAlgorithm_llama3.1:8b.log
pngOptim,UMDAAlgorithm,50,750,Perf<Cycles>,2,llama3.1:8b,297367348387.0,268046385936.0,-9.86,87968476559.0,74724304172.0,-15.056,3,827.5905666666666,0.649,0.684,686,42,0,0.061,0.0,/home/pbermejo/GeneticImprovement/magpie/_magpie_logs/pngOptim_1781889468_FOLD2.log,/home/pbermejo/GeneticImprovement/magpie/_magpie_logs/pngOptim_1782110048_FOLD2-val_1781889468_UMDAAlgorithm_llama3.1:8b.log
sat4j,UMDAAlgorithm,50,1000,Perf<Cycles>,3,llama3.1:8b,64645997477.0,29109576647.0,-54.971,19338783335.0,7909894646.0,-59.098,2,559.4837333333332,0.556,0.586,931,0,0,0.0,0.0,/home/pbermejo/GeneticImprovement/magpie/_magpie_logs/sat4j_1781906927_FOLD3.log,/home/pbermejo/GeneticImprovement/magpie/_magpie_logs/sat4j_1782122388_FOLD3-val_1781906927_UMDAAlgorithm_llama3.1:8b.log
sat4j,UMDAAlgorithm,50,1000,Perf<Cycles>,4,llama3.1:8b,79790851709.0,58548835202.0,-26.622,5885518641.0,5828023002.0,-0.977,3,604.33535,0.573,0.604,931,0,0,0.0,0.0,/home/pbermejo/GeneticImprovement/magpie/_magpie_logs/sat4j_1781908840_FOLD4.log,/home/pbermejo/GeneticImprovement/magpie/_magpie_logs/sat4j_1782122389_FOLD4-val_1781908840_UMDAAlgorithm_llama3.1:8b.log
pngOptim,UMDAAlgorithm,50,1000,Perf<Cycles>,4,llama3.1:8b,245268634486.0,14101079816.0,-94.251,140040749874.0,6511064245.0,-95.351,3,482.65363333333335,0.565,0.634,931,49,0,0.053,0.0,/home/pbermejo/GeneticImprovement/magpie/_magpie_logs/pngOptim_1781918683_FOLD4.log,/home/pbermejo/GeneticImprovement/magpie/_magpie_logs/pngOptim_1782110113_FOLD4-val_1781918683_UMDAAlgorithm_llama3.1:8b.log
weka,UMDAAlgorithm,50,1000,Perf<Cycles>,5,llama3.1:8b,105524483893.0,100655878545.0,-4.614,22712225865.0,22624050056.0,-0.388,3,777.6047666666667,0.552,0.562,931,9,0,0.01,0.0,/home/pbermejo/GeneticImprovement/magpie/_magpie_logs/weka_1781902460_FOLD5.log,/home/pbermejo/GeneticImprovement/magpie/_magpie_logs/weka_1782122194_FOLD5-val_1781902460_UMDAAlgorithm_llama3.1:8b.log
weka,UMDAAlgorithm,50,1000,Perf<Cycles>,3,llama3.1:8b,94067401985.0,90496930964.0,-3.796,31827339041.0,32584447182.0,2.379,1,856.6913333333334,0.588,0.598,931,111,0,0.119,0.0,/home/pbermejo/GeneticImprovement/magpie/_magpie_logs/weka_1781899209_FOLD3.log,/home/pbermejo/GeneticImprovement/magpie/_magpie_logs/weka_1782122191_FOLD3-val_1781899209_UMDAAlgorithm_llama3.1:8b.log
pngOptim,UMDAAlgorithm,50,1000,Perf<Cycles>,2,llama3.1:8b,297366155445.0,2030642853.0,-99.317,87954945207.0,906768016.0,-98.969,3,672.0577499999999,0.592,0.647,931,71,0,0.076,0.0,/home/pbermejo/GeneticImprovement/magpie/_magpie_logs/pngOptim_1781916012_FOLD2.log,/home/pbermejo/GeneticImprovement/magpie/_magpie_logs/pngOptim_1782110071_FOLD2-val_1781916012_UMDAAlgorithm_llama3.1:8b.log
pngOptim,UMDAAlgorithm,50,1000,Perf<Cycles>,1,llama3.1:8b,371324650528.0,287516579570.0,-22.57,13976157649.0,8186797071.0,-41.423,3,798.0078666666667,0.523,0.567,931,61,0,0.066,0.0,/home/pbermejo/GeneticImprovement/magpie/_magpie_logs/pngOptim_1781914392_FOLD1.log,/home/pbermejo/GeneticImprovement/magpie/_magpie_logs/pngOptim_1782110061_FOLD1-val_1781914392_UMDAAlgorithm_llama3.1:8b.log
pngOptim,UMDAAlgorithm,50,1000,Perf<Cycles>,3,llama3.1:8b,383146061198.0,20284363663.0,-94.706,2203492173.0,298050569.0,-86.474,2,903.4028666666667,0.598,0.665,931,114,0,0.122,0.0,/home/pbermejo/GeneticImprovement/magpie/_magpie_logs/pngOptim_1781917152_FOLD3.log,/home/pbermejo/GeneticImprovement/magpie/_magpie_logs/pngOptim_1782110094_FOLD3-val_1781917152_UMDAAlgorithm_llama3.1:8b.log
sat4j,LLMAlgorithm,50,100,Perf<Cycles>,5,llama3.2:3b,44169371377.0,41796632962.0,-5.372,41473012941.0,43633583246.0,5.21,1,11.909883333333333,0.250,0.310,49,0,49,0.0,1.0,/home/pbermejo/GeneticImprovement/magpie/_magpie_logs/sat4j_1782122435_FOLD5.log,/home/pbermejo/GeneticImprovement/magpie/_magpie_logs/sat4j_1782215915_FOLD5-val_1782122435_LLMAlgorithm_llama3.2:3b.log
sat4j,LLMAlgorithm,50,100,Perf<Cycles>,3,llama3.2:3b,65821250616.0,62812748555.0,-4.571,19607399900.0,20179770400.0,2.919,1,14.572966666666668,0.250,0.310,49,0,49,0.0,1.0,/home/pbermejo/GeneticImprovement/magpie/_magpie_logs/sat4j_1782122428_FOLD3.log,/home/pbermejo/GeneticImprovement/magpie/_magpie_logs/sat4j_1782215894_FOLD3-val_1782122428_LLMAlgorithm_llama3.2:3b.log
sat4j,LLMAlgorithm,50,100,Perf<Cycles>,2,llama3.2:3b,76470796416.0,74951883004.0,-1.986,8407531707.0,8343586314.0,-0.761,1,16.335633333333334,0.250,0.310,49,0,49,0.0,1.0,/home/pbermejo/GeneticImprovement/magpie/_magpie_logs/sat4j_1782122425_FOLD2.log,/home/pbermejo/GeneticImprovement/magpie/_magpie_logs/sat4j_1782215862_FOLD2-val_1782122425_LLMAlgorithm_llama3.2:3b.log
sat4j,LLMAlgorithm,50,100,Perf<Cycles>,1,llama3.2:3b,77709569988.0,75325245793.0,-3.068,8287686190.0,8104130495.0,-2.215,1,16.898216666666666,0.250,0.310,49,0,49,0.0,1.0,/home/pbermejo/GeneticImprovement/magpie/_magpie_logs/sat4j_1782122422_FOLD1.log,/home/pbermejo/GeneticImprovement/magpie/_magpie_logs/sat4j_1782215847_FOLD1-val_1782122422_LLMAlgorithm_llama3.2:3b.log
sat4j,LLMAlgorithm,50,100,Perf<Cycles>,4,llama3.2:3b,80230724657.0,77575305399.0,-3.31,5866412034.0,5919191224.0,0.9,1,17.10845,0.250,0.310,49,0,49,0.0,1.0,/home/pbermejo/GeneticImprovement/magpie/_magpie_logs/sat4j_1782122431_FOLD4.log,/home/pbermejo/GeneticImprovement/magpie/_magpie_logs/sat4j_1782215906_FOLD4-val_1782122431_LLMAlgorithm_llama3.2:3b.log
weka,LLMAlgorithm,50,100,Perf<Cycles>,3,llama3.2:3b,93011202090.0,92026572884.0,-1.059,32832568744.0,32798423030.0,-0.104,1,20.13501666666667,0.320,0.320,49,0,49,0.0,1.0,/home/pbermejo/GeneticImprovement/magpie/_magpie_logs/weka_1782122399_FOLD3.log,/home/pbermejo/GeneticImprovement/magpie/_magpie_logs/weka_1782216070_FOLD3-val_1782122399_LLMAlgorithm_llama3.2:3b.log
weka,LLMAlgorithm,50,100,Perf<Cycles>,1,llama3.2:3b,94405456840.0,93786320693.0,-0.656,31034454598.0,31276123318.0,0.779,1,20.544633333333334,0.320,0.320,49,0,49,0.0,1.0,/home/pbermejo/GeneticImprovement/magpie/_magpie_logs/weka_1782122397_FOLD1.log,/home/pbermejo/GeneticImprovement/magpie/_magpie_logs/weka_1782216024_FOLD1-val_1782122397_LLMAlgorithm_llama3.2:3b.log
weka,LLMAlgorithm,50,100,Perf<Cycles>,2,llama3.2:3b,101426073444.0,99926332136.0,-1.479,23825352933.0,23253416861.0,-2.401,1,23.0644,0.320,0.320,49,0,49,0.0,1.0,/home/pbermejo/GeneticImprovement/magpie/_magpie_logs/weka_1782122396_FOLD2.log,/home/pbermejo/GeneticImprovement/magpie/_magpie_logs/weka_1782216048_FOLD2-val_1782122396_LLMAlgorithm_llama3.2:3b.log
weka,LLMAlgorithm,50,100,Perf<Cycles>,5,llama3.2:3b,103613232769.0,100712941418.0,-2.799,22997455628.0,22681559618.0,-1.374,1,22.77446666666667,0.320,0.320,49,0,49,0.0,1.0,/home/pbermejo/GeneticImprovement/magpie/_magpie_logs/weka_1782122422_FOLD5.log,/home/pbermejo/GeneticImprovement/magpie/_magpie_logs/weka_1782216094_FOLD5-val_1782122422_LLMAlgorithm_llama3.2:3b.log
weka,LLMAlgorithm,50,100,Perf<Cycles>,1,qwen2.5-coder:7b,94600460918.0,92709266535.0,-1.999,31016711777.0,30835859401.0,-0.583,1,21.0582,0.340,0.340,49,43,0,0.878,0.0,/home/pbermejo/GeneticImprovement/magpie/_magpie_logs/weka_1782123565_FOLD1.log,/home/pbermejo/GeneticImprovement/magpie/_magpie_logs/weka_1782216093_FOLD1-val_1782123565_LLMAlgorithm_qwen2.5-coder:7b.log
weka,LLMAlgorithm,50,100,Perf<Cycles>,4,llama3.1:8b,None,None,0,None,0,0,0,None,0.000,0.000,0,0,0,0.0,0.0,/home/pbermejo/GeneticImprovement/magpie/_magpie_logs/weka_1782123646_FOLD4.log,None
weka,LLMAlgorithm,50,100,Perf<Cycles>,1,llama3.1:8b,None,None,0,None,0,0,0,None,0.000,0.000,0,0,0,0.0,0.0,/home/pbermejo/GeneticImprovement/magpie/_magpie_logs/weka_1782123639_FOLD1.log,None
weka,LLMAlgorithm,50,100,Perf<Cycles>,4,qwen2.5-coder:7b,None,None,0,None,0,0,0,None,0.000,0.000,0,0,0,0.0,0.0,/home/pbermejo/GeneticImprovement/magpie/_magpie_logs/weka_1782123644_FOLD4.log,None
weka,LLMAlgorithm,50,100,Perf<Cycles>,3,llama3.1:8b,None,None,0,None,0,0,0,None,0.000,0.000,0,0,0,0.0,0.0,/home/pbermejo/GeneticImprovement/magpie/_magpie_logs/weka_1782123638_FOLD3.log,None
weka,LLMAlgorithm,50,100,Perf<Cycles>,2,llama3.1:8b,None,None,0,None,0,0,0,None,0.000,0.000,0,0,0,0.0,0.0,/home/pbermejo/GeneticImprovement/magpie/_magpie_logs/weka_1782123643_FOLD2.log,None
weka,LLMAlgorithm,50,100,Perf<Cycles>,5,llama3.1:8b,None,None,0,None,0,0,0,None,0.000,0.000,0,0,0,0.0,0.0,/home/pbermejo/GeneticImprovement/magpie/_magpie_logs/weka_1782123641_FOLD5.log,None
weka,LLMAlgorithm,50,100,Perf<Cycles>,3,qwen2.5-coder:7b,None,None,0,None,0,0,0,None,0.000,0.000,0,0,0,0.0,0.0,/home/pbermejo/GeneticImprovement/magpie/_magpie_logs/weka_1782123642_FOLD3.log,None
weka,LLMAlgorithm,50,100,Perf<Cycles>,2,qwen2.5-coder:7b,None,None,0,None,0,0,0,None,0.000,0.000,0,0,0,0.0,0.0,/home/pbermejo/GeneticImprovement/magpie/_magpie_logs/weka_1782123645_FOLD2.log,None
weka,LLMAlgorithm,50,100,Perf<Cycles>,5,qwen2.5-coder:7b,None,None,0,None,0,0,0,None,0.000,0.000,0,0,0,0.0,0.0,/home/pbermejo/GeneticImprovement/magpie/_magpie_logs/weka_1782123640_FOLD5.log,None
pngOptim,LLMAlgorithm,50,100,Perf<Cycles>,4,llama3.1:8b,245218227226.0,216302236040.0,-11.792,140248632646.0,127229999751.0,-9.283,1,38.661899999999996,0.370,0.420,49,21,0,0.429,0.0,/home/pbermejo/GeneticImprovement/magpie/_magpie_logs/pngOptim_1782123743_FOLD4.log,/home/pbermejo/GeneticImprovement/magpie/_magpie_logs/pngOptim_1782215395_FOLD4-val_1782123743_LLMAlgorithm_llama3.1:8b.log
weka,LLMAlgorithm,50,250,Perf<Cycles>,4,llama3.2:3b,None,None,0,None,0,0,0,None,0.000,0.000,0,0,0,0.0,0.0,/home/pbermejo/GeneticImprovement/magpie/_magpie_logs/weka_1782125123_FOLD4.log,None
weka,LLMAlgorithm,50,250,Perf<Cycles>,5,llama3.2:3b,None,None,0,None,0,0,0,None,0.000,0.000,0,0,0,0.0,0.0,/home/pbermejo/GeneticImprovement/magpie/_magpie_logs/weka_1782125124_FOLD5.log,None
pngOptim,LLMAlgorithm,50,100,Perf<Cycles>,4,qwen2.5-coder:7b,245175936299.0,216163186809.0,-11.833,140111816401.0,126920695097.0,-9.415,1,47.349583333333335,0.380,0.520,49,49,0,1.0,0.0,/home/pbermejo/GeneticImprovement/magpie/_magpie_logs/pngOptim_1782123603_FOLD4.log,/home/pbermejo/GeneticImprovement/magpie/_magpie_logs/pngOptim_1782215659_FOLD4-val_1782123603_LLMAlgorithm_qwen2.5-coder:7b.log
pngOptim,LLMAlgorithm,50,100,Perf<Cycles>,4,llama3.2:3b,245301148964.0,216717275020.0,-11.653,140081516376.0,127089092239.0,-9.275,1,58.29638333333333,0.470,0.520,49,0,49,0.0,1.0,/home/pbermejo/GeneticImprovement/magpie/_magpie_logs/pngOptim_1782123081_FOLD4.log,/home/pbermejo/GeneticImprovement/magpie/_magpie_logs/pngOptim_1782215512_FOLD4-val_1782123081_LLMAlgorithm_llama3.2:3b.log
pngOptim,LLMAlgorithm,50,100,Perf<Cycles>,5,llama3.1:8b,244228958473.0,215161286527.0,-11.902,141119855519.0,127689525295.0,-9.517,2,45.48111666666667,0.440,0.530,49,15,0,0.306,0.0,/home/pbermejo/GeneticImprovement/magpie/_magpie_logs/pngOptim_1782123902_FOLD5.log,/home/pbermejo/GeneticImprovement/magpie/_magpie_logs/pngOptim_1782215415_FOLD5-val_1782123902_LLMAlgorithm_llama3.1:8b.log
pngOptim,LLMAlgorithm,50,100,Perf<Cycles>,5,llama3.2:3b,243989151707.0,215295023153.0,-11.76,141216939378.0,129319513368.0,-8.425,1,57.67266666666667,0.470,0.520,49,0,49,0.0,1.0,/home/pbermejo/GeneticImprovement/magpie/_magpie_logs/pngOptim_1782123251_FOLD5.log,/home/pbermejo/GeneticImprovement/magpie/_magpie_logs/pngOptim_1782215575_FOLD5-val_1782123251_LLMAlgorithm_llama3.2:3b.log
weka,LLMAlgorithm,50,250,Perf<Cycles>,1,llama3.2:3b,93696526154.0,92599541808.0,-1.171,30795884695.0,30795543002.0,-0.001,1,49.705733333333335,0.328,0.328,196,7,108,0.036,0.551,/home/pbermejo/GeneticImprovement/magpie/_magpie_logs/weka_1782124674_FOLD1.log,/home/pbermejo/GeneticImprovement/magpie/_magpie_logs/weka_1782216033_FOLD1-val_1782124674_LLMAlgorithm_llama3.2:3b.log
weka,LLMAlgorithm,50,250,Perf<Cycles>,3,llama3.2:3b,92152917089.0,91733186564.0,-0.455,32462240552.0,33018821710.0,1.715,1,47.16688333333333,0.308,0.308,196,0,196,0.0,1.0,/home/pbermejo/GeneticImprovement/magpie/_magpie_logs/weka_1782124942_FOLD3.log,/home/pbermejo/GeneticImprovement/magpie/_magpie_logs/weka_1782216072_FOLD3-val_1782124942_LLMAlgorithm_llama3.2:3b.log
weka,LLMAlgorithm,50,250,Perf<Cycles>,2,llama3.2:3b,101392537445.0,100547864120.0,-0.833,23703044622.0,23544464215.0,-0.669,1,51.04825,0.312,0.312,196,1,195,0.005,0.995,/home/pbermejo/GeneticImprovement/magpie/_magpie_logs/weka_1782124865_FOLD2.log,/home/pbermejo/GeneticImprovement/magpie/_magpie_logs/weka_1782216056_FOLD2-val_1782124865_LLMAlgorithm_llama3.2:3b.log
pngOptim,LLMAlgorithm,50,100,Perf<Cycles>,1,llama3.2:3b,373255354246.0,349446494132.0,-6.379,13969259319.0,11809154435.0,-15.463,1,89.67275,0.470,0.520,49,0,49,0.0,1.0,/home/pbermejo/GeneticImprovement/magpie/_magpie_logs/pngOptim_1782122448_FOLD1.log,/home/pbermejo/GeneticImprovement/magpie/_magpie_logs/pngOptim_1782215430_FOLD1-val_1782122448_LLMAlgorithm_llama3.2:3b.log
pngOptim,LLMAlgorithm,50,100,Perf<Cycles>,3,llama3.2:3b,383119780834.0,341358832537.0,-10.9,2205158666.0,1843835036.0,-16.385,1,89.82108333333333,0.470,0.520,49,0,49,0.0,1.0,/home/pbermejo/GeneticImprovement/magpie/_magpie_logs/pngOptim_1782122463_FOLD3.log,/home/pbermejo/GeneticImprovement/magpie/_magpie_logs/pngOptim_1782215491_FOLD3-val_1782122463_LLMAlgorithm_llama3.2:3b.log
minisat_hack,LLMAlgorithm,50,100,Perf<Cycles>,5,llama3.1:8b,13536806978.0,7758879212.0,-42.683,None,0,0,3,69.15383333333332,0.490,0.590,49,0,0,0.0,0.0,/home/pbermejo/GeneticImprovement/magpie/_magpie_logs/minisat_hack_1782123638_FOLD5.log,/home/pbermejo/GeneticImprovement/magpie/_magpie_logs/minisat_hack_1782215571_FOLD5-val_1782123638_LLMAlgorithm_llama3.1:8b.log
sat4j,LLMAlgorithm,50,100,Perf<Cycles>,4,qwen2.5-coder:7b,79453987194.0,77547115337.0,-2.4,5982245289.0,5864410592.0,-1.97,1,57.18228333333333,0.170,0.210,49,0,2,0.0,0.041,/home/pbermejo/GeneticImprovement/magpie/_magpie_logs/sat4j_1782123640_FOLD4.log,/home/pbermejo/GeneticImprovement/magpie/_magpie_logs/sat4j_1782215981_FOLD4-val_1782123640_LLMAlgorithm_qwen2.5-coder:7b.log
pngOptim,LLMAlgorithm,50,100,Perf<Cycles>,3,llama3.1:8b,383184842723.0,341254251695.0,-10.943,2207257838.0,1831826681.0,-17.009,1,82.37763333333334,0.430,0.490,49,45,0,0.918,0.0,/home/pbermejo/GeneticImprovement/magpie/_magpie_logs/pngOptim_1782123719_FOLD3.log,/home/pbermejo/GeneticImprovement/magpie/_magpie_logs/pngOptim_1782215393_FOLD3-val_1782123719_LLMAlgorithm_llama3.1:8b.log
sat4j,LLMAlgorithm,50,100,Perf<Cycles>,1,llama3.1:8b,78198898354.0,74664715317.0,-4.519,8177270618.0,8196086377.0,0.23,1,65.90653333333333,0.300,0.330,49,15,0,0.306,0.0,/home/pbermejo/GeneticImprovement/magpie/_magpie_logs/sat4j_1782123646_FOLD1.log,/home/pbermejo/GeneticImprovement/magpie/_magpie_logs/sat4j_1782215730_FOLD1-val_1782123646_LLMAlgorithm_llama3.1:8b.log
minisat_hack,LLMAlgorithm,50,100,Perf<Cycles>,1,llama3.1:8b,49641495030.0,41261641606.0,-16.881,297041282.0,302625709.0,1.88,1,82.50883333333333,0.330,0.440,49,49,0,1.0,0.0,/home/pbermejo/GeneticImprovement/magpie/_magpie_logs/minisat_hack_1782123641_FOLD1.log,/home/pbermejo/GeneticImprovement/magpie/_magpie_logs/minisat_hack_1782215315_FOLD1-val_1782123641_LLMAlgorithm_llama3.1:8b.log
minisat_hack,LLMAlgorithm,50,100,Perf<Cycles>,2,llama3.1:8b,48387036603.0,10716036659.0,-77.853,1257391008.0,1242498347.0,-1.184,2,83.04713333333333,0.400,0.500,49,0,0,0.0,0.0,/home/pbermejo/GeneticImprovement/magpie/_magpie_logs/minisat_hack_1782123640_FOLD2.log,/home/pbermejo/GeneticImprovement/magpie/_magpie_logs/minisat_hack_1782215320_FOLD2-val_1782123640_LLMAlgorithm_llama3.1:8b.log
minisat_hack,LLMAlgorithm,50,100,Perf<Cycles>,3,llama3.1:8b,38142948434.0,7450133324.0,-80.468,11847169759.0,3036561322.0,-74.369,3,83.681,0.450,0.540,49,0,0,0.0,0.0,/home/pbermejo/GeneticImprovement/magpie/_magpie_logs/minisat_hack_1782123639_FOLD3.log,/home/pbermejo/GeneticImprovement/magpie/_magpie_logs/minisat_hack_1782215318_FOLD3-val_1782123639_LLMAlgorithm_llama3.1:8b.log
minisat_hack,LLMAlgorithm,50,100,Perf<Cycles>,4,llama3.1:8b,49359949779.0,11686389969.0,-76.324,287730007.0,285953012.0,-0.618,1,84.56566666666666,0.340,0.430,49,48,0,0.98,0.0,/home/pbermejo/GeneticImprovement/magpie/_magpie_logs/minisat_hack_1782123642_FOLD4.log,/home/pbermejo/GeneticImprovement/magpie/_magpie_logs/minisat_hack_1782215319_FOLD4-val_1782123642_LLMAlgorithm_llama3.1:8b.log
sat4j,LLMAlgorithm,50,100,Perf<Cycles>,3,qwen2.5-coder:7b,66088698228.0,61704847922.0,-6.633,20775551016.0,18832386564.0,-9.353,2,69.0063,0.230,0.280,49,4,10,0.082,0.204,/home/pbermejo/GeneticImprovement/magpie/_magpie_logs/sat4j_1782123639_FOLD3.log,/home/pbermejo/GeneticImprovement/magpie/_magpie_logs/sat4j_1782215959_FOLD3-val_1782123639_LLMAlgorithm_qwen2.5-coder:7b.log
sat4j,LLMAlgorithm,50,100,Perf<Cycles>,5,qwen2.5-coder:7b,43255143969.0,41747165686.0,-3.486,41113533226.0,44072602950.0,7.197,2,71.7349,0.250,0.310,49,0,0,0.0,0.0,/home/pbermejo/GeneticImprovement/magpie/_magpie_logs/sat4j_1782123642_FOLD5.log,/home/pbermejo/GeneticImprovement/magpie/_magpie_logs/sat4j_1782216003_FOLD5-val_1782123642_LLMAlgorithm_qwen2.5-coder:7b.log
weka,LLMAlgorithm,50,250,Perf<Cycles>,3,qwen2.5-coder:7b,93793781083.0,91605998900.0,-2.333,31838729784.0,31880235062.0,0.13,1,46.54253333333334,0.300,0.300,196,74,41,0.378,0.209,/home/pbermejo/GeneticImprovement/magpie/_magpie_logs/weka_1782126957_FOLD3.log,/home/pbermejo/GeneticImprovement/magpie/_magpie_logs/weka_1782216116_FOLD3-val_1782126957_LLMAlgorithm_qwen2.5-coder:7b.log
sat4j,LLMAlgorithm,50,100,Perf<Cycles>,4,llama3.1:8b,82147995396.0,76895586070.0,-6.394,5765231641.0,5751698881.0,-0.235,1,76.39484999999999,0.330,0.380,49,0,0,0.0,0.0,/home/pbermejo/GeneticImprovement/magpie/_magpie_logs/sat4j_1782123644_FOLD4.log,/home/pbermejo/GeneticImprovement/magpie/_magpie_logs/sat4j_1782215783_FOLD4-val_1782123644_LLMAlgorithm_llama3.1:8b.log
weka,LLMAlgorithm,50,250,Perf<Cycles>,1,qwen2.5-coder:7b,93898752710.0,93049257926.0,-0.905,30865309395.0,32123960717.0,4.078,1,50.27251666666667,0.264,0.268,196,106,0,0.541,0.0,/home/pbermejo/GeneticImprovement/magpie/_magpie_logs/weka_1782126826_FOLD1.log,/home/pbermejo/GeneticImprovement/magpie/_magpie_logs/weka_1782216098_FOLD1-val_1782126826_LLMAlgorithm_qwen2.5-coder:7b.log
pngOptim,LLMAlgorithm,50,100,Perf<Cycles>,1,llama3.1:8b,371377013787.0,330962174603.0,-10.882,13984993248.0,11800903839.0,-15.617,1,70.58983333333335,0.260,0.300,49,12,0,0.245,0.0,/home/pbermejo/GeneticImprovement/magpie/_magpie_logs/pngOptim_1782123644_FOLD1.log,/home/pbermejo/GeneticImprovement/magpie/_magpie_logs/pngOptim_1782215382_FOLD1-val_1782123644_LLMAlgorithm_llama3.1:8b.log
weka,LLMAlgorithm,50,250,Perf<Cycles>,1,llama3.1:8b,None,None,0,None,0,0,0,None,0.000,0.000,0,0,0,0.0,0.0,/home/pbermejo/GeneticImprovement/magpie/_magpie_logs/weka_1782129793_FOLD1.log,None
pngOptim,LLMAlgorithm,50,100,Perf<Cycles>,2,llama3.1:8b,297468523699.0,None,0,None,0,0,0,None,0.465,0.523,49,8,0,0.163,0.0,/home/pbermejo/GeneticImprovement/magpie/_magpie_logs/pngOptim_1782123645_FOLD2.log,None
pngOptim,LLMAlgorithm,50,250,Perf<Cycles>,4,qwen2.5-coder:7b,246326745452.0,224969580202.0,-8.67,140140870204.0,128111323204.0,-8.584,1,213.88485,0.424,0.512,196,128,2,0.653,0.01,/home/pbermejo/GeneticImprovement/magpie/_magpie_logs/pngOptim_1782129407_FOLD4.log,/home/pbermejo/GeneticImprovement/magpie/_magpie_logs/pngOptim_1782215668_FOLD4-val_1782129407_LLMAlgorithm_qwen2.5-coder:7b.log
pngOptim,LLMAlgorithm,50,100,Perf<Cycles>,5,qwen2.5-coder:7b,244289453785.0,215341344939.0,-11.85,141136977529.0,127864235699.0,-9.404,1,74.92648333333334,0.380,0.460,49,48,0,0.98,0.0,/home/pbermejo/GeneticImprovement/magpie/_magpie_logs/pngOptim_1782123639_FOLD5.log,/home/pbermejo/GeneticImprovement/magpie/_magpie_logs/pngOptim_1782215709_FOLD5-val_1782123639_LLMAlgorithm_qwen2.5-coder:7b.log
pngOptim,LLMAlgorithm,50,250,Perf<Cycles>,5,qwen2.5-coder:7b,244183720662.0,196960380240.0,-19.339,141097778644.0,119439381878.0,-15.35,2,183.90426666666664,0.372,0.460,196,137,4,0.699,0.02,/home/pbermejo/GeneticImprovement/magpie/_magpie_logs/pngOptim_1782129508_FOLD5.log,/home/pbermejo/GeneticImprovement/magpie/_magpie_logs/pngOptim_1782215715_FOLD5-val_1782129508_LLMAlgorithm_qwen2.5-coder:7b.log
weka,LLMAlgorithm,50,250,Perf<Cycles>,2,qwen2.5-coder:7b,102302422203.0,100128781144.0,-2.125,22913652141.0,23657076190.0,3.244,1,53.69801666666667,0.304,0.304,196,118,4,0.602,0.02,/home/pbermejo/GeneticImprovement/magpie/_magpie_logs/weka_1782126879_FOLD2.log,/home/pbermejo/GeneticImprovement/magpie/_magpie_logs/weka_1782216099_FOLD2-val_1782126879_LLMAlgorithm_qwen2.5-coder:7b.log
weka,LLMAlgorithm,50,250,Perf<Cycles>,4,llama3.1:8b,None,None,0,None,0,0,0,None,0.000,0.000,0,0,0,0.0,0.0,/home/pbermejo/GeneticImprovement/magpie/_magpie_logs/weka_1782130066_FOLD4.log,None
sat4j,LLMAlgorithm,50,100,Perf<Cycles>,3,llama3.1:8b,65390176573.0,62663406621.0,-4.17,19836019144.0,20292250150.0,2.3,3,88.52778333333335,0.410,0.430,49,0,0,0.0,0.0,/home/pbermejo/GeneticImprovement/magpie/_magpie_logs/sat4j_1782123643_FOLD3.log,/home/pbermejo/GeneticImprovement/magpie/_magpie_logs/sat4j_1782215775_FOLD3-val_1782123643_LLMAlgorithm_llama3.1:8b.log
minisat_hack,LLMAlgorithm,50,250,Perf<Cycles>,3,llama3.1:8b,38261204290.0,8805272895.0,-76.986,11668712692.0,3144686670.0,-73.05,1,209.60448333333335,0.464,0.572,196,95,0,0.485,0.0,/home/pbermejo/GeneticImprovement/magpie/_magpie_logs/minisat_hack_1782129623_FOLD3.log,/home/pbermejo/GeneticImprovement/magpie/_magpie_logs/minisat_hack_1782215309_FOLD3-val_1782129623_LLMAlgorithm_llama3.1:8b.log
minisat_hack,LLMAlgorithm,50,250,Perf<Cycles>,4,llama3.1:8b,49415642533.0,29254143631.0,-40.8,None,0,0,3,162.80110000000002,0.488,0.604,196,34,0,0.173,0.0,/home/pbermejo/GeneticImprovement/magpie/_magpie_logs/minisat_hack_1782129622_FOLD4.log,/home/pbermejo/GeneticImprovement/magpie/_magpie_logs/minisat_hack_1782215564_FOLD4-val_1782129622_LLMAlgorithm_llama3.1:8b.log
minisat_hack,LLMAlgorithm,50,250,Perf<Cycles>,2,llama3.1:8b,48825165373.0,30016517694.0,-38.522,1245476286.0,779199033.0,-37.438,1,199.70626666666666,0.472,0.592,196,76,0,0.388,0.0,/home/pbermejo/GeneticImprovement/magpie/_magpie_logs/minisat_hack_1782129544_FOLD2.log,/home/pbermejo/GeneticImprovement/magpie/_magpie_logs/minisat_hack_1782215311_FOLD2-val_1782129544_LLMAlgorithm_llama3.1:8b.log
minisat_hack,LLMAlgorithm,50,250,Perf<Cycles>,1,llama3.1:8b,49563137707.0,11670783534.0,-76.453,291741859.0,290369065.0,-0.471,2,216.77446666666668,0.380,0.504,196,138,0,0.704,0.0,/home/pbermejo/GeneticImprovement/magpie/_magpie_logs/minisat_hack_1782129512_FOLD1.log,/home/pbermejo/GeneticImprovement/magpie/_magpie_logs/minisat_hack_1782215314_FOLD1-val_1782129512_LLMAlgorithm_llama3.1:8b.log
sat4j,LLMAlgorithm,50,250,Perf<Cycles>,3,qwen2.5-coder:7b,64931114606.0,61883612379.0,-4.693,19457174633.0,27062055983.0,39.085,2,39.93875,0.216,0.256,196,0,41,0.0,0.209,/home/pbermejo/GeneticImprovement/magpie/_magpie_logs/sat4j_1782128198_FOLD3.log,/home/pbermejo/GeneticImprovement/magpie/_magpie_logs/sat4j_1782215960_FOLD3-val_1782128198_LLMAlgorithm_qwen2.5-coder:7b.log
sat4j,LLMAlgorithm,50,250,Perf<Cycles>,4,llama3.2:3b,79533685895.0,77781845335.0,-2.203,6065742543.0,6021654514.0,-0.727,1,197.21348333333333,0.264,0.308,196,16,180,0.082,0.918,/home/pbermejo/GeneticImprovement/magpie/_magpie_logs/sat4j_1782125124_FOLD4.log,/home/pbermejo/GeneticImprovement/magpie/_magpie_logs/sat4j_1782215909_FOLD4-val_1782125124_LLMAlgorithm_llama3.2:3b.log
sat4j,LLMAlgorithm,50,100,Perf<Cycles>,5,llama3.1:8b,43613598587.0,41406401112.0,-5.061,42139320174.0,41143066428.0,-2.364,2,94.67715,0.470,0.510,49,0,0,0.0,0.0,/home/pbermejo/GeneticImprovement/magpie/_magpie_logs/sat4j_1782123647_FOLD5.log,/home/pbermejo/GeneticImprovement/magpie/_magpie_logs/sat4j_1782215824_FOLD5-val_1782123647_LLMAlgorithm_llama3.1:8b.log
sat4j,LLMAlgorithm,50,250,Perf<Cycles>,5,qwen2.5-coder:7b,44698488547.0,41287395130.0,-7.631,43736084608.0,41339061277.0,-5.481,3,197.05458333333334,0.264,0.304,196,13,29,0.066,0.148,/home/pbermejo/GeneticImprovement/magpie/_magpie_logs/sat4j_1782128648_FOLD5.log,/home/pbermejo/GeneticImprovement/magpie/_magpie_logs/sat4j_1782216005_FOLD5-val_1782128648_LLMAlgorithm_qwen2.5-coder:7b.log
sat4j,LLMAlgorithm,50,250,Perf<Cycles>,5,llama3.2:3b,43066511053.0,None,0,None,0,0,0,189.64311666666666,0.284,0.320,196,49,98,0.25,0.5,/home/pbermejo/GeneticImprovement/magpie/_magpie_logs/sat4j_1782125127_FOLD5.log,None
pngOptim,LLMAlgorithm,50,250,Perf<Cycles>,1,qwen2.5-coder:7b,372181995613.0,15838074387.0,-95.745,13971606756.0,903483876.0,-93.533,1,204.58198333333334,0.340,0.456,196,102,22,0.52,0.112,/home/pbermejo/GeneticImprovement/magpie/_magpie_logs/pngOptim_1782128911_FOLD1.log,/home/pbermejo/GeneticImprovement/magpie/_magpie_logs/pngOptim_1782215595_FOLD1-val_1782128911_LLMAlgorithm_qwen2.5-coder:7b.log
pngOptim,LLMAlgorithm,50,100,Perf<Cycles>,3,qwen2.5-coder:7b,382941804646.0,341167382050.0,-10.909,2205478305.0,1831385734.0,-16.962,1,109.73361666666666,0.420,0.510,49,46,0,0.939,0.0,/home/pbermejo/GeneticImprovement/magpie/_magpie_logs/pngOptim_1782123638_FOLD3.log,/home/pbermejo/GeneticImprovement/magpie/_magpie_logs/pngOptim_1782215626_FOLD3-val_1782123638_LLMAlgorithm_qwen2.5-coder:7b.log
sat4j,LLMAlgorithm,50,100,Perf<Cycles>,2,llama3.1:8b,77668781152.0,74974185868.0,-3.469,8059972794.0,8134619275.0,0.926,3,114.48001666666667,0.480,0.510,49,0,0,0.0,0.0,/home/pbermejo/GeneticImprovement/magpie/_magpie_logs/sat4j_1782123645_FOLD2.log,/home/pbermejo/GeneticImprovement/magpie/_magpie_logs/sat4j_1782215736_FOLD2-val_1782123645_LLMAlgorithm_llama3.1:8b.log
pngOptim,LLMAlgorithm,50,250,Perf<Cycles>,3,qwen2.5-coder:7b,383052022909.0,341170876079.0,-10.934,2206544430.0,1820541859.0,-17.494,1,181.87923333333336,0.392,0.480,196,172,0,0.878,0.0,/home/pbermejo/GeneticImprovement/magpie/_magpie_logs/pngOptim_1782129142_FOLD3.log,/home/pbermejo/GeneticImprovement/magpie/_magpie_logs/pngOptim_1782215636_FOLD3-val_1782129142_LLMAlgorithm_qwen2.5-coder:7b.log
pngOptim,LLMAlgorithm,50,250,Perf<Cycles>,3,llama3.2:3b,383114632660.0,335247423121.0,-12.494,2210439498.0,1608001835.0,-27.254,1,194.41818333333333,0.412,0.500,196,49,147,0.25,0.75,/home/pbermejo/GeneticImprovement/magpie/_magpie_logs/pngOptim_1782126313_FOLD3.log,/home/pbermejo/GeneticImprovement/magpie/_magpie_logs/pngOptim_1782215508_FOLD3-val_1782126313_LLMAlgorithm_llama3.2:3b.log
sat4j,LLMAlgorithm,50,100,Perf<Cycles>,1,qwen2.5-coder:7b,79328441064.0,73267537560.0,-7.64,8269062423.0,9416263581.0,13.873,1,107.57686666666667,0.360,0.400,49,44,0,0.898,0.0,/home/pbermejo/GeneticImprovement/magpie/_magpie_logs/sat4j_1782123638_FOLD1.log,/home/pbermejo/GeneticImprovement/magpie/_magpie_logs/sat4j_1782215932_FOLD1-val_1782123638_LLMAlgorithm_qwen2.5-coder:7b.log
pngOptim,LLMAlgorithm,50,100,Perf<Cycles>,2,qwen2.5-coder:7b,297481733836.0,268401729901.0,-9.775,87968011999.0,74782729184.0,-14.989,2,86.71424999999999,0.380,0.450,49,31,2,0.633,0.041,/home/pbermejo/GeneticImprovement/magpie/_magpie_logs/pngOptim_1782123640_FOLD2.log,/home/pbermejo/GeneticImprovement/magpie/_magpie_logs/pngOptim_1782215608_FOLD2-val_1782123640_LLMAlgorithm_qwen2.5-coder:7b.log
sat4j,LLMAlgorithm,50,250,Perf<Cycles>,1,llama3.2:3b,77360574950.0,74805902156.0,-3.302,8180522527.0,8275313432.0,1.159,1,220.76786666666666,0.284,0.320,196,76,120,0.388,0.612,/home/pbermejo/GeneticImprovement/magpie/_magpie_logs/sat4j_1782125126_FOLD1.log,/home/pbermejo/GeneticImprovement/magpie/_magpie_logs/sat4j_1782215850_FOLD1-val_1782125126_LLMAlgorithm_llama3.2:3b.log
sat4j,LLMAlgorithm,50,250,Perf<Cycles>,2,llama3.2:3b,76775834723.0,74217156342.0,-3.333,8133984904.0,8237530104.0,1.273,1,191.19581666666667,0.260,0.308,196,0,196,0.0,1.0,/home/pbermejo/GeneticImprovement/magpie/_magpie_logs/sat4j_1782125125_FOLD2.log,/home/pbermejo/GeneticImprovement/magpie/_magpie_logs/sat4j_1782215865_FOLD2-val_1782125125_LLMAlgorithm_llama3.2:3b.log
pngOptim,LLMAlgorithm,50,250,Perf<Cycles>,2,qwen2.5-coder:7b,297271488521.0,112174723772.0,-62.265,87935626887.0,30246082693.0,-65.604,1,142.73613333333333,0.388,0.476,196,176,0,0.898,0.0,/home/pbermejo/GeneticImprovement/magpie/_magpie_logs/pngOptim_1782129043_FOLD2.log,/home/pbermejo/GeneticImprovement/magpie/_magpie_logs/pngOptim_1782215615_FOLD2-val_1782129043_LLMAlgorithm_qwen2.5-coder:7b.log
sat4j,LLMAlgorithm,50,250,Perf<Cycles>,5,llama3.1:8b,42191345347.0,41274884036.0,-2.172,42556703765.0,42554280125.0,-0.006,1,38.09760000000001,0.416,0.436,196,23,0,0.117,0.0,/home/pbermejo/GeneticImprovement/magpie/_magpie_logs/sat4j_1782130362_FOLD5.log,/home/pbermejo/GeneticImprovement/magpie/_magpie_logs/sat4j_1782215834_FOLD5-val_1782130362_LLMAlgorithm_llama3.1:8b.log
pngOptim,LLMAlgorithm,50,100,Perf<Cycles>,2,llama3.2:3b,297327533544.0,268335679139.0,-9.751,87984487450.0,74844088874.0,-14.935,1,102.911,0.470,0.520,49,0,49,0.0,1.0,/home/pbermejo/GeneticImprovement/magpie/_magpie_logs/pngOptim_1782122493_FOLD2.log,/home/pbermejo/GeneticImprovement/magpie/_magpie_logs/pngOptim_1782215462_FOLD2-val_1782122493_LLMAlgorithm_llama3.2:3b.log
pngOptim,LLMAlgorithm,50,250,Perf<Cycles>,4,llama3.2:3b,245283860925.0,11793845391.0,-95.192,140126776978.0,4761113198.0,-96.602,1,134.14461666666665,0.436,0.544,196,0,196,0.0,1.0,/home/pbermejo/GeneticImprovement/magpie/_magpie_logs/pngOptim_1782126340_FOLD4.log,/home/pbermejo/GeneticImprovement/magpie/_magpie_logs/pngOptim_1782215525_FOLD4-val_1782126340_LLMAlgorithm_llama3.2:3b.log
weka,LLMAlgorithm,50,100,Perf<Cycles>,4,llama3.2:3b,114100641241.0,112687685692.0,-1.238,16228372200.0,15931430642.0,-1.83,1,227.1081,0.320,0.320,49,0,49,0.0,1.0,/home/pbermejo/GeneticImprovement/magpie/_magpie_logs/weka_1782122441_FOLD4.log,/home/pbermejo/GeneticImprovement/magpie/_magpie_logs/weka_1782216081_FOLD4-val_1782122441_LLMAlgorithm_llama3.2:3b.log
weka,LLMAlgorithm,50,250,Perf<Cycles>,5,qwen2.5-coder:7b,102918767542.0,101134740781.0,-1.733,23126457304.0,23013648101.0,-0.488,1,57.1265,0.308,0.312,196,171,0,0.872,0.0,/home/pbermejo/GeneticImprovement/magpie/_magpie_logs/weka_1782127767_FOLD5.log,/home/pbermejo/GeneticImprovement/magpie/_magpie_logs/weka_1782216137_FOLD5-val_1782127767_LLMAlgorithm_qwen2.5-coder:7b.log
sat4j,LLMAlgorithm,50,100,Perf<Cycles>,2,qwen2.5-coder:7b,78502585799.0,75223380146.0,-4.177,8519601464.0,8169264423.0,-4.112,1,91.1357,0.300,0.360,49,20,29,0.408,0.592,/home/pbermejo/GeneticImprovement/magpie/_magpie_logs/sat4j_1782123641_FOLD2.log,/home/pbermejo/GeneticImprovement/magpie/_magpie_logs/sat4j_1782215953_FOLD2-val_1782123641_LLMAlgorithm_qwen2.5-coder:7b.log
pngOptim,LLMAlgorithm,50,100,Perf<Cycles>,1,qwen2.5-coder:7b,371385022281.0,331203903571.0,-10.819,13978486535.0,11816346856.0,-15.468,1,108.01688333333333,0.420,0.510,49,47,0,0.959,0.0,/home/pbermejo/GeneticImprovement/magpie/_magpie_logs/pngOptim_1782123641_FOLD1.log,/home/pbermejo/GeneticImprovement/magpie/_magpie_logs/pngOptim_1782215592_FOLD1-val_1782123641_LLMAlgorithm_qwen2.5-coder:7b.log
pngOptim,LLMAlgorithm,50,250,Perf<Cycles>,2,llama3.2:3b,297275933269.0,249017162494.0,-16.234,87887209887.0,66252464239.0,-24.616,1,259.87721666666664,0.496,0.560,196,51,98,0.26,0.5,/home/pbermejo/GeneticImprovement/magpie/_magpie_logs/pngOptim_1782125123_FOLD2.log,/home/pbermejo/GeneticImprovement/magpie/_magpie_logs/pngOptim_1782215467_FOLD2-val_1782125123_LLMAlgorithm_llama3.2:3b.log
sat4j,LLMAlgorithm,50,250,Perf<Cycles>,4,qwen2.5-coder:7b,79704208308.0,77021121216.0,-3.366,5919434457.0,5871999397.0,-0.801,1,48.63328333333333,0.260,0.272,196,77,2,0.393,0.01,/home/pbermejo/GeneticImprovement/magpie/_magpie_logs/sat4j_1782128229_FOLD4.log,/home/pbermejo/GeneticImprovement/magpie/_magpie_logs/sat4j_1782215992_FOLD4-val_1782128229_LLMAlgorithm_qwen2.5-coder:7b.log
sat4j,LLMAlgorithm,50,250,Perf<Cycles>,4,llama3.1:8b,79908440560.0,66751830916.0,-16.465,5848841445.0,5720425609.0,-2.196,3,42.27505,0.464,0.508,196,1,0,0.005,0.0,/home/pbermejo/GeneticImprovement/magpie/_magpie_logs/sat4j_1782130337_FOLD4.log,/home/pbermejo/GeneticImprovement/magpie/_magpie_logs/sat4j_1782215782_FOLD4-val_1782130337_LLMAlgorithm_llama3.1:8b.log
sat4j,LLMAlgorithm,50,250,Perf<Cycles>,1,qwen2.5-coder:7b,76615657718.0,72727688538.0,-5.075,8499214630.0,9109663471.0,7.182,3,55.248900000000006,0.332,0.364,196,0,2,0.0,0.01,/home/pbermejo/GeneticImprovement/magpie/_magpie_logs/sat4j_1782127884_FOLD1.log,/home/pbermejo/GeneticImprovement/magpie/_magpie_logs/sat4j_1782215936_FOLD1-val_1782127884_LLMAlgorithm_qwen2.5-coder:7b.log
weka,LLMAlgorithm,50,250,Perf<Cycles>,4,qwen2.5-coder:7b,109588861976.0,107552681648.0,-1.858,16061320453.0,15936162710.0,-0.779,2,55.37355,0.304,0.316,196,101,80,0.515,0.408,/home/pbermejo/GeneticImprovement/magpie/_magpie_logs/weka_1782127474_FOLD4.log,/home/pbermejo/GeneticImprovement/magpie/_magpie_logs/weka_1782216126_FOLD4-val_1782127474_LLMAlgorithm_qwen2.5-coder:7b.log
weka,LLMAlgorithm,50,250,Perf<Cycles>,3,llama3.1:8b,93241215984.0,92023321324.0,-1.306,32431896917.0,32751184284.0,0.984,1,30.438233333333336,0.344,0.344,196,60,0,0.306,0.0,/home/pbermejo/GeneticImprovement/magpie/_magpie_logs/weka_1782129862_FOLD3.log,/home/pbermejo/GeneticImprovement/magpie/_magpie_logs/weka_1782216012_FOLD3-val_1782129862_LLMAlgorithm_llama3.1:8b.log
pngOptim,LLMAlgorithm,50,250,Perf<Cycles>,2,llama3.1:8b,298831785598.0,281583049780.0,-5.772,87972388531.0,74827595448.0,-14.942,1,129.23988333333332,0.340,0.456,196,121,0,0.617,0.0,/home/pbermejo/GeneticImprovement/magpie/_magpie_logs/pngOptim_1782130691_FOLD2.log,/home/pbermejo/GeneticImprovement/magpie/_magpie_logs/pngOptim_1782215388_FOLD2-val_1782130691_LLMAlgorithm_llama3.1:8b.log
pngOptim,LLMAlgorithm,50,250,Perf<Cycles>,1,llama3.2:3b,371123372939.0,326383205467.0,-12.055,13971250256.0,9479007004.0,-32.153,1,295.5629166666667,0.476,0.548,196,19,98,0.097,0.5,/home/pbermejo/GeneticImprovement/magpie/_magpie_logs/pngOptim_1782125124_FOLD1.log,/home/pbermejo/GeneticImprovement/magpie/_magpie_logs/pngOptim_1782215436_FOLD1-val_1782125124_LLMAlgorithm_llama3.2:3b.log
sat4j,LLMAlgorithm,50,250,Perf<Cycles>,3,llama3.2:3b,64836833168.0,63788355452.0,-1.617,19751370463.0,19725992939.0,-0.128,1,170.04371666666665,0.220,0.280,196,21,98,0.107,0.5,/home/pbermejo/GeneticImprovement/magpie/_magpie_logs/sat4j_1782125123_FOLD3.log,/home/pbermejo/GeneticImprovement/magpie/_magpie_logs/sat4j_1782215898_FOLD3-val_1782125123_LLMAlgorithm_llama3.2:3b.log
pngOptim,LLMAlgorithm,50,250,Perf<Cycles>,5,llama3.2:3b,244205925002.0,11607239042.0,-95.247,141250234319.0,5093667643.0,-96.394,1,207.20093333333335,0.428,0.532,196,0,147,0.0,0.75,/home/pbermejo/GeneticImprovement/magpie/_magpie_logs/pngOptim_1782126612_FOLD5.log,/home/pbermejo/GeneticImprovement/magpie/_magpie_logs/pngOptim_1782215584_FOLD5-val_1782126612_LLMAlgorithm_llama3.2:3b.log
weka,LLMAlgorithm,50,250,Perf<Cycles>,5,llama3.1:8b,103323461750.0,101161761453.0,-2.092,23118881572.0,23419917891.0,1.302,1,54.39386666666667,0.464,0.468,196,45,0,0.23,0.0,/home/pbermejo/GeneticImprovement/magpie/_magpie_logs/weka_1782129956_FOLD5.log,/home/pbermejo/GeneticImprovement/magpie/_magpie_logs/weka_1782216022_FOLD5-val_1782129956_LLMAlgorithm_llama3.1:8b.log
sat4j,LLMAlgorithm,50,250,Perf<Cycles>,2,qwen2.5-coder:7b,76145097474.0,71201895044.0,-6.492,8421124290.0,9590510024.0,13.886,1,55.256499999999996,0.368,0.400,196,47,39,0.24,0.199,/home/pbermejo/GeneticImprovement/magpie/_magpie_logs/sat4j_1782128104_FOLD2.log,/home/pbermejo/GeneticImprovement/magpie/_magpie_logs/sat4j_1782215958_FOLD2-val_1782128104_LLMAlgorithm_qwen2.5-coder:7b.log
minisat_hack,LLMAlgorithm,50,250,Perf<Cycles>,5,llama3.1:8b,13501476572.0,936900775.0,-93.061,None,0,0,2,24.51375,0.376,0.472,196,76,0,0.388,0.0,/home/pbermejo/GeneticImprovement/magpie/_magpie_logs/minisat_hack_1782129582_FOLD5.log,/home/pbermejo/GeneticImprovement/magpie/_magpie_logs/minisat_hack_1782215579_FOLD5-val_1782129582_LLMAlgorithm_llama3.1:8b.log
weka,LLMAlgorithm,50,250,Perf<Cycles>,2,llama3.1:8b,102230019092.0,99698286636.0,-2.477,23530391643.0,24109678491.0,2.462,1,50.8638,0.340,0.344,196,158,0,0.806,0.0,/home/pbermejo/GeneticImprovement/magpie/_magpie_logs/weka_1782129679_FOLD2.log,/home/pbermejo/GeneticImprovement/magpie/_magpie_logs/weka_1782216009_FOLD2-val_1782129679_LLMAlgorithm_llama3.1:8b.log
weka,LLMAlgorithm,50,500,Perf<Cycles>,4,llama3.2:3b,None,None,0,None,0,0,0,None,0.000,0.000,0,0,0,0.0,0.0,/home/pbermejo/GeneticImprovement/magpie/_magpie_logs/weka_1782131701_FOLD4.log,None
weka,LLMAlgorithm,50,500,Perf<Cycles>,5,llama3.2:3b,None,None,0,None,0,0,0,None,0.000,0.000,0,0,0,0.0,0.0,/home/pbermejo/GeneticImprovement/magpie/_magpie_logs/weka_1782131951_FOLD5.log,None
pngOptim,LLMAlgorithm,50,250,Perf<Cycles>,5,llama3.1:8b,244211851837.0,None,0,None,0,0,0,None,0.402,0.485,49,16,0,0.327,0.0,/home/pbermejo/GeneticImprovement/magpie/_magpie_logs/pngOptim_1782130926_FOLD5.log,None
weka,LLMAlgorithm,50,500,Perf<Cycles>,1,llama3.2:3b,93189683980.0,91732750415.0,-1.563,30742672486.0,30921035374.0,0.58,1,91.06661666666668,0.310,0.322,441,49,392,0.111,0.889,/home/pbermejo/GeneticImprovement/magpie/_magpie_logs/weka_1782131307_FOLD1.log,/home/pbermejo/GeneticImprovement/magpie/_magpie_logs/weka_1782216037_FOLD1-val_1782131307_LLMAlgorithm_llama3.2:3b.log
sat4j,LLMAlgorithm,50,500,Perf<Cycles>,1,llama3.2:3b,77256044253.0,29243729898.0,-62.147,8201839425.0,8265102038.0,0.771,1,93.7338,0.322,0.372,441,13,294,0.029,0.667,/home/pbermejo/GeneticImprovement/magpie/_magpie_logs/sat4j_1782131858_FOLD1.log,/home/pbermejo/GeneticImprovement/magpie/_magpie_logs/sat4j_1782215857_FOLD1-val_1782131858_LLMAlgorithm_llama3.2:3b.log
weka,LLMAlgorithm,50,500,Perf<Cycles>,3,llama3.2:3b,93323346592.0,90324680335.0,-3.213,32894989844.0,33305925254.0,1.249,1,100.60613333333335,0.314,0.326,441,115,245,0.261,0.556,/home/pbermejo/GeneticImprovement/magpie/_magpie_logs/weka_1782131529_FOLD3.log,/home/pbermejo/GeneticImprovement/magpie/_magpie_logs/weka_1782216078_FOLD3-val_1782131529_LLMAlgorithm_llama3.2:3b.log
sat4j,LLMAlgorithm,50,500,Perf<Cycles>,5,llama3.2:3b,43949769855.0,40720360965.0,-7.348,43978489941.0,43607158930.0,-0.844,1,81.45285,0.310,0.362,441,218,186,0.494,0.422,/home/pbermejo/GeneticImprovement/magpie/_magpie_logs/sat4j_1782132783_FOLD5.log,/home/pbermejo/GeneticImprovement/magpie/_magpie_logs/sat4j_1782215918_FOLD5-val_1782132783_LLMAlgorithm_llama3.2:3b.log
weka,LLMAlgorithm,50,500,Perf<Cycles>,2,llama3.2:3b,102136849141.0,97889438911.0,-4.159,23378800499.0,23340691249.0,-0.163,1,106.01081666666667,0.312,0.324,441,49,392,0.111,0.889,/home/pbermejo/GeneticImprovement/magpie/_magpie_logs/weka_1782131315_FOLD2.log,/home/pbermejo/GeneticImprovement/magpie/_magpie_logs/weka_1782216069_FOLD2-val_1782131315_LLMAlgorithm_llama3.2:3b.log
sat4j,LLMAlgorithm,50,500,Perf<Cycles>,5,qwen2.5-coder:7b,42502692554.0,41329991260.0,-2.759,43461822464.0,42930318888.0,-1.223,3,73.99056666666667,0.244,0.276,441,71,16,0.161,0.036,/home/pbermejo/GeneticImprovement/magpie/_magpie_logs/sat4j_1782138562_FOLD5.log,/home/pbermejo/GeneticImprovement/magpie/_magpie_logs/sat4j_1782216006_FOLD5-val_1782138562_LLMAlgorithm_qwen2.5-coder:7b.log
weka,LLMAlgorithm,50,500,Perf<Cycles>,1,llama3.1:8b,None,None,0,None,0,0,0,None,0.000,0.000,0,0,0,0.0,0.0,/home/pbermejo/GeneticImprovement/magpie/_magpie_logs/weka_1782142321_FOLD1.log,None
weka,LLMAlgorithm,50,500,Perf<Cycles>,4,qwen2.5-coder:7b,108594012211.0,107499546170.0,-1.008,15986937831.0,16053600626.0,0.417,2,96.83488333333334,0.262,0.280,441,22,51,0.05,0.116,/home/pbermejo/GeneticImprovement/magpie/_magpie_logs/weka_1782137795_FOLD4.log,/home/pbermejo/GeneticImprovement/magpie/_magpie_logs/weka_1782216129_FOLD4-val_1782137795_LLMAlgorithm_qwen2.5-coder:7b.log
weka,LLMAlgorithm,50,500,Perf<Cycles>,5,qwen2.5-coder:7b,102099507238.0,100392654441.0,-1.672,22945631411.0,23120953353.0,0.764,1,100.80191666666666,0.258,0.264,441,250,2,0.567,0.005,/home/pbermejo/GeneticImprovement/magpie/_magpie_logs/weka_1782137906_FOLD5.log,/home/pbermejo/GeneticImprovement/magpie/_magpie_logs/weka_1782216140_FOLD5-val_1782137906_LLMAlgorithm_qwen2.5-coder:7b.log
sat4j,LLMAlgorithm,50,500,Perf<Cycles>,3,qwen2.5-coder:7b,63053390521.0,62796844015.0,-0.407,19479685729.0,20400771722.0,4.728,1,93.90408333333333,0.268,0.320,441,12,121,0.027,0.274,/home/pbermejo/GeneticImprovement/magpie/_magpie_logs/sat4j_1782138400_FOLD3.log,/home/pbermejo/GeneticImprovement/magpie/_magpie_logs/sat4j_1782215962_FOLD3-val_1782138400_LLMAlgorithm_qwen2.5-coder:7b.log
weka,LLMAlgorithm,50,500,Perf<Cycles>,3,qwen2.5-coder:7b,92151804376.0,None,0,None,0,0,0,105.01553333333332,0.292,0.298,441,199,31,0.451,0.07,/home/pbermejo/GeneticImprovement/magpie/_magpie_logs/weka_1782137743_FOLD3.log,None
weka,LLMAlgorithm,50,500,Perf<Cycles>,4,llama3.1:8b,None,None,0,None,0,0,0,None,0.000,0.000,0,0,0,0.0,0.0,/home/pbermejo/GeneticImprovement/magpie/_magpie_logs/weka_1782142912_FOLD4.log,None
weka,LLMAlgorithm,50,500,Perf<Cycles>,3,llama3.1:8b,None,None,0,None,0,0,0,None,0.000,0.000,0,0,0,0.0,0.0,/home/pbermejo/GeneticImprovement/magpie/_magpie_logs/weka_1782142843_FOLD3.log,None
weka,LLMAlgorithm,50,500,Perf<Cycles>,2,llama3.1:8b,None,None,0,None,0,0,0,None,0.000,0.000,0,0,0,0.0,0.0,/home/pbermejo/GeneticImprovement/magpie/_magpie_logs/weka_1782142769_FOLD2.log,None
weka,LLMAlgorithm,50,500,Perf<Cycles>,2,qwen2.5-coder:7b,100966594509.0,100118186757.0,-0.84,23581220616.0,23411670224.0,-0.719,1,117.1563,0.350,0.354,441,123,80,0.279,0.181,/home/pbermejo/GeneticImprovement/magpie/_magpie_logs/weka_1782137677_FOLD2.log,/home/pbermejo/GeneticImprovement/magpie/_magpie_logs/weka_1782216102_FOLD2-val_1782137677_LLMAlgorithm_qwen2.5-coder:7b.log
weka,LLMAlgorithm,50,500,Perf<Cycles>,1,qwen2.5-coder:7b,93976920977.0,92387348481.0,-1.691,30556492965.0,31105352821.0,1.796,1,120.63176666666666,0.370,0.376,441,176,94,0.399,0.213,/home/pbermejo/GeneticImprovement/magpie/_magpie_logs/weka_1782137618_FOLD1.log,/home/pbermejo/GeneticImprovement/magpie/_magpie_logs/weka_1782216096_FOLD1-val_1782137618_LLMAlgorithm_qwen2.5-coder:7b.log
pngOptim,LLMAlgorithm,50,250,Perf<Cycles>,4,llama3.1:8b,245221303472.0,196911461449.0,-19.701,140140526194.0,120875984480.0,-13.747,2,194.47211666666666,0.448,0.524,196,144,0,0.735,0.0,/home/pbermejo/GeneticImprovement/magpie/_magpie_logs/pngOptim_1782130967_FOLD4.log,/home/pbermejo/GeneticImprovement/magpie/_magpie_logs/pngOptim_1782215408_FOLD4-val_1782130967_LLMAlgorithm_llama3.1:8b.log
sat4j,LLMAlgorithm,50,250,Perf<Cycles>,1,llama3.1:8b,76933503618.0,75599957443.0,-1.733,8260364974.0,7993837028.0,-3.227,2,213.65574999999998,0.312,0.332,196,27,0,0.138,0.0,/home/pbermejo/GeneticImprovement/magpie/_magpie_logs/sat4j_1782130263_FOLD1.log,/home/pbermejo/GeneticImprovement/magpie/_magpie_logs/sat4j_1782215733_FOLD1-val_1782130263_LLMAlgorithm_llama3.1:8b.log
minisat_hack,LLMAlgorithm,50,500,Perf<Cycles>,2,llama3.1:8b,48354259854.0,8470508107.0,-82.482,1250145475.0,1274370596.0,1.938,3,79.3925,0.456,0.552,441,48,0,0.109,0.0,/home/pbermejo/GeneticImprovement/magpie/_magpie_logs/minisat_hack_1782140643_FOLD2.log,/home/pbermejo/GeneticImprovement/magpie/_magpie_logs/minisat_hack_1782215307_FOLD2-val_1782140643_LLMAlgorithm_llama3.1:8b.log
sat4j,LLMAlgorithm,50,250,Perf<Cycles>,3,llama3.1:8b,65585062220.0,62761186205.0,-4.306,19590596392.0,19508541162.0,-0.419,3,223.07073333333335,0.412,0.432,196,2,0,0.01,0.0,/home/pbermejo/GeneticImprovement/magpie/_magpie_logs/sat4j_1782130454_FOLD3.log,/home/pbermejo/GeneticImprovement/magpie/_magpie_logs/sat4j_1782215778_FOLD3-val_1782130454_LLMAlgorithm_llama3.1:8b.log
minisat_hack,LLMAlgorithm,50,500,Perf<Cycles>,3,llama3.1:8b,38355041476.0,1088790475.0,-97.161,11952668939.0,309970591.0,-97.407,1,87.75626666666668,0.480,0.602,441,87,0,0.197,0.0,/home/pbermejo/GeneticImprovement/magpie/_magpie_logs/minisat_hack_1782140646_FOLD3.log,/home/pbermejo/GeneticImprovement/magpie/_magpie_logs/minisat_hack_1782215312_FOLD3-val_1782140646_LLMAlgorithm_llama3.1:8b.log
minisat_hack,LLMAlgorithm,50,500,Perf<Cycles>,5,llama3.1:8b,13830499138.0,12142420874.0,-12.205,None,0,0,3,75.70675,0.426,0.550,441,172,0,0.39,0.0,/home/pbermejo/GeneticImprovement/magpie/_magpie_logs/minisat_hack_1782141663_FOLD5.log,/home/pbermejo/GeneticImprovement/magpie/_magpie_logs/minisat_hack_1782215578_FOLD5-val_1782141663_LLMAlgorithm_llama3.1:8b.log
weka,LLMAlgorithm,50,750,Perf<Cycles>,3,llama3.2:3b,None,None,0,None,0,0,0,None,0.000,0.000,0,0,0,0.0,0.0,/home/pbermejo/GeneticImprovement/magpie/_magpie_logs/weka_1782145100_FOLD3.log,None
weka,LLMAlgorithm,50,750,Perf<Cycles>,2,llama3.2:3b,None,None,0,None,0,0,0,None,0.000,0.000,0,0,0,0.0,0.0,/home/pbermejo/GeneticImprovement/magpie/_magpie_logs/weka_1782145095_FOLD2.log,None
weka,LLMAlgorithm,50,750,Perf<Cycles>,1,llama3.2:3b,None,None,0,None,0,0,0,None,0.000,0.000,0,0,0,0.0,0.0,/home/pbermejo/GeneticImprovement/magpie/_magpie_logs/weka_1782145096_FOLD1.log,None
sat4j,LLMAlgorithm,50,250,Perf<Cycles>,2,llama3.1:8b,77422033645.0,73977872137.0,-4.449,8010654462.0,8046379332.0,0.446,3,237.28,0.512,0.536,196,0,0,0.0,0.0,/home/pbermejo/GeneticImprovement/magpie/_magpie_logs/sat4j_1782130453_FOLD2.log,/home/pbermejo/GeneticImprovement/magpie/_magpie_logs/sat4j_1782215737_FOLD2-val_1782130453_LLMAlgorithm_llama3.1:8b.log
weka,LLMAlgorithm,50,750,Perf<Cycles>,5,llama3.2:3b,None,None,0,None,0,0,0,None,0.000,0.000,0,0,0,0.0,0.0,/home/pbermejo/GeneticImprovement/magpie/_magpie_logs/weka_1782145744_FOLD5.log,None
pngOptim,LLMAlgorithm,50,500,Perf<Cycles>,1,llama3.1:8b,371277898601.0,None,0,None,0,0,0,None,0.371,0.404,49,37,0,0.755,0.0,/home/pbermejo/GeneticImprovement/magpie/_magpie_logs/pngOptim_1782143732_FOLD1.log,None
pngOptim,LLMAlgorithm,50,250,Perf<Cycles>,3,llama3.1:8b,383098949493.0,341246577245.0,-10.925,2205917624.0,1851155653.0,-16.082,1,246.61268333333334,0.444,0.524,196,32,0,0.163,0.0,/home/pbermejo/GeneticImprovement/magpie/_magpie_logs/pngOptim_1782130966_FOLD3.log,/home/pbermejo/GeneticImprovement/magpie/_magpie_logs/pngOptim_1782215392_FOLD3-val_1782130966_LLMAlgorithm_llama3.1:8b.log
pngOptim,LLMAlgorithm,50,500,Perf<Cycles>,4,llama3.2:3b,245227106511.0,197221518386.0,-19.576,140167547355.0,121029412314.0,-13.654,2,242.33173333333335,0.386,0.442,441,115,171,0.261,0.388,/home/pbermejo/GeneticImprovement/magpie/_magpie_logs/pngOptim_1782133345_FOLD4.log,/home/pbermejo/GeneticImprovement/magpie/_magpie_logs/pngOptim_1782215528_FOLD4-val_1782133345_LLMAlgorithm_llama3.2:3b.log
pngOptim,LLMAlgorithm,50,250,Perf<Cycles>,1,llama3.1:8b,371184143898.0,331231376433.0,-10.764,13983118979.0,11805680702.0,-15.572,1,255.99185,0.404,0.444,196,64,0,0.327,0.0,/home/pbermejo/GeneticImprovement/magpie/_magpie_logs/pngOptim_1782130781_FOLD1.log,/home/pbermejo/GeneticImprovement/magpie/_magpie_logs/pngOptim_1782215387_FOLD1-val_1782130781_LLMAlgorithm_llama3.1:8b.log
sat4j,LLMAlgorithm,50,500,Perf<Cycles>,2,llama3.1:8b,77318943261.0,28754622820.0,-62.81,8232553877.0,6342576953.0,-22.957,3,100.833,0.492,0.526,441,0,0,0.0,0.0,/home/pbermejo/GeneticImprovement/magpie/_magpie_logs/sat4j_1782143415_FOLD2.log,/home/pbermejo/GeneticImprovement/magpie/_magpie_logs/sat4j_1782215772_FOLD2-val_1782143415_LLMAlgorithm_llama3.1:8b.log
pngOptim,LLMAlgorithm,50,500,Perf<Cycles>,2,llama3.2:3b,297361497033.0,249793563371.0,-15.997,87896366906.0,66432196133.0,-24.42,2,276.07413333333335,0.374,0.444,441,193,147,0.438,0.333,/home/pbermejo/GeneticImprovement/magpie/_magpie_logs/pngOptim_1782132986_FOLD2.log,/home/pbermejo/GeneticImprovement/magpie/_magpie_logs/pngOptim_1782215471_FOLD2-val_1782132986_LLMAlgorithm_llama3.2:3b.log
sat4j,LLMAlgorithm,50,500,Perf<Cycles>,1,llama3.1:8b,76145794278.0,29976968959.0,-60.632,8126895216.0,6882041092.0,-15.318,3,123.50193333333333,0.512,0.542,441,20,0,0.045,0.0,/home/pbermejo/GeneticImprovement/magpie/_magpie_logs/sat4j_1782143351_FOLD1.log,/home/pbermejo/GeneticImprovement/magpie/_magpie_logs/sat4j_1782215734_FOLD1-val_1782143351_LLMAlgorithm_llama3.1:8b.log
pngOptim,LLMAlgorithm,50,750,Perf<Cycles>,3,llama3.2:3b,383154160662.0,None,0,None,0,0,0,None,0.462,0.548,98,54,0,0.551,0.0,/home/pbermejo/GeneticImprovement/magpie/_magpie_logs/pngOptim_1782147958_FOLD3.log,None
sat4j,LLMAlgorithm,50,750,Perf<Cycles>,2,llama3.2:3b,77079781448.0,73647500360.0,-4.453,8425040160.0,8315323289.0,-1.302,1,148.23026666666667,0.268,0.315,686,49,491,0.071,0.716,/home/pbermejo/GeneticImprovement/magpie/_magpie_logs/sat4j_1782146252_FOLD2.log,/home/pbermejo/GeneticImprovement/magpie/_magpie_logs/sat4j_1782215891_FOLD2-val_1782146252_LLMAlgorithm_llama3.2:3b.log
sat4j,LLMAlgorithm,50,750,Perf<Cycles>,1,llama3.2:3b,76824072318.0,71994485592.0,-6.287,8223834235.0,8173193760.0,-0.616,1,157.83628333333334,0.337,0.381,686,206,294,0.3,0.429,/home/pbermejo/GeneticImprovement/magpie/_magpie_logs/sat4j_1782145969_FOLD1.log,/home/pbermejo/GeneticImprovement/magpie/_magpie_logs/sat4j_1782215861_FOLD1-val_1782145969_LLMAlgorithm_llama3.2:3b.log
pngOptim,LLMAlgorithm,50,500,Perf<Cycles>,1,llama3.2:3b,371182153560.0,331354875858.0,-10.73,13979019686.0,11821899879.0,-15.431,1,373.86175000000003,0.426,0.492,441,45,225,0.102,0.51,/home/pbermejo/GeneticImprovement/magpie/_magpie_logs/pngOptim_1782132850_FOLD1.log,/home/pbermejo/GeneticImprovement/magpie/_magpie_logs/pngOptim_1782215439_FOLD1-val_1782132850_LLMAlgorithm_llama3.2:3b.log
pngOptim,LLMAlgorithm,50,500,Perf<Cycles>,2,qwen2.5-coder:7b,298914883572.0,14906189386.0,-95.013,87840892689.0,5741343940.0,-93.464,1,275.84325,0.366,0.444,441,264,41,0.599,0.093,/home/pbermejo/GeneticImprovement/magpie/_magpie_logs/pngOptim_1782138748_FOLD2.log,/home/pbermejo/GeneticImprovement/magpie/_magpie_logs/pngOptim_1782215623_FOLD2-val_1782138748_LLMAlgorithm_qwen2.5-coder:7b.log
weka,LLMAlgorithm,50,750,Perf<Cycles>,4,llama3.2:3b,109233649530.0,106681472077.0,-2.336,16128594148.0,16014256573.0,-0.709,1,178.70088333333334,0.324,0.335,686,0,637,0.0,0.929,/home/pbermejo/GeneticImprovement/magpie/_magpie_logs/weka_1782145474_FOLD4.log,/home/pbermejo/GeneticImprovement/magpie/_magpie_logs/weka_1782216090_FOLD4-val_1782145474_LLMAlgorithm_llama3.2:3b.log
pngOptim,LLMAlgorithm,50,500,Perf<Cycles>,4,llama3.1:8b,245167997249.0,196898468788.0,-19.688,140152066656.0,118294961299.0,-15.595,1,233.42221666666669,0.374,0.448,441,321,0,0.728,0.0,/home/pbermejo/GeneticImprovement/magpie/_magpie_logs/pngOptim_1782144154_FOLD4.log,/home/pbermejo/GeneticImprovement/magpie/_magpie_logs/pngOptim_1782215410_FOLD4-val_1782144154_LLMAlgorithm_llama3.1:8b.log
pngOptim,LLMAlgorithm,50,500,Perf<Cycles>,2,llama3.1:8b,297187694768.0,10728451223.0,-96.39,87988735460.0,5802135973.0,-93.406,2,242.35606666666666,0.378,0.438,441,178,0,0.404,0.0,/home/pbermejo/GeneticImprovement/magpie/_magpie_logs/pngOptim_1782144143_FOLD2.log,/home/pbermejo/GeneticImprovement/magpie/_magpie_logs/pngOptim_1782215390_FOLD2-val_1782144143_LLMAlgorithm_llama3.1:8b.log
sat4j,LLMAlgorithm,50,500,Perf<Cycles>,2,llama3.2:3b,78524339870.0,63831203276.0,-18.712,8289195532.0,8396468012.0,1.294,3,439.03513333333336,0.300,0.352,441,0,392,0.0,0.889,/home/pbermejo/GeneticImprovement/magpie/_magpie_logs/sat4j_1782132413_FOLD2.log,/home/pbermejo/GeneticImprovement/magpie/_magpie_logs/sat4j_1782215887_FOLD2-val_1782132413_LLMAlgorithm_llama3.2:3b.log
pngOptim,LLMAlgorithm,50,500,Perf<Cycles>,5,llama3.2:3b,244250623646.0,11616155721.0,-95.244,141122163942.0,4890679077.0,-96.534,1,421.8126166666667,0.452,0.528,441,124,246,0.281,0.558,/home/pbermejo/GeneticImprovement/magpie/_magpie_logs/pngOptim_1782133546_FOLD5.log,/home/pbermejo/GeneticImprovement/magpie/_magpie_logs/pngOptim_1782215583_FOLD5-val_1782133546_LLMAlgorithm_llama3.2:3b.log
sat4j,LLMAlgorithm,50,500,Perf<Cycles>,3,llama3.2:3b,65731103848.0,62568459977.0,-4.811,21525827013.0,20342581660.0,-5.497,1,446.2944,0.302,0.356,441,143,294,0.324,0.667,/home/pbermejo/GeneticImprovement/magpie/_magpie_logs/sat4j_1782132414_FOLD3.log,/home/pbermejo/GeneticImprovement/magpie/_magpie_logs/sat4j_1782215901_FOLD3-val_1782132414_LLMAlgorithm_llama3.2:3b.log
sat4j,LLMAlgorithm,50,500,Perf<Cycles>,4,llama3.2:3b,77972011808.0,65965782574.0,-15.398,5832315873.0,5832134788.0,-0.003,1,466.2156333333333,0.336,0.376,441,62,294,0.141,0.667,/home/pbermejo/GeneticImprovement/magpie/_magpie_logs/sat4j_1782132542_FOLD4.log,/home/pbermejo/GeneticImprovement/magpie/_magpie_logs/sat4j_1782215913_FOLD4-val_1782132542_LLMAlgorithm_llama3.2:3b.log
pngOptim,LLMAlgorithm,50,500,Perf<Cycles>,4,qwen2.5-coder:7b,245086048323.0,215865944732.0,-11.922,140118365298.0,126992703884.0,-9.368,1,339.5848833333333,0.366,0.418,441,192,31,0.435,0.07,/home/pbermejo/GeneticImprovement/magpie/_magpie_logs/pngOptim_1782140107_FOLD4.log,/home/pbermejo/GeneticImprovement/magpie/_magpie_logs/pngOptim_1782215673_FOLD4-val_1782140107_LLMAlgorithm_qwen2.5-coder:7b.log
pngOptim,LLMAlgorithm,50,500,Perf<Cycles>,3,qwen2.5-coder:7b,382859225679.0,341109774604.0,-10.905,2203695136.0,1833261149.0,-16.81,1,376.3194666666667,0.396,0.452,441,244,42,0.553,0.095,/home/pbermejo/GeneticImprovement/magpie/_magpie_logs/pngOptim_1782139578_FOLD3.log,/home/pbermejo/GeneticImprovement/magpie/_magpie_logs/pngOptim_1782215643_FOLD3-val_1782139578_LLMAlgorithm_qwen2.5-coder:7b.log
sat4j,LLMAlgorithm,50,500,Perf<Cycles>,4,qwen2.5-coder:7b,80384231981.0,77125836761.0,-4.054,6155553387.0,6090572088.0,-1.056,2,375.5086333333333,0.316,0.332,441,64,41,0.145,0.093,/home/pbermejo/GeneticImprovement/magpie/_magpie_logs/sat4j_1782138534_FOLD4.log,/home/pbermejo/GeneticImprovement/magpie/_magpie_logs/sat4j_1782216000_FOLD4-val_1782138534_LLMAlgorithm_qwen2.5-coder:7b.log
weka,LLMAlgorithm,50,750,Perf<Cycles>,1,llama3.1:8b,None,None,0,None,0,0,0,None,0.000,0.000,0,0,0,0.0,0.0,/home/pbermejo/GeneticImprovement/magpie/_magpie_logs/weka_1782162255_FOLD1.log,None
sat4j,LLMAlgorithm,50,500,Perf<Cycles>,1,qwen2.5-coder:7b,76085467830.0,73984899704.0,-2.761,8265608753.0,8078028225.0,-2.269,1,392.7432,0.290,0.330,441,58,115,0.132,0.261,/home/pbermejo/GeneticImprovement/magpie/_magpie_logs/sat4j_1782138186_FOLD1.log,/home/pbermejo/GeneticImprovement/magpie/_magpie_logs/sat4j_1782215948_FOLD1-val_1782138186_LLMAlgorithm_qwen2.5-coder:7b.log
pngOptim,LLMAlgorithm,50,500,Perf<Cycles>,5,qwen2.5-coder:7b,244325004536.0,88943513541.0,-63.596,141126190740.0,53246236260.0,-62.27,2,359.80584999999996,0.374,0.446,441,275,41,0.624,0.093,/home/pbermejo/GeneticImprovement/magpie/_magpie_logs/pngOptim_1782140343_FOLD5.log,/home/pbermejo/GeneticImprovement/magpie/_magpie_logs/pngOptim_1782215722_FOLD5-val_1782140343_LLMAlgorithm_qwen2.5-coder:7b.log
weka,LLMAlgorithm,50,750,Perf<Cycles>,2,llama3.1:8b,None,None,0,None,0,0,0,None,0.000,0.000,0,0,0,0.0,0.0,/home/pbermejo/GeneticImprovement/magpie/_magpie_logs/weka_1782162656_FOLD2.log,None
pngOptim,LLMAlgorithm,50,500,Perf<Cycles>,3,llama3.1:8b,382947633084.0,341067659632.0,-10.936,2204636835.0,1843075424.0,-16.4,1,334.34638333333334,0.396,0.482,441,238,0,0.54,0.0,/home/pbermejo/GeneticImprovement/magpie/_magpie_logs/pngOptim_1782144149_FOLD3.log,/home/pbermejo/GeneticImprovement/magpie/_magpie_logs/pngOptim_1782215394_FOLD3-val_1782144149_LLMAlgorithm_llama3.1:8b.log
sat4j,LLMAlgorithm,50,750,Perf<Cycles>,2,qwen2.5-coder:7b,77912801090.0,63614883313.0,-18.351,8353571967.0,8566908126.0,2.554,2,147.43465,0.261,0.293,686,136,118,0.198,0.172,/home/pbermejo/GeneticImprovement/magpie/_magpie_logs/sat4j_1782155941_FOLD2.log,/home/pbermejo/GeneticImprovement/magpie/_magpie_logs/sat4j_1782215956_FOLD2-val_1782155941_LLMAlgorithm_qwen2.5-coder:7b.log
weka,LLMAlgorithm,50,750,Perf<Cycles>,5,llama3.1:8b,None,None,0,None,0,0,0,None,0.000,0.000,0,0,0,0.0,0.0,/home/pbermejo/GeneticImprovement/magpie/_magpie_logs/weka_1782163770_FOLD5.log,None
sat4j,LLMAlgorithm,50,750,Perf<Cycles>,3,qwen2.5-coder:7b,65194849297.0,61401468591.0,-5.819,19177519364.0,22076639106.0,15.117,2,148.85988333333336,0.285,0.328,686,45,22,0.066,0.032,/home/pbermejo/GeneticImprovement/magpie/_magpie_logs/sat4j_1782156324_FOLD3.log,/home/pbermejo/GeneticImprovement/magpie/_magpie_logs/sat4j_1782215977_FOLD3-val_1782156324_LLMAlgorithm_qwen2.5-coder:7b.log
weka,LLMAlgorithm,50,750,Perf<Cycles>,5,qwen2.5-coder:7b,101327009922.0,100205833101.0,-1.106,23095481036.0,22511188908.0,-2.53,2,162.4932,0.272,0.276,686,181,18,0.264,0.026,/home/pbermejo/GeneticImprovement/magpie/_magpie_logs/weka_1782155864_FOLD5.log,/home/pbermejo/GeneticImprovement/magpie/_magpie_logs/weka_1782216145_FOLD5-val_1782155864_LLMAlgorithm_qwen2.5-coder:7b.log
weka,LLMAlgorithm,50,750,Perf<Cycles>,4,qwen2.5-coder:7b,108383152475.0,108142573910.0,-0.222,15389320678.0,16056329637.0,4.334,1,165.63191666666668,0.255,0.261,686,277,78,0.404,0.114,/home/pbermejo/GeneticImprovement/magpie/_magpie_logs/weka_1782155792_FOLD4.log,/home/pbermejo/GeneticImprovement/magpie/_magpie_logs/weka_1782216132_FOLD4-val_1782155792_LLMAlgorithm_qwen2.5-coder:7b.log
weka,LLMAlgorithm,50,750,Perf<Cycles>,1,qwen2.5-coder:7b,94095162707.0,92128680518.0,-2.09,30966719425.0,30953319342.0,-0.043,1,208.4869,0.385,0.393,686,294,112,0.429,0.163,/home/pbermejo/GeneticImprovement/magpie/_magpie_logs/weka_1782153370_FOLD1.log,/home/pbermejo/GeneticImprovement/magpie/_magpie_logs/weka_1782216097_FOLD1-val_1782153370_LLMAlgorithm_qwen2.5-coder:7b.log
minisat_hack,LLMAlgorithm,50,500,Perf<Cycles>,1,llama3.1:8b,49513455714.0,1100392241.0,-97.778,291524918.0,289641821.0,-0.646,3,412.16985,0.452,0.564,441,133,0,0.302,0.0,/home/pbermejo/GeneticImprovement/magpie/_magpie_logs/minisat_hack_1782140625_FOLD1.log,/home/pbermejo/GeneticImprovement/magpie/_magpie_logs/minisat_hack_1782215313_FOLD1-val_1782140625_LLMAlgorithm_llama3.1:8b.log
weka,LLMAlgorithm,50,750,Perf<Cycles>,2,qwen2.5-coder:7b,100471249907.0,None,0,None,0,0,0,191.2554166666667,0.325,0.332,686,171,34,0.249,0.05,/home/pbermejo/GeneticImprovement/magpie/_magpie_logs/weka_1782154655_FOLD2.log,None
pngOptim,LLMAlgorithm,50,500,Perf<Cycles>,1,qwen2.5-coder:7b,371407978671.0,15741652355.0,-95.762,13967349232.0,889057602.0,-93.635,2,430.07435,0.398,0.482,441,242,43,0.549,0.098,/home/pbermejo/GeneticImprovement/magpie/_magpie_logs/pngOptim_1782138726_FOLD1.log,/home/pbermejo/GeneticImprovement/magpie/_magpie_logs/pngOptim_1782215596_FOLD1-val_1782138726_LLMAlgorithm_qwen2.5-coder:7b.log
minisat_hack,LLMAlgorithm,50,500,Perf<Cycles>,4,llama3.1:8b,49424914595.0,11601720456.0,-76.527,None,0,0,1,424.44571666666667,0.412,0.548,441,315,0,0.714,0.0,/home/pbermejo/GeneticImprovement/magpie/_magpie_logs/minisat_hack_1782140826_FOLD4.log,/home/pbermejo/GeneticImprovement/magpie/_magpie_logs/minisat_hack_1782215567_FOLD4-val_1782140826_LLMAlgorithm_llama3.1:8b.log
weka,LLMAlgorithm,50,750,Perf<Cycles>,3,qwen2.5-coder:7b,92493607517.0,89738806499.0,-2.978,32062699791.0,32356295891.0,0.916,1,200.28295,0.372,0.381,686,159,26,0.232,0.038,/home/pbermejo/GeneticImprovement/magpie/_magpie_logs/weka_1782155251_FOLD3.log,/home/pbermejo/GeneticImprovement/magpie/_magpie_logs/weka_1782216119_FOLD3-val_1782155251_LLMAlgorithm_qwen2.5-coder:7b.log
minisat_hack,LLMAlgorithm,50,750,Perf<Cycles>,5,llama3.1:8b,13530614362.0,3167951694.0,-76.587,None,0,0,2,99.96686666666666,0.395,0.507,686,423,0,0.617,0.0,/home/pbermejo/GeneticImprovement/magpie/_magpie_logs/minisat_hack_1782161821_FOLD5.log,/home/pbermejo/GeneticImprovement/magpie/_magpie_logs/minisat_hack_1782215573_FOLD5-val_1782161821_LLMAlgorithm_llama3.1:8b.log
pngOptim,LLMAlgorithm,50,500,Perf<Cycles>,3,llama3.2:3b,383088395990.0,16320219851.0,-95.74,2205040145.0,252649451.0,-88.542,1,552.74635,0.426,0.512,441,0,441,0.0,1.0,/home/pbermejo/GeneticImprovement/magpie/_magpie_logs/pngOptim_1782133318_FOLD3.log,/home/pbermejo/GeneticImprovement/magpie/_magpie_logs/pngOptim_1782215511_FOLD3-val_1782133318_LLMAlgorithm_llama3.2:3b.log
sat4j,LLMAlgorithm,50,500,Perf<Cycles>,2,qwen2.5-coder:7b,76666075604.0,31859783908.0,-58.443,8297869490.0,6477003048.0,-21.944,2,486.87075,0.312,0.344,441,107,37,0.243,0.084,/home/pbermejo/GeneticImprovement/magpie/_magpie_logs/sat4j_1782138330_FOLD2.log,/home/pbermejo/GeneticImprovement/magpie/_magpie_logs/sat4j_1782215957_FOLD2-val_1782138330_LLMAlgorithm_qwen2.5-coder:7b.log
sat4j,LLMAlgorithm,50,500,Perf<Cycles>,5,llama3.1:8b,42932330241.0,41745024812.0,-2.766,42575558330.0,43003683799.0,1.006,1,399.6653833333333,0.432,0.460,441,74,0,0.168,0.0,/home/pbermejo/GeneticImprovement/magpie/_magpie_logs/sat4j_1782143827_FOLD5.log,/home/pbermejo/GeneticImprovement/magpie/_magpie_logs/sat4j_1782215838_FOLD5-val_1782143827_LLMAlgorithm_llama3.1:8b.log
weka,LLMAlgorithm,50,1000,Perf<Cycles>,2,llama3.2:3b,None,None,0,None,0,0,0,None,0.000,0.000,0,0,0,0.0,0.0,/home/pbermejo/GeneticImprovement/magpie/_magpie_logs/weka_1782168605_FOLD2.log,None
weka,LLMAlgorithm,50,1000,Perf<Cycles>,4,llama3.2:3b,None,None,0,None,0,0,0,None,0.000,0.000,0,0,0,0.0,0.0,/home/pbermejo/GeneticImprovement/magpie/_magpie_logs/weka_1782169613_FOLD4.log,None
weka,LLMAlgorithm,50,1000,Perf<Cycles>,3,llama3.2:3b,None,None,0,None,0,0,0,None,0.000,0.000,0,0,0,0.0,0.0,/home/pbermejo/GeneticImprovement/magpie/_magpie_logs/weka_1782169518_FOLD3.log,None
pngOptim,LLMAlgorithm,50,500,Perf<Cycles>,5,llama3.1:8b,244265662049.0,215173928268.0,-11.91,141117362607.0,127757824024.0,-9.467,2,411.01885000000004,0.470,0.540,441,320,0,0.726,0.0,/home/pbermejo/GeneticImprovement/magpie/_magpie_logs/pngOptim_1782144340_FOLD5.log,/home/pbermejo/GeneticImprovement/magpie/_magpie_logs/pngOptim_1782215419_FOLD5-val_1782144340_LLMAlgorithm_llama3.1:8b.log
weka,LLMAlgorithm,50,1000,Perf<Cycles>,5,llama3.2:3b,None,None,0,None,0,0,0,None,0.000,0.000,0,0,0,0.0,0.0,/home/pbermejo/GeneticImprovement/magpie/_magpie_logs/weka_1782170046_FOLD5.log,None
pngOptim,LLMAlgorithm,50,750,Perf<Cycles>,3,llama3.1:8b,383046679294.0,None,0,None,0,0,0,None,0.556,0.606,49,31,0,0.633,0.0,/home/pbermejo/GeneticImprovement/magpie/_magpie_logs/pngOptim_1782165904_FOLD3.log,None
sat4j,LLMAlgorithm,50,500,Perf<Cycles>,4,llama3.1:8b,80318227885.0,76752079857.0,-4.44,5925468944.0,6076350287.0,2.546,2,441.26373333333333,0.456,0.488,441,49,0,0.111,0.0,/home/pbermejo/GeneticImprovement/magpie/_magpie_logs/sat4j_1782143574_FOLD4.log,/home/pbermejo/GeneticImprovement/magpie/_magpie_logs/sat4j_1782215818_FOLD4-val_1782143574_LLMAlgorithm_llama3.1:8b.log
sat4j,LLMAlgorithm,50,500,Perf<Cycles>,3,llama3.1:8b,67342311388.0,51951408892.0,-22.855,20361130626.0,21980351723.0,7.953,3,447.7044833333333,0.448,0.472,441,96,0,0.218,0.0,/home/pbermejo/GeneticImprovement/magpie/_magpie_logs/sat4j_1782143563_FOLD3.log,/home/pbermejo/GeneticImprovement/magpie/_magpie_logs/sat4j_1782215779_FOLD3-val_1782143563_LLMAlgorithm_llama3.1:8b.log
pngOptim,LLMAlgorithm,50,750,Perf<Cycles>,5,llama3.2:3b,244174066899.0,11735037878.0,-95.194,140964148457.0,4881903978.0,-96.537,1,397.07738333333333,0.423,0.512,686,49,637,0.071,0.929,/home/pbermejo/GeneticImprovement/magpie/_magpie_logs/pngOptim_1782148145_FOLD5.log,/home/pbermejo/GeneticImprovement/magpie/_magpie_logs/pngOptim_1782215587_FOLD5-val_1782148145_LLMAlgorithm_llama3.2:3b.log
sat4j,LLMAlgorithm,50,750,Perf<Cycles>,5,llama3.1:8b,42829137589.0,25854008833.0,-39.635,41442468049.0,8270740476.0,-80.043,3,117.51996666666668,0.496,0.527,686,3,39,0.004,0.057,/home/pbermejo/GeneticImprovement/magpie/_magpie_logs/sat4j_1782165151_FOLD5.log,/home/pbermejo/GeneticImprovement/magpie/_magpie_logs/sat4j_1782215841_FOLD5-val_1782165151_LLMAlgorithm_llama3.1:8b.log
weka,LLMAlgorithm,50,750,Perf<Cycles>,3,llama3.1:8b,93382236276.0,90437720204.0,-3.153,32665732185.0,33009649361.0,1.053,2,174.15688333333335,0.453,0.459,686,119,0,0.173,0.0,/home/pbermejo/GeneticImprovement/magpie/_magpie_logs/weka_1782162644_FOLD3.log,/home/pbermejo/GeneticImprovement/magpie/_magpie_logs/weka_1782216019_FOLD3-val_1782162644_LLMAlgorithm_llama3.1:8b.log
sat4j,LLMAlgorithm,50,750,Perf<Cycles>,4,llama3.1:8b,80913374822.0,31220192359.0,-61.415,5799369054.0,5791940171.0,-0.128,3,163.20353333333333,0.505,0.543,686,0,0,0.0,0.0,/home/pbermejo/GeneticImprovement/magpie/_magpie_logs/sat4j_1782164832_FOLD4.log,/home/pbermejo/GeneticImprovement/magpie/_magpie_logs/sat4j_1782215823_FOLD4-val_1782164832_LLMAlgorithm_llama3.1:8b.log
weka,LLMAlgorithm,50,1000,Perf<Cycles>,1,llama3.2:3b,94989569859.0,91670442635.0,-3.494,31211787775.0,31692896041.0,1.541,1,212.11475000000002,0.325,0.332,931,78,784,0.084,0.842,/home/pbermejo/GeneticImprovement/magpie/_magpie_logs/weka_1782168095_FOLD1.log,/home/pbermejo/GeneticImprovement/magpie/_magpie_logs/weka_1782216045_FOLD1-val_1782168095_LLMAlgorithm_llama3.2:3b.log
sat4j,LLMAlgorithm,50,1000,Perf<Cycles>,5,llama3.2:3b,43254099862.0,26350721746.0,-39.079,40960963929.0,8080721131.0,-80.272,2,172.55896666666666,0.303,0.360,931,123,540,0.132,0.58,/home/pbermejo/GeneticImprovement/magpie/_magpie_logs/sat4j_1782171732_FOLD5.log,/home/pbermejo/GeneticImprovement/magpie/_magpie_logs/sat4j_1782215927_FOLD5-val_1782171732_LLMAlgorithm_llama3.2:3b.log
weka,LLMAlgorithm,50,1000,Perf<Cycles>,1,qwen2.5-coder:7b,None,None,0,None,0,0,0,None,0.000,0.000,0,0,0,0.0,0.0,/home/pbermejo/GeneticImprovement/magpie/_magpie_logs/weka_1782181373_FOLD1.log,None
pngOptim,LLMAlgorithm,50,750,Perf<Cycles>,4,llama3.1:8b,245194246758.0,29421412013.0,-88.001,140070232367.0,14456546341.0,-89.679,2,285.67525,0.432,0.507,686,294,0,0.429,0.0,/home/pbermejo/GeneticImprovement/magpie/_magpie_logs/pngOptim_1782165907_FOLD4.log,/home/pbermejo/GeneticImprovement/magpie/_magpie_logs/pngOptim_1782215409_FOLD4-val_1782165907_LLMAlgorithm_llama3.1:8b.log
sat4j,LLMAlgorithm,50,750,Perf<Cycles>,5,llama3.2:3b,42607216631.0,41150497255.0,-3.419,44796953326.0,38629939222.0,-13.767,1,593.5407833333334,0.312,0.357,686,70,490,0.102,0.714,/home/pbermejo/GeneticImprovement/magpie/_magpie_logs/sat4j_1782146598_FOLD5.log,/home/pbermejo/GeneticImprovement/magpie/_magpie_logs/sat4j_1782215923_FOLD5-val_1782146598_LLMAlgorithm_llama3.2:3b.log
weka,LLMAlgorithm,50,500,Perf<Cycles>,5,llama3.1:8b,106139789007.0,104542888185.0,-1.505,22713146613.0,23332249277.0,2.726,1,642.1221499999999,0.308,0.312,441,52,0,0.118,0.0,/home/pbermejo/GeneticImprovement/magpie/_magpie_logs/weka_1782143167_FOLD5.log,/home/pbermejo/GeneticImprovement/magpie/_magpie_logs/weka_1782216023_FOLD5-val_1782143167_LLMAlgorithm_llama3.1:8b.log
weka,LLMAlgorithm,50,1000,Perf<Cycles>,3,qwen2.5-coder:7b,None,None,0,None,0,0,0,None,0.000,0.000,0,0,0,0.0,0.0,/home/pbermejo/GeneticImprovement/magpie/_magpie_logs/weka_1782182699_FOLD3.log,None
weka,LLMAlgorithm,50,1000,Perf<Cycles>,4,qwen2.5-coder:7b,None,None,0,None,0,0,0,None,0.000,0.000,0,0,0,0.0,0.0,/home/pbermejo/GeneticImprovement/magpie/_magpie_logs/weka_1782182942_FOLD4.log,None
pngOptim,LLMAlgorithm,50,750,Perf<Cycles>,4,llama3.2:3b,245368462309.0,11704337767.0,-95.23,140155135495.0,4810902130.0,-96.567,1,579.0944999999999,0.413,0.505,686,97,539,0.141,0.786,/home/pbermejo/GeneticImprovement/magpie/_magpie_logs/pngOptim_1782148191_FOLD4.log,/home/pbermejo/GeneticImprovement/magpie/_magpie_logs/pngOptim_1782215561_FOLD4-val_1782148191_LLMAlgorithm_llama3.2:3b.log
pngOptim,LLMAlgorithm,50,750,Perf<Cycles>,5,llama3.1:8b,244251026822.0,215234619133.0,-11.88,141121961179.0,127831430317.0,-9.418,1,308.20981666666665,0.393,0.465,686,180,0,0.262,0.0,/home/pbermejo/GeneticImprovement/magpie/_magpie_logs/pngOptim_1782166045_FOLD5.log,/home/pbermejo/GeneticImprovement/magpie/_magpie_logs/pngOptim_1782215427_FOLD5-val_1782166045_LLMAlgorithm_llama3.1:8b.log
sat4j,LLMAlgorithm,50,750,Perf<Cycles>,3,llama3.2:3b,65721367164.0,30796015064.0,-53.142,19524096322.0,7430434705.0,-61.942,1,647.4858666666667,0.299,0.355,686,66,523,0.096,0.762,/home/pbermejo/GeneticImprovement/magpie/_magpie_logs/sat4j_1782146597_FOLD3.log,/home/pbermejo/GeneticImprovement/magpie/_magpie_logs/sat4j_1782215902_FOLD3-val_1782146597_LLMAlgorithm_llama3.2:3b.log
pngOptim,LLMAlgorithm,50,750,Perf<Cycles>,2,llama3.2:3b,297403612917.0,10765298882.0,-96.38,87939062652.0,5876531104.0,-93.317,1,638.7183333333334,0.405,0.473,686,55,490,0.08,0.714,/home/pbermejo/GeneticImprovement/magpie/_magpie_logs/pngOptim_1782147246_FOLD2.log,/home/pbermejo/GeneticImprovement/magpie/_magpie_logs/pngOptim_1782215473_FOLD2-val_1782147246_LLMAlgorithm_llama3.2:3b.log
pngOptim,LLMAlgorithm,50,750,Perf<Cycles>,2,llama3.1:8b,297391596043.0,251306442665.0,-15.496,87982850287.0,66440019803.0,-24.485,3,380.39431666666667,0.448,0.553,686,289,0,0.421,0.0,/home/pbermejo/GeneticImprovement/magpie/_magpie_logs/pngOptim_1782165384_FOLD2.log,/home/pbermejo/GeneticImprovement/magpie/_magpie_logs/pngOptim_1782215391_FOLD2-val_1782165384_LLMAlgorithm_llama3.1:8b.log
sat4j,LLMAlgorithm,50,750,Perf<Cycles>,4,llama3.2:3b,81657535691.0,68954724124.0,-15.556,5928522867.0,5900998166.0,-0.464,1,678.0047,0.305,0.356,686,166,520,0.242,0.758,/home/pbermejo/GeneticImprovement/magpie/_magpie_logs/sat4j_1782146599_FOLD4.log,/home/pbermejo/GeneticImprovement/magpie/_magpie_logs/sat4j_1782215912_FOLD4-val_1782146599_LLMAlgorithm_llama3.2:3b.log
pngOptim,LLMAlgorithm,50,750,Perf<Cycles>,5,qwen2.5-coder:7b,244255880223.0,214801016021.0,-12.059,141141529623.0,129300769546.0,-8.389,1,484.7308333333333,0.391,0.471,686,516,49,0.752,0.071,/home/pbermejo/GeneticImprovement/magpie/_magpie_logs/pngOptim_1782159919_FOLD5.log,/home/pbermejo/GeneticImprovement/magpie/_magpie_logs/pngOptim_1782215725_FOLD5-val_1782159919_LLMAlgorithm_qwen2.5-coder:7b.log
pngOptim,LLMAlgorithm,50,750,Perf<Cycles>,4,qwen2.5-coder:7b,245230270784.0,14110728637.0,-94.246,140204803131.0,6524451343.0,-95.346,1,505.83910000000003,0.468,0.559,686,253,24,0.369,0.035,/home/pbermejo/GeneticImprovement/magpie/_magpie_logs/pngOptim_1782159754_FOLD4.log,/home/pbermejo/GeneticImprovement/magpie/_magpie_logs/pngOptim_1782215700_FOLD4-val_1782159754_LLMAlgorithm_qwen2.5-coder:7b.log
pngOptim,LLMAlgorithm,50,750,Perf<Cycles>,1,llama3.2:3b,371247246103.0,15627812935.0,-95.79,14007755856.0,1048740062.0,-92.513,1,715.60825,0.401,0.477,686,153,315,0.223,0.459,/home/pbermejo/GeneticImprovement/magpie/_magpie_logs/pngOptim_1782146597_FOLD1.log,/home/pbermejo/GeneticImprovement/magpie/_magpie_logs/pngOptim_1782215444_FOLD1-val_1782146597_LLMAlgorithm_llama3.2:3b.log
pngOptim,LLMAlgorithm,50,1000,Perf<Cycles>,4,qwen2.5-coder:7b,245154369697.0,None,0,None,0,0,0,None,0.421,0.474,49,41,0,0.837,0.0,/home/pbermejo/GeneticImprovement/magpie/_magpie_logs/pngOptim_1782188532_FOLD4.log,None
pngOptim,LLMAlgorithm,50,750,Perf<Cycles>,2,qwen2.5-coder:7b,297332542521.0,112170851773.0,-62.274,87948240685.0,30245183660.0,-65.61,2,561.5440333333333,0.401,0.488,686,454,6,0.662,0.009,/home/pbermejo/GeneticImprovement/magpie/_magpie_logs/pngOptim_1782158984_FOLD2.log,/home/pbermejo/GeneticImprovement/magpie/_magpie_logs/pngOptim_1782215624_FOLD2-val_1782158984_LLMAlgorithm_qwen2.5-coder:7b.log
sat4j,LLMAlgorithm,50,750,Perf<Cycles>,5,qwen2.5-coder:7b,43806379250.0,40898729770.0,-6.638,43174419709.0,42291064895.0,-2.046,2,588.2430833333333,0.221,0.256,686,56,109,0.082,0.159,/home/pbermejo/GeneticImprovement/magpie/_magpie_logs/sat4j_1782157143_FOLD5.log,/home/pbermejo/GeneticImprovement/magpie/_magpie_logs/sat4j_1782216007_FOLD5-val_1782157143_LLMAlgorithm_qwen2.5-coder:7b.log
minisat_hack,LLMAlgorithm,50,750,Perf<Cycles>,1,llama3.1:8b,49601189256.0,10367339535.0,-79.099,293788943.0,738563102.0,151.392,3,552.7473333333332,0.472,0.612,686,262,0,0.382,0.0,/home/pbermejo/GeneticImprovement/magpie/_magpie_logs/minisat_hack_1782160107_FOLD1.log,/home/pbermejo/GeneticImprovement/magpie/_magpie_logs/minisat_hack_1782215308_FOLD1-val_1782160107_LLMAlgorithm_llama3.1:8b.log
pngOptim,LLMAlgorithm,50,750,Perf<Cycles>,1,qwen2.5-coder:7b,371275314316.0,304941657486.0,-17.866,13985084633.0,10280972467.0,-26.486,1,604.03905,0.367,0.436,686,482,4,0.703,0.006,/home/pbermejo/GeneticImprovement/magpie/_magpie_logs/pngOptim_1782158410_FOLD1.log,/home/pbermejo/GeneticImprovement/magpie/_magpie_logs/pngOptim_1782215605_FOLD1-val_1782158410_LLMAlgorithm_qwen2.5-coder:7b.log
weka,LLMAlgorithm,50,1000,Perf<Cycles>,5,llama3.1:8b,None,None,0,None,0,0,0,None,0.000,0.000,0,0,0,0.0,0.0,/home/pbermejo/GeneticImprovement/magpie/_magpie_logs/weka_1782193916_FOLD5.log,None
minisat_hack,LLMAlgorithm,50,750,Perf<Cycles>,4,llama3.1:8b,49718651113.0,8308977475.0,-83.288,None,0,0,3,557.5014333333334,0.544,0.628,686,146,0,0.213,0.0,/home/pbermejo/GeneticImprovement/magpie/_magpie_logs/minisat_hack_1782160970_FOLD4.log,/home/pbermejo/GeneticImprovement/magpie/_magpie_logs/minisat_hack_1782215566_FOLD4-val_1782160970_LLMAlgorithm_llama3.1:8b.log
minisat_hack,LLMAlgorithm,50,750,Perf<Cycles>,3,llama3.1:8b,38177962410.0,1082712978.0,-97.164,11726588973.0,307858395.0,-97.375,3,573.04775,0.413,0.564,686,205,0,0.299,0.0,/home/pbermejo/GeneticImprovement/magpie/_magpie_logs/minisat_hack_1782160799_FOLD3.log,/home/pbermejo/GeneticImprovement/magpie/_magpie_logs/minisat_hack_1782215310_FOLD3-val_1782160799_LLMAlgorithm_llama3.1:8b.log
sat4j,LLMAlgorithm,50,750,Perf<Cycles>,4,qwen2.5-coder:7b,80838805754.0,76272954641.0,-5.648,5993443600.0,5920130073.0,-1.223,1,656.72105,0.320,0.353,686,118,118,0.172,0.172,/home/pbermejo/GeneticImprovement/magpie/_magpie_logs/sat4j_1782156847_FOLD4.log,/home/pbermejo/GeneticImprovement/magpie/_magpie_logs/sat4j_1782216004_FOLD4-val_1782156847_LLMAlgorithm_qwen2.5-coder:7b.log
minisat_hack,LLMAlgorithm,50,750,Perf<Cycles>,2,llama3.1:8b,48593069357.0,11242592330.0,-76.864,1246734858.0,1253986924.0,0.582,1,606.2735333333333,0.411,0.544,686,289,0,0.421,0.0,/home/pbermejo/GeneticImprovement/magpie/_magpie_logs/minisat_hack_1782160531_FOLD2.log,/home/pbermejo/GeneticImprovement/magpie/_magpie_logs/minisat_hack_1782215316_FOLD2-val_1782160531_LLMAlgorithm_llama3.1:8b.log
weka,LLMAlgorithm,50,1000,Perf<Cycles>,2,qwen2.5-coder:7b,100425999123.0,97765551321.0,-2.649,23391203836.0,23628164367.0,1.013,1,259.88733333333334,0.331,0.338,931,390,92,0.419,0.099,/home/pbermejo/GeneticImprovement/magpie/_magpie_logs/weka_1782182160_FOLD2.log,/home/pbermejo/GeneticImprovement/magpie/_magpie_logs/weka_1782216105_FOLD2-val_1782182160_LLMAlgorithm_qwen2.5-coder:7b.log
weka,LLMAlgorithm,50,1000,Perf<Cycles>,5,qwen2.5-coder:7b,101176697307.0,99332638036.0,-1.823,23337271057.0,22446943011.0,-3.815,2,249.95020000000002,0.319,0.331,931,175,128,0.188,0.137,/home/pbermejo/GeneticImprovement/magpie/_magpie_logs/weka_1782183468_FOLD5.log,/home/pbermejo/GeneticImprovement/magpie/_magpie_logs/weka_1782216148_FOLD5-val_1782183468_LLMAlgorithm_qwen2.5-coder:7b.log
minisat_hack,LLMAlgorithm,50,1000,Perf<Cycles>,1,llama3.1:8b,49654833216.0,901382105.0,-98.185,292143257.0,292517686.0,0.128,3,190.32286666666667,0.449,0.553,931,300,0,0.322,0.0,/home/pbermejo/GeneticImprovement/magpie/_magpie_logs/minisat_hack_1782189254_FOLD1.log,/home/pbermejo/GeneticImprovement/magpie/_magpie_logs/minisat_hack_1782215317_FOLD1-val_1782189254_LLMAlgorithm_llama3.1:8b.log
weka,LLMAlgorithm,50,1000,Perf<Cycles>,3,llama3.1:8b,93085046049.0,None,0,None,0,0,0,None,0.371,0.375,490,192,0,0.392,0.0,/home/pbermejo/GeneticImprovement/magpie/_magpie_logs/weka_1782192961_FOLD3.log,None
pngOptim,LLMAlgorithm,50,1000,Perf<Cycles>,5,llama3.2:3b,243982291963.0,None,0,None,0,0,0,None,0.412,0.483,833,198,392,0.238,0.471,/home/pbermejo/GeneticImprovement/magpie/_magpie_logs/pngOptim_1782173204_FOLD5.log,None
pngOptim,LLMAlgorithm,50,1000,Perf<Cycles>,3,qwen2.5-coder:7b,383086302158.0,None,0,None,0,0,0,None,0.380,0.475,147,117,0,0.796,0.0,/home/pbermejo/GeneticImprovement/magpie/_magpie_logs/pngOptim_1782187697_FOLD3.log,None
pngOptim,LLMAlgorithm,50,1000,Perf<Cycles>,1,llama3.1:8b,371440902541.0,None,0,None,0,0,0,None,0.380,0.420,0,0,0,0.0,0.0,/home/pbermejo/GeneticImprovement/magpie/_magpie_logs/pngOptim_1782196232_FOLD1.log,None
sat4j,LLMAlgorithm,50,750,Perf<Cycles>,2,llama3.1:8b,77268770984.0,None,0,None,0,0,0,None,0.491,0.524,637,0,0,0.0,0.0,/home/pbermejo/GeneticImprovement/magpie/_magpie_logs/sat4j_1782164055_FOLD2.log,None
minisat_hack,LLMAlgorithm,50,1000,Perf<Cycles>,5,llama3.1:8b,13524767968.0,None,0,None,0,0,0,None,0.455,0.570,147,36,0,0.245,0.0,/home/pbermejo/GeneticImprovement/magpie/_magpie_logs/minisat_hack_1782191703_FOLD5.log,None
pngOptim,LLMAlgorithm,50,1000,Perf<Cycles>,2,qwen2.5-coder:7b,297369712552.0,None,0,None,0,0,0,None,0.303,0.380,245,126,10,0.514,0.041,/home/pbermejo/GeneticImprovement/magpie/_magpie_logs/pngOptim_1782187130_FOLD2.log,None
sat4j,LLMAlgorithm,50,750,Perf<Cycles>,3,llama3.1:8b,64405846709.0,None,0,None,0,0,0,None,0.485,0.529,588,1,0,0.002,0.0,/home/pbermejo/GeneticImprovement/magpie/_magpie_logs/sat4j_1782164334_FOLD3.log,None
weka,LLMAlgorithm,50,750,Perf<Cycles>,4,llama3.1:8b,113284520173.0,None,0,None,0,0,0,None,0.307,0.310,245,26,0,0.106,0.0,/home/pbermejo/GeneticImprovement/magpie/_magpie_logs/weka_1782163062_FOLD4.log,None
sat4j,LLMAlgorithm,50,1000,Perf<Cycles>,4,llama3.1:8b,79907686137.0,None,0,None,0,0,0,None,0.490,0.530,343,0,0,0.0,0.0,/home/pbermejo/GeneticImprovement/magpie/_magpie_logs/sat4j_1782195395_FOLD4.log,None
weka,LLMAlgorithm,50,1000,Perf<Cycles>,4,llama3.1:8b,107997505929.0,None,0,None,0,0,0,None,0.349,0.353,392,142,0,0.362,0.0,/home/pbermejo/GeneticImprovement/magpie/_magpie_logs/weka_1782193269_FOLD4.log,None
minisat_hack,LLMAlgorithm,50,1000,Perf<Cycles>,3,llama3.1:8b,37664224262.0,None,0,None,0,0,0,None,0.469,0.581,833,46,0,0.055,0.0,/home/pbermejo/GeneticImprovement/magpie/_magpie_logs/minisat_hack_1782191405_FOLD3.log,None
pngOptim,LLMAlgorithm,50,1000,Perf<Cycles>,4,llama3.1:8b,245219813929.0,None,0,None,0,0,0,None,0.430,0.500,49,9,0,0.184,0.0,/home/pbermejo/GeneticImprovement/magpie/_magpie_logs/pngOptim_1782197915_FOLD4.log,None
minisat_hack,LLMAlgorithm,50,1000,Perf<Cycles>,2,llama3.1:8b,48606981940.0,None,0,None,0,0,0,None,0.424,0.550,833,485,0,0.582,0.0,/home/pbermejo/GeneticImprovement/magpie/_magpie_logs/minisat_hack_1782190458_FOLD2.log,None
weka,LLMAlgorithm,50,1000,Perf<Cycles>,2,llama3.1:8b,98763087141.0,None,0,None,0,0,0,None,0.422,0.427,490,181,0,0.369,0.0,/home/pbermejo/GeneticImprovement/magpie/_magpie_logs/weka_1782192832_FOLD2.log,None
weka,LLMAlgorithm,50,1000,Perf<Cycles>,1,llama3.1:8b,93248343258.0,None,0,None,0,0,0,None,0.482,0.485,490,52,0,0.106,0.0,/home/pbermejo/GeneticImprovement/magpie/_magpie_logs/weka_1782191993_FOLD1.log,None
sat4j,LLMAlgorithm,50,750,Perf<Cycles>,1,qwen2.5-coder:7b,78256144594.0,None,0,None,0,0,0,None,0.332,0.368,588,85,121,0.145,0.206,/home/pbermejo/GeneticImprovement/magpie/_magpie_logs/sat4j_1782156029_FOLD1.log,None
sat4j,LLMAlgorithm,50,1000,Perf<Cycles>,1,llama3.1:8b,76046760126.0,None,0,None,0,0,0,None,0.440,0.480,49,0,0,0.0,0.0,/home/pbermejo/GeneticImprovement/magpie/_magpie_logs/sat4j_1782194488_FOLD1.log,None
sat4j,LLMAlgorithm,50,1000,Perf<Cycles>,1,llama3.2:3b,77770348326.0,None,0,None,0,0,0,None,0.318,0.365,490,111,302,0.227,0.616,/home/pbermejo/GeneticImprovement/magpie/_magpie_logs/sat4j_1782170997_FOLD1.log,None
sat4j,LLMAlgorithm,50,1000,Perf<Cycles>,3,llama3.1:8b,65770618380.0,None,0,None,0,0,0,None,0.330,0.350,49,0,0,0.0,0.0,/home/pbermejo/GeneticImprovement/magpie/_magpie_logs/sat4j_1782195280_FOLD3.log,None
minisat_hack,LLMAlgorithm,50,1000,Perf<Cycles>,4,llama3.1:8b,49508890670.0,None,0,None,0,0,0,None,0.350,0.515,147,89,0,0.605,0.0,/home/pbermejo/GeneticImprovement/magpie/_magpie_logs/minisat_hack_1782191501_FOLD4.log,None
pngOptim,LLMAlgorithm,50,1000,Perf<Cycles>,5,qwen2.5-coder:7b,244160687984.0,None,0,None,0,0,0,None,0.388,0.492,196,164,6,0.837,0.031,/home/pbermejo/GeneticImprovement/magpie/_magpie_logs/pngOptim_1782188991_FOLD5.log,None
sat4j,LLMAlgorithm,50,1000,Perf<Cycles>,1,qwen2.5-coder:7b,76823518879.0,None,0,None,0,0,0,None,0.286,0.340,294,1,99,0.003,0.337,/home/pbermejo/GeneticImprovement/magpie/_magpie_logs/sat4j_1782183895_FOLD1.log,None
pngOptim,LLMAlgorithm,50,1000,Perf<Cycles>,3,llama3.2:3b,383135851774.0,None,0,None,0,0,0,None,0.430,0.507,539,0,490,0.0,0.909,/home/pbermejo/GeneticImprovement/magpie/_magpie_logs/pngOptim_1782172233_FOLD3.log,None
pngOptim,LLMAlgorithm,50,1000,Perf<Cycles>,5,llama3.1:8b,244157733383.0,None,0,None,0,0,0,None,0.430,0.460,49,14,0,0.286,0.0,/home/pbermejo/GeneticImprovement/magpie/_magpie_logs/pngOptim_1782198584_FOLD5.log,None
pngOptim,LLMAlgorithm,50,1000,Perf<Cycles>,4,llama3.2:3b,246417858725.0,None,0,None,0,0,0,None,0.426,0.518,882,229,441,0.26,0.5,/home/pbermejo/GeneticImprovement/magpie/_magpie_logs/pngOptim_1782172283_FOLD4.log,None
pngOptim,LLMAlgorithm,50,1000,Perf<Cycles>,2,llama3.2:3b,297481413884.0,None,0,None,0,0,0,None,0.393,0.445,539,99,196,0.184,0.364,/home/pbermejo/GeneticImprovement/magpie/_magpie_logs/pngOptim_1782172260_FOLD2.log,None
sat4j,LLMAlgorithm,50,1000,Perf<Cycles>,2,qwen2.5-coder:7b,79561710222.0,None,0,None,0,0,0,None,0.310,0.367,343,99,92,0.289,0.268,/home/pbermejo/GeneticImprovement/magpie/_magpie_logs/sat4j_1782184064_FOLD2.log,None
sat4j,LLMAlgorithm,50,1000,Perf<Cycles>,5,qwen2.5-coder:7b,44234756246.0,None,0,None,0,0,0,None,0.269,0.311,294,112,12,0.381,0.041,/home/pbermejo/GeneticImprovement/magpie/_magpie_logs/sat4j_1782184920_FOLD5.log,None
pngOptim,LLMAlgorithm,50,1000,Perf<Cycles>,2,llama3.1:8b,297395985006.0,None,0,None,0,0,0,None,0.380,0.420,0,0,0,0.0,0.0,/home/pbermejo/GeneticImprovement/magpie/_magpie_logs/pngOptim_1782197898_FOLD2.log,None
sat4j,LLMAlgorithm,50,1000,Perf<Cycles>,2,llama3.2:3b,77381842654.0,None,0,None,0,0,0,None,0.292,0.342,539,108,431,0.2,0.8,/home/pbermejo/GeneticImprovement/magpie/_magpie_logs/sat4j_1782170996_FOLD2.log,None
sat4j,LLMAlgorithm,50,750,Perf<Cycles>,1,llama3.1:8b,76103330444.0,None,0,None,0,0,0,None,0.463,0.511,588,41,0,0.07,0.0,/home/pbermejo/GeneticImprovement/magpie/_magpie_logs/sat4j_1782163770_FOLD1.log,None
sat4j,LLMAlgorithm,50,1000,Perf<Cycles>,4,llama3.2:3b,80324715418.0,None,0,None,0,0,0,None,0.275,0.328,539,29,490,0.054,0.909,/home/pbermejo/GeneticImprovement/magpie/_magpie_logs/sat4j_1782171570_FOLD4.log,None
sat4j,LLMAlgorithm,50,1000,Perf<Cycles>,4,qwen2.5-coder:7b,79549954257.0,None,0,None,0,0,0,None,0.233,0.285,343,154,49,0.449,0.143,/home/pbermejo/GeneticImprovement/magpie/_magpie_logs/sat4j_1782184415_FOLD4.log,None
sat4j,LLMAlgorithm,50,1000,Perf<Cycles>,3,llama3.2:3b,65575637605.0,None,0,None,0,0,0,None,0.310,0.367,539,267,198,0.495,0.367,/home/pbermejo/GeneticImprovement/magpie/_magpie_logs/sat4j_1782171217_FOLD3.log,None
sat4j,LLMAlgorithm,50,1000,Perf<Cycles>,3,qwen2.5-coder:7b,63142460125.0,None,0,None,0,0,0,None,0.275,0.302,343,105,45,0.306,0.131,/home/pbermejo/GeneticImprovement/magpie/_magpie_logs/sat4j_1782184188_FOLD3.log,None
pngOptim,LLMAlgorithm,50,1000,Perf<Cycles>,3,llama3.1:8b,383103709471.0,None,0,None,0,0,0,None,0.380,0.420,0,0,0,0.0,0.0,/home/pbermejo/GeneticImprovement/magpie/_magpie_logs/pngOptim_1782197996_FOLD3.log,None
pngOptim,LLMAlgorithm,50,1000,Perf<Cycles>,1,llama3.2:3b,371256503302.0,None,0,None,0,0,0,None,0.436,0.526,441,114,245,0.259,0.556,/home/pbermejo/GeneticImprovement/magpie/_magpie_logs/pngOptim_1782171885_FOLD1.log,None
pngOptim,LLMAlgorithm,50,750,Perf<Cycles>,3,qwen2.5-coder:7b,382873402735.0,141647726511.0,-63.004,2203506465.0,761823990.0,-65.427,1,712.6378666666666,0.460,0.539,686,427,47,0.622,0.069,/home/pbermejo/GeneticImprovement/magpie/_magpie_logs/pngOptim_1782159619_FOLD3.log,/home/pbermejo/GeneticImprovement/magpie/_magpie_logs/pngOptim_1782215652_FOLD3-val_1782159619_LLMAlgorithm_qwen2.5-coder:7b.log
pngOptim,LLMAlgorithm,50,750,Perf<Cycles>,1,llama3.1:8b,371369999993.0,None,0,None,0,0,0,None,0.445,0.538,490,273,0,0.557,0.0,/home/pbermejo/GeneticImprovement/magpie/_magpie_logs/pngOptim_1782165396_FOLD1.log,None
pngOptim,LLMAlgorithm,50,1000,Perf<Cycles>,1,qwen2.5-coder:7b,371322864706.0,None,0,None,0,0,0,None,0.432,0.512,343,218,10,0.636,0.029,/home/pbermejo/GeneticImprovement/magpie/_magpie_logs/pngOptim_1782184858_FOLD1.log,None
